caseyear,state,st_case,statename,ve_total,ve_forms,pvh_invl,peds,pernotmvit,permvit,persons,county,countyname,city,cityname,day,dayname,month,monthname,year,day_week,day_weekname,hour,hourname,minute,minutename,nhs,nhsname,rur_urb,rur_urbname,func_sys,func_sysname,rd_owner,rd_ownername,route,routename,tway_id,tway_id2,milept,mileptname,latitude,latitudename,longitud,longitudname,sp_jur,sp_jurname,harm_ev,harm_evname,man_coll,man_collname,reljct1,reljct1name,reljct2,reljct2name,typ_int,typ_intname,wrk_zone,wrk_zonename,road_fnc,road_fncname,rel_road,rel_roadname,lgt_cond,lgt_condname,weather1,weather1name,weather2,weather2name,weather,weathername,sch_bus,sch_busname,rail,railname,not_hour,not_hourname,not_min,not_minname,arr_hour,arr_hourname,arr_min,arr_minname,hosp_hr,hosp_hrname,hosp_mn,hosp_mnname,cf1,cf1name,cf2,cf2name,cf3,cf3name,fatals,drunk_dr
2018,26,260501,Michigan,5,5,0,0,0,5,5,161,WASHTENAW (161),150,ANN ARBOR,22,22,8,August,2018,4,Wednesday,16,4:00pm-4:59pm,40,40,1,This section IS ON the NHS,2,Urban,1,Interstate,1,State Highway Agency,1,Interstate,I-94,,210,210,42.24756944,42.24756944,-83.766188890,-83.766188890,0,No Special Jurisdiction,12,Motor Vehicle In-Transport,1,Front-to-Rear,0,No,1,Non-Junction,1,Not an Intersection,0,None,,,1,On Roadway,1,Daylight,1,Clear,0,No Additional Atmospheric Conditions,1,Clear,0,No,0000000,Not Applicable,99,Unknown,99,Unknown,99,Unknown EMS Scene Arrival Hour,99,Unknown EMS Scene Arrival Minutes,99,Unknown,99,Unknown EMS Hospital Arrival Time,28,Backup Due to Regular Congestion,0,None,0,None,1,0
2018,26,260502,Michigan,1,1,0,0,0,1,1,163,WAYNE (163),1260,DETROIT,24,24,8,August,2018,6,Friday,16,4:00pm-4:59pm,20,20,0,This section IS NOT on the NHS,2,Urban,4,Minor Arterial,4,City or Municipal Highway Agency,6,Local Street - Municipality,E GRAND BLVD,,46,46,42.37431111,42.37431111,-83.060261110,-83.060261110,0,No Special Jurisdiction,38,Fence,0,Not a Collision with Motor Vehicle In-Transport,0,No,1,Non-Junction,1,Not an Intersection,0,None,,,4,On Roadside,1,Daylight,10,Cloudy,0,No Additional Atmospheric Conditions,10,Cloudy,0,No,0000000,Not Applicable,99,Unknown,99,Unknown,99,Unknown EMS Scene Arrival Hour,99,Unknown EMS Scene Arrival Minutes,99,Unknown,99,Unknown EMS Hospital Arrival Time,99,Reported as Unknown,99,Reported as Unknown,99,Reported as Unknown,1,0
2018,26,260503,Michigan,1,1,0,0,0,4,4,81,KENT (81),0,NOT APPLICABLE,19,19,8,August,2018,1,Sunday,14,2:00pm-2:59pm,33,33,0,This section IS NOT on the NHS,1,Rural,4,Minor Arterial,2,County Highway Agency,4,County Road,CR-ALDEN NASH AVE,,15,15,42.90250556,42.90250556,-85.369983330,-85.369983330,0,No Special Jurisdiction,42,Tree (Standing Only),0,Not a Collision with Motor Vehicle In-Transport,0,No,1,Non-Junction,1,Not an Intersection,0,None,,,4,On Roadside,1,Daylight,10,Cloudy,0,No Additional Atmospheric Conditions,10,Cloudy,0,No,0000000,Not Applicable,14,2:00pm-2:59pm,35,35,14,2:00pm-2:59pm,45,45,99,Unknown,99,Unknown EMS Hospital Arrival Time,0,None,0,None,0,None,1,0
2018,26,260504,Michigan,2,2,0,0,0,2,2,133,OSCEOLA (133),0,NOT APPLICABLE,13,13,8,August,2018,2,Monday,14,2:00pm-2:59pm,42,42,0,This section IS NOT on the NHS,1,Rural,5,Major Collector,2,County Highway Agency,4,County Road,CR-MACKINAW TRL,20 MILE RD,69,69,44.10245556,44.10245556,-85.444166670,-85.444166670,0,No Special Jurisdiction,12,Motor Vehicle In-Transport,6,Angle,0,No,2,Intersection,2,Four-Way Intersection,0,None,,,1,On Roadway,1,Daylight,1,Clear,0,No Additional Atmospheric Conditions,1,Clear,0,No,0000000,Not Applicable,99,Unknown,99,Unknown,99,Unknown EMS Scene Arrival Hour,99,Unknown EMS Scene Arrival Minutes,88,Not Applicable (Not Transported),88,Not Applicable (Not Transported),99,Reported as Unknown,99,Reported as Unknown,99,Reported as Unknown,1,0
2018,26,260505,Michigan,1,1,0,1,1,1,1,99,MACOMB (99),924,CHESTERFIELD,16,16,8,August,2018,5,Thursday,0,0:00am-0:59am,16,16,1,This section IS ON the NHS,2,Urban,1,Interstate,1,State Highway Agency,1,Interstate,I-94,,205,205,42.70206389,42.70206389,-82.780747220,-82.780747220,0,No Special Jurisdiction,8,Pedestrian,0,Not a Collision with Motor Vehicle In-Transport,0,No,1,Non-Junction,1,Not an Intersection,0,None,,,1,On Roadway,2,Dark - Not Lighted,1,Clear,0,No Additional Atmospheric Conditions,1,Clear,0,No,0000000,Not Applicable,99,Unknown,99,Unknown,99,Unknown EMS Scene Arrival Hour,99,Unknown EMS Scene Arrival Minutes,99,Unknown,99,Unknown EMS Hospital Arrival Time,19,Recent/Previous Crash scene Nearby,0,None,0,None,1,0
2018,26,260506,Michigan,2,2,0,0,0,2,2,81,KENT (81),5319,WYOMING,12,12,8,August,2018,1,Sunday,23,11:00pm-11:59pm,6,6,1,This section IS ON the NHS,2,Urban,3,Principal Arterial - Other,1,State Highway Agency,3,State Highway,SR-I196BR CHICAGO DR SW,,50,50,42.93549722,42.93549722,-85.694647220,-85.694647220,0,No Special Jurisdiction,12,Motor Vehicle In-Transport,6,Angle,0,No,8,Driveway Access Related,1,Not an Intersection,0,None,,,1,On Roadway,3,Dark - Lighted,1,Clear,0,No Additional Atmospheric Conditions,1,Clear,0,No,0000000,Not Applicable,23,11:00pm-11:59pm,14,14,23,11:00pm-11:59pm,17,17,99,Unknown,99,Unknown EMS Hospital Arrival Time,0,None,0,None,0,None,1,2
2018,26,260507,Michigan,3,3,0,0,0,4,4,37,CLINTON (37),0,NOT APPLICABLE,20,20,8,August,2018,2,Monday,10,10:00am-10:59am,35,35,1,This section IS ON the NHS,1,Rural,1,Interstate,1,State Highway Agency,1,Interstate,I-96,,61,61,42.79849444,42.79849444,-84.722600000,-84.722600000,0,No Special Jurisdiction,12,Motor Vehicle In-Transport,1,Front-to-Rear,0,No,1,Non-Junction,1,Not an Intersection,0,None,,,1,On Roadway,1,Daylight,1,Clear,0,No Additional Atmospheric Conditions,1,Clear,0,No,0000000,Not Applicable,10,10:00am-10:59am,37,37,10,10:00am-10:59am,44,44,99,Unknown,99,Unknown EMS Hospital Arrival Time,26,Backup Due to Prior Non-Recurring Incident,0,None,0,None,1,0
2018,26,260508,Michigan,1,1,0,0,0,2,2,123,NEWAYGO (123),0,NOT APPLICABLE,5,5,8,August,2018,1,Sunday,18,6:00pm-6:59pm,10,10,0,This section IS NOT on the NHS,1,Rural,5,Major Collector,2,County Highway Agency,4,County Road,CR-112TH ST,,14,14,43.35220556,43.35220556,-85.990252780,-85.990252780,0,No Special Jurisdiction,1,Rollover/Overturn,0,Not a Collision with Motor Vehicle In-Transport,0,No,1,Non-Junction,1,Not an Intersection,0,None,,,1,On Roadway,1,Daylight,1,Clear,0,No Additional Atmospheric Conditions,1,Clear,0,No,0000000,Not Applicable,99,Unknown,99,Unknown,99,Unknown EMS Scene Arrival Hour,99,Unknown EMS Scene Arrival Minutes,99,Unknown,99,Unknown EMS Hospital Arrival Time,0,None,0,None,0,None,1,0
2018,26,260509,Michigan,1,1,0,0,0,2,2,31,CHEBOYGAN (31),0,NOT APPLICABLE,22,22,8,August,2018,4,Wednesday,23,11:00pm-11:59pm,45,45,0,This section IS NOT on the NHS,1,Rural,4,Minor Arterial,2,County Highway Agency,4,County Road,CR-STRAITS HWY,,26,26,45.44159722,45.44159722,-84.609608330,-84.609608330,0,No Special Jurisdiction,1,Rollover/Overturn,0,Not a Collision with Motor Vehicle In-Transport,0,No,1,Non-Junction,1,Not an Intersection,0,None,,,4,On Roadside,2,Dark - Not Lighted,1,Clear,0,No Additional Atmospheric Conditions,1,Clear,0,No,0000000,Not Applicable,23,11:00pm-11:59pm,48,48,23,11:00pm-11:59pm,54,54,99,Unknown,99,Unknown EMS Hospital Arrival Time,0,None,0,None,0,None,1,1
2018,26,260510,Michigan,2,2,0,0,0,3,3,111,MIDLAND (111),1486,EDENVILLE,23,23,8,August,2018,5,Thursday,19,7:00pm-7:59pm,11,11,0,This section IS NOT on the NHS,2,Urban,7,Local,2,County Highway Agency,4,County Road,CR-WATER RD,SHAFFER RD,26,26,43.75590278,43.75590278,-84.387530560,-84.387530560,0,No Special Jurisdiction,12,Motor Vehicle In-Transport,6,Angle,0,No,2,Intersection,3,T-Intersection,0,None,,,1,On Roadway,1,Daylight,1,Clear,0,No Additional Atmospheric Conditions,1,Clear,0,No,0000000,Not Applicable,19,7:00pm-7:59pm,13,13,19,7:00pm-7:59pm,19,19,99,Unknown,99,Unknown EMS Hospital Arrival Time,22,Speed Limit is a Statutory Limit as Recorded or was determined as this state`s `basic rule`,0,None,0,None,1,1
2018,26,260511,Michigan,1,1,0,1,1,1,1,163,WAYNE (163),1260,DETROIT,23,23,8,August,2018,5,Thursday,21,9:00pm-9:59pm,10,10,1,This section IS ON the NHS,2,Urban,3,Principal Arterial - Other,4,City or Municipal Highway Agency,6,Local Street - Municipality,7 MILE RD,,123,123,42.43066111,42.43066111,-83.191797220,-83.191797220,0,No Special Jurisdiction,15,Non-Motorist on Personal Conveyance,0,Not a Collision with Motor Vehicle In-Transport,0,No,1,Non-Junction,1,Not an Intersection,0,None,,,1,On Roadway,3,Dark - Lighted,1,Clear,0,No Additional Atmospheric Conditions,1,Clear,0,No,0000000,Not Applicable,99,Unknown,99,Unknown,99,Unknown EMS Scene Arrival Hour,99,Unknown EMS Scene Arrival Minutes,99,Unknown,99,Unknown EMS Hospital Arrival Time,0,None,0,None,0,None,1,0
2018,26,260512,Michigan,3,3,0,0,0,7,7,163,WAYNE (163),1260,DETROIT,19,19,8,August,2018,1,Sunday,11,11:00am-11:59am,45,45,1,This section IS ON the NHS,2,Urban,3,Principal Arterial - Other,1,State Highway Agency,2,U.S. Highway,US-12 MICHIGAN AVE,,37,37,42.33111667,42.33111667,-83.120150000,-83.120150000,0,No Special Jurisdiction,12,Motor Vehicle In-Transport,2,Front-to-Front,0,No,1,Non-Junction,1,Not an Intersection,0,None,,,1,On Roadway,1,Daylight,1,Clear,0,No Additional Atmospheric Conditions,1,Clear,0,No,0000000,Not Applicable,99,Unknown,99,Unknown,99,Unknown EMS Scene Arrival Hour,99,Unknown EMS Scene Arrival Minutes,99,Unknown,99,Unknown EMS Hospital Arrival Time,0,None,0,None,0,None,1,0
2018,26,260513,Michigan,1,1,0,1,1,1,1,91,LENAWEE (91),0,NOT APPLICABLE,18,18,5,May,2018,6,Friday,11,11:00am-11:59am,44,44,0,This section IS NOT on the NHS,2,Urban,7,Local,2,County Highway Agency,4,County Road,CR-SUTTON,,3,3,41.94808889,41.94808889,-83.998666670,-83.998666670,0,No Special Jurisdiction,9,Pedalcyclist,0,Not a Collision with Motor Vehicle In-Transport,0,No,16,Shared-Use Path Crossing,1,Not an Intersection,0,None,,,1,On Roadway,1,Daylight,1,Clear,0,No Additional Atmospheric Conditions,1,Clear,0,No,0000000,Not Applicable,99,Unknown,99,Unknown,99,Unknown EMS Scene Arrival Hour,99,Unknown EMS Scene Arrival Minutes,99,Unknown,99,Unknown EMS Hospital Arrival Time,0,None,0,None,0,None,1,0
2018,26,260514,Michigan,2,2,0,0,0,2,2,163,WAYNE (163),1260,DETROIT,26,26,8,August,2018,1,Sunday,21,9:00pm-9:59pm,50,50,1,This section IS ON the NHS,2,Urban,3,Principal Arterial - Other,1,State Highway Agency,3,State Highway,SR-96 GRAND RIVER AVE,WOODSIDE ST,74,74,42.36820833,42.36820833,-83.137680560,-83.137680560,0,No Special Jurisdiction,12,Motor Vehicle In-Transport,6,Angle,0,No,2,Intersection,3,T-Intersection,0,None,,,1,On Roadway,3,Dark - Lighted,1,Clear,0,No Additional Atmospheric Conditions,1,Clear,0,No,0000000,Not Applicable,99,Unknown,99,Unknown,99,Unknown EMS Scene Arrival Hour,99,Unknown EMS Scene Arrival Minutes,99,Unknown,99,Unknown EMS Hospital Arrival Time,0,None,0,None,0,None,1,0
2018,26,260515,Michigan,1,1,0,1,1,1,1,49,GENESEE (49),0,NOT APPLICABLE,2,2,6,June,2018,7,Saturday,3,3:00am-3:59am,0,0,1,This section IS ON the NHS,2,Urban,3,Principal Arterial - Other,2,County Highway Agency,4,County Road,CR-DAVISON RD,,71,71,43.03441111,43.03441111,-83.535688890,-83.535688890,0,No Special Jurisdiction,8,Pedestrian,0,Not a Collision with Motor Vehicle In-Transport,0,No,1,Non-Junction,1,Not an Intersection,0,None,,,1,On Roadway,2,Dark - Not Lighted,1,Clear,0,No Additional Atmospheric Conditions,1,Clear,0,No,0000000,Not Applicable,99,Unknown,99,Unknown,99,Unknown EMS Scene Arrival Hour,99,Unknown EMS Scene Arrival Minutes,99,Unknown,99,Unknown EMS Hospital Arrival Time,0,None,0,None,0,None,1,1
2018,26,260516,Michigan,2,1,1,0,0,3,3,163,WAYNE (163),1260,DETROIT,29,29,8,August,2018,4,Wednesday,2,2:00am-2:59am,50,50,0,This section IS NOT on the NHS,2,Urban,7,Local,4,City or Municipal Highway Agency,6,Local Street - Municipality,SAINT MARYS ST,,21,21,42.43285556,42.43285556,-83.207400000,-83.207400000,0,No Special Jurisdiction,14,Parked Motor Vehicle,0,Not a Collision with Motor Vehicle In-Transport,0,No,1,Non-Junction,1,Not an Intersection,0,None,,,7,In Parking Lane/Zone,3,Dark - Lighted,1,Clear,0,No Additional Atmospheric Conditions,1,Clear,0,No,0000000,Not Applicable,99,Unknown,99,Unknown,99,Unknown EMS Scene Arrival Hour,99,Unknown EMS Scene Arrival Minutes,99,Unknown,99,Unknown EMS Hospital Arrival Time,22,Speed Limit is a Statutory Limit as Recorded or was determined as this state`s `basic rule`,0,None,0,None,1,1
2018,26,260517,Michigan,2,2,0,0,0,3,3,81,KENT (81),2010,GRAND RAPIDS,2,2,7,July,2018,2,Monday,14,2:00pm-2:59pm,47,47,0,This section IS NOT on the NHS,2,Urban,4,Minor Arterial,4,City or Municipal Highway Agency,6,Local Street - Municipality,KNAPP ST NE,FULLER AVE NE,16,16,42.99895833,42.99895833,-85.639936110,-85.639936110,0,No Special Jurisdiction,12,Motor Vehicle In-Transport,6,Angle,0,No,2,Intersection,2,Four-Way Intersection,0,None,,,1,On Roadway,1,Daylight,1,Clear,0,No Additional Atmospheric Conditions,1,Clear,0,No,0000000,Not Applicable,14,2:00pm-2:59pm,47,47,14,2:00pm-2:59pm,52,52,99,Unknown,99,Unknown EMS Hospital Arrival Time,99,Reported as Unknown,99,Reported as Unknown,99,Reported as Unknown,1,0
2018,26,260518,Michigan,1,1,0,1,1,2,2,49,GENESEE (49),1931,GENESEE,13,13,8,August,2018,2,Monday,21,9:00pm-9:59pm,41,41,0,This section IS NOT on the NHS,2,Urban,7,Local,2,County Highway Agency,4,County Road,CR-CENTER RD,,85,85,43.05313889,43.05313889,-83.635822220,-83.635822220,0,No Special Jurisdiction,8,Pedestrian,0,Not a Collision with Motor Vehicle In-Transport,0,No,1,Non-Junction,1,Not an Intersection,0,None,,,1,On Roadway,3,Dark - Lighted,1,Clear,0,No Additional Atmospheric Conditions,1,Clear,0,No,0000000,Not Applicable,99,Unknown,99,Unknown,99,Unknown EMS Scene Arrival Hour,99,Unknown EMS Scene Arrival Minutes,88,Not Applicable (Not Transported),88,Not Applicable (Not Transported),99,Reported as Unknown,99,Reported as Unknown,99,Reported as Unknown,1,0
2018,26,260519,Michigan,1,1,0,1,1,3,3,105,MASON (105),2870,LUDINGTON,29,29,8,August,2018,4,Wednesday,18,6:00pm-6:59pm,30,30,9,Unknown if this section is on the NHS,2,Urban,3,Principal Arterial - Other,1,State Highway Agency,2,U.S. Highway,US-10 LUDINGTON AVE,JACKSON RD,11,11,43.95608056,43.95608056,-86.429677780,-86.429677780,0,No Special Jurisdiction,8,Pedestrian,0,Not a Collision with Motor Vehicle In-Transport,0,No,3,Intersection-Related,2,Four-Way Intersection,0,None,,,1,On Roadway,2,Dark - Not Lighted,1,Clear,0,No Additional Atmospheric Conditions,1,Clear,0,No,0000000,Not Applicable,99,Unknown,99,Unknown,99,Unknown EMS Scene Arrival Hour,99,Unknown EMS Scene Arrival Minutes,88,Not Applicable (Not Transported),88,Not Applicable (Not Transported),0,None,0,None,0,None,1,0
2018,26,260520,Michigan,3,3,0,0,0,4,4,93,LIVINGSTON (93),0,NOT APPLICABLE,28,28,7,July,2018,7,Saturday,16,4:00pm-4:59pm,30,30,0,This section IS NOT on the NHS,1,Rural,5,Major Collector,2,County Highway Agency,4,County Road,CR-GREGORY RD,,0,None,42.50361944,42.50361944,-84.087522220,-84.087522220,0,No Special Jurisdiction,12,Motor Vehicle In-Transport,6,Angle,0,No,1,Non-Junction,1,Not an Intersection,0,None,,,1,On Roadway,1,Daylight,1,Clear,0,No Additional Atmospheric Conditions,1,Clear,0,No,0000000,Not Applicable,99,Unknown,99,Unknown,99,Unknown EMS Scene Arrival Hour,99,Unknown EMS Scene Arrival Minutes,88,Not Applicable (Not Transported),88,Not Applicable (Not Transported),0,None,0,None,0,None,1,0
2018,26,260521,Michigan,2,2,0,0,0,3,3,77,KALAMAZOO (77),0,NOT APPLICABLE,29,29,7,July,2018,1,Sunday,15,3:00pm-3:59pm,45,45,0,This section IS NOT on the NHS,1,Rural,7,Local,2,County Highway Agency,4,County Road,CR-E 14TH ST,W XY AVE,10,10,42.09209444,42.09209444,-85.627025000,-85.627025000,0,No Special Jurisdiction,12,Motor Vehicle In-Transport,1,Front-to-Rear,0,No,3,Intersection-Related,2,Four-Way Intersection,0,None,,,1,On Roadway,1,Daylight,10,Cloudy,0,No Additional Atmospheric Conditions,10,Cloudy,0,No,0000000,Not Applicable,15,3:00pm-3:59pm,47,47,15,3:00pm-3:59pm,59,59,99,Unknown,99,Unknown EMS Hospital Arrival Time,20,Police Pursuit Involved,0,None,0,None,1,0
2018,26,260522,Michigan,1,1,0,0,0,1,1,163,WAYNE (163),4975,VAN BOWEN,10,10,7,July,2018,3,Tuesday,1,1:00am-1:59am,19,19,0,This section IS NOT on the NHS,2,Urban,4,Minor Arterial,2,County Highway Agency,4,County Road,CR-ECORSE RD,EDWARDS RD,2,2,42.24855278,42.24855278,-83.479766670,-83.479766670,0,No Special Jurisdiction,33,Curb,0,Not a Collision with Motor Vehicle In-Transport,0,No,1,Non-Junction,1,Not an Intersection,0,None,,,4,On Roadside,2,Dark - Not Lighted,1,Clear,0,No Additional Atmospheric Conditions,1,Clear,0,No,0000000,Not Applicable,99,Unknown,99,Unknown,99,Unknown EMS Scene Arrival Hour,99,Unknown EMS Scene Arrival Minutes,99,Unknown,99,Unknown EMS Hospital Arrival Time,0,None,0,None,0,None,1,0
2018,26,260523,Michigan,1,1,0,0,0,1,1,155,SHIAWASSEE (155),0,NOT APPLICABLE,12,12,8,August,2018,1,Sunday,8,8:00am-8:59am,0,0,0,This section IS NOT on the NHS,1,Rural,5,Major Collector,2,County Highway Agency,4,County Road,CR-BYRON RD,,5,5,42.78758611,42.78758611,-83.942594440,-83.942594440,0,No Special Jurisdiction,32,Culvert,0,Not a Collision with Motor Vehicle In-Transport,0,No,1,Non-Junction,1,Not an Intersection,0,None,,,4,On Roadside,2,Dark - Not Lighted,1,Clear,0,No Additional Atmospheric Conditions,1,Clear,0,No,0000000,Not Applicable,7,7:00am-7:59am,45,45,8,8:00am-8:59am,0,0,88,Not Applicable (Not Transported),88,Not Applicable (Not Transported),99,Reported as Unknown,99,Reported as Unknown,99,Reported as Unknown,1,1
2018,26,260524,Michigan,2,2,0,0,0,2,2,121,MUSKEGON (121),0,NOT APPLICABLE,9,9,8,August,2018,5,Thursday,13,1:00pm-1:59pm,45,45,0,This section IS NOT on the NHS,2,Urban,4,Minor Arterial,2,County Highway Agency,4,County Road,CR-EVANSTON AVE,,17,17,43.21246389,43.21246389,-86.161822220,-86.161822220,0,No Special Jurisdiction,12,Motor Vehicle In-Transport,2,Front-to-Front,0,No,8,Driveway Access Related,1,Not an Intersection,0,None,,,1,On Roadway,1,Daylight,1,Clear,0,No Additional Atmospheric Conditions,1,Clear,0,No,0000000,Not Applicable,13,1:00pm-1:59pm,47,47,13,1:00pm-1:59pm,56,56,99,Unknown,99,Unknown EMS Hospital Arrival Time,0,None,0,None,0,None,1,0
2018,26,260525,Michigan,2,2,0,0,0,6,6,163,WAYNE (163),1260,DETROIT,30,30,6,June,2018,7,Saturday,11,11:00am-11:59am,0,0,1,This section IS ON the NHS,2,Urban,3,Principal Arterial - Other,4,City or Municipal Highway Agency,6,Local Street - Municipality,EVERGREEN RD,WHITLOCK ST,22,22,42.33948333,42.33948333,-83.235241670,-83.235241670,0,No Special Jurisdiction,12,Motor Vehicle In-Transport,6,Angle,0,No,2,Intersection,2,Four-Way Intersection,0,None,,,1,On Roadway,1,Daylight,1,Clear,0,No Additional Atmospheric Conditions,1,Clear,0,No,0000000,Not Applicable,99,Unknown,99,Unknown,99,Unknown EMS Scene Arrival Hour,99,Unknown EMS Scene Arrival Minutes,99,Unknown,99,Unknown EMS Hospital Arrival Time,0,None,0,None,0,None,1,0
2018,26,260526,Michigan,1,1,0,0,0,1,1,59,HILLSDALE (59),0,NOT APPLICABLE,1,1,8,August,2018,4,Wednesday,2,2:00am-2:59am,30,30,0,This section IS NOT on the NHS,1,Rural,4,Minor Arterial,1,State Highway Agency,3,State Highway,SR-49 N EDON RD,,152,152,41.91314444,41.91314444,-84.748450000,-84.748450000,0,No Special Jurisdiction,42,Tree (Standing Only),0,Not a Collision with Motor Vehicle In-Transport,0,No,1,Non-Junction,1,Not an Intersection,0,None,,,4,On Roadside,2,Dark - Not Lighted,10,Cloudy,0,No Additional Atmospheric Conditions,10,Cloudy,0,No,0000000,Not Applicable,2,2:00am-2:59am,42,42,2,2:00am-2:59am,57,57,99,Unknown,99,Unknown EMS Hospital Arrival Time,99,Reported as Unknown,99,Reported as Unknown,99,Reported as Unknown,1,0
2018,26,260527,Michigan,2,2,0,0,0,5,5,77,KALAMAZOO (77),0,NOT APPLICABLE,17,17,8,August,2018,6,Friday,13,1:00pm-1:59pm,30,30,0,This section IS NOT on the NHS,2,Urban,4,Minor Arterial,2,County Highway Agency,4,County Road,CR-E G AVE,N 31ST,54,54,42.33269167,42.33269167,-85.463922220,-85.463922220,0,No Special Jurisdiction,12,Motor Vehicle In-Transport,6,Angle,0,No,2,Intersection,2,Four-Way Intersection,0,None,,,1,On Roadway,1,Daylight,10,Cloudy,0,No Additional Atmospheric Conditions,10,Cloudy,0,No,0000000,Not Applicable,13,1:00pm-1:59pm,33,33,13,1:00pm-1:59pm,35,35,99,Unknown,99,Unknown EMS Hospital Arrival Time,0,None,0,None,0,None,1,0
2018,26,260528,Michigan,1,1,0,1,1,1,1,5,ALLEGAN (5),5130,WAYLAND,6,6,7,July,2018,6,Friday,19,7:00pm-7:59pm,26,26,0,This section IS NOT on the NHS,2,Urban,7,Local,4,City or Municipal Highway Agency,6,Local Street - Municipality,VANCOUVER PL,,0,None,42.67998056,42.67998056,-85.659422220,-85.659422220,0,No Special Jurisdiction,9,Pedalcyclist,0,Not a Collision with Motor Vehicle In-Transport,0,No,8,Driveway Access Related,1,Not an Intersection,0,None,,,1,On Roadway,1,Daylight,1,Clear,0,No Additional Atmospheric Conditions,1,Clear,0,No,0000000,Not Applicable,99,Unknown,99,Unknown,99,Unknown EMS Scene Arrival Hour,99,Unknown EMS Scene Arrival Minutes,88,Not Applicable (Not Transported),88,Not Applicable (Not Transported),0,None,0,None,0,None,1,0
2018,26,260529,Michigan,2,2,0,0,0,2,2,77,KALAMAZOO (77),0,NOT APPLICABLE,26,26,7,July,2018,5,Thursday,18,6:00pm-6:59pm,18,18,0,This section IS NOT on the NHS,1,Rural,6,Minor Collector,2,County Highway Agency,4,County Road,CR-36TH ST,,74,74,42.21158333,42.21158333,-85.413083330,-85.413083330,0,No Special Jurisdiction,12,Motor Vehicle In-Transport,2,Front-to-Front,0,No,1,Non-Junction,1,Not an Intersection,0,None,,,1,On Roadway,1,Daylight,1,Clear,0,No Additional Atmospheric Conditions,1,Clear,0,No,0000000,Not Applicable,99,Unknown,99,Unknown,99,Unknown EMS Scene Arrival Hour,99,Unknown EMS Scene Arrival Minutes,99,Unknown,99,Unknown EMS Hospital Arrival Time,0,None,0,None,0,None,1,1
2018,26,260530,Michigan,2,2,0,0,0,3,3,125,OAKLAND (125),5113,WATERFORD,20,20,8,August,2018,2,Monday,17,5:00pm-5:59pm,56,56,0,This section IS NOT on the NHS,2,Urban,4,Minor Arterial,2,County Highway Agency,4,County Road,CR-ELIZABETH LAKE RD,,31,31,42.64430278,42.64430278,-83.385055560,-83.385055560,0,No Special Jurisdiction,1,Rollover/Overturn,0,Not a Collision with Motor Vehicle In-Transport,0,No,8,Driveway Access Related,1,Not an Intersection,0,None,,,1,On Roadway,1,Daylight,10,Cloudy,0,No Additional Atmospheric Conditions,10,Cloudy,0,No,0000000,Not Applicable,17,5:00pm-5:59pm,57,57,18,6:00pm-6:59pm,0,0,99,Unknown,99,Unknown EMS Hospital Arrival Time,0,None,0,None,0,None,1,0
2018,26,260531,Michigan,2,2,0,0,0,2,2,117,MONTCALM (117),2060,GREENVILLE,17,17,8,August,2018,6,Friday,12,12:00pm-12:59pm,25,25,0,This section IS NOT on the NHS,2,Urban,4,Minor Arterial,1,State Highway Agency,3,State Highway,SR-57 E WASHINGTON ST,,40,40,43.17261111,43.17261111,-85.235691670,-85.235691670,0,No Special Jurisdiction,12,Motor Vehicle In-Transport,6,Angle,0,No,1,Non-Junction,1,Not an Intersection,0,None,,,1,On Roadway,1,Daylight,10,Cloudy,0,No Additional Atmospheric Conditions,10,Cloudy,0,No,0000000,Not Applicable,12,12:00pm-12:59pm,25,25,12,12:00pm-12:59pm,29,29,99,Unknown,99,Unknown EMS Hospital Arrival Time,0,None,0,None,0,None,1,0
2018,26,260532,Michigan,3,3,0,0,0,3,3,151,SANILAC (151),0,NOT APPLICABLE,1,1,8,August,2018,4,Wednesday,16,4:00pm-4:59pm,40,40,0,This section IS NOT on the NHS,1,Rural,5,Major Collector,2,County Highway Agency,4,County Road,CR-DECKERVILLE RD,GERMANIA RD,48,48,43.51814167,43.51814167,-83.013441670,-83.013441670,0,No Special Jurisdiction,12,Motor Vehicle In-Transport,6,Angle,0,No,2,Intersection,2,Four-Way Intersection,0,None,,,1,On Roadway,1,Daylight,1,Clear,0,No Additional Atmospheric Conditions,1,Clear,0,No,0000000,Not Applicable,16,4:00pm-4:59pm,42,42,16,4:00pm-4:59pm,54,54,99,Unknown,99,Unknown EMS Hospital Arrival Time,22,Speed Limit is a Statutory Limit as Recorded or was determined as this state`s `basic rule`,0,None,0,None,1,0
2018,26,260533,Michigan,1,1,0,0,0,1,1,45,EATON (45),0,NOT APPLICABLE,22,22,8,August,2018,4,Wednesday,21,9:00pm-9:59pm,40,40,0,This section IS NOT on the NHS,2,Urban,4,Minor Arterial,2,County Highway Agency,4,County Road,CR-N CANAL RD,,121,121,42.71348056,42.71348056,-84.662050000,-84.662050000,0,No Special Jurisdiction,42,Tree (Standing Only),0,Not a Collision with Motor Vehicle In-Transport,0,No,1,Non-Junction,1,Not an Intersection,0,None,,,5,Outside Trafficway,2,Dark - Not Lighted,1,Clear,0,No Additional Atmospheric Conditions,1,Clear,0,No,0000000,Not Applicable,21,9:00pm-9:59pm,40,40,21,9:00pm-9:59pm,46,46,88,Not Applicable (Not Transported),88,Not Applicable (Not Transported),0,None,0,None,0,None,1,1