caseyear,state,st_case,statename,ve_total,ve_forms,pvh_invl,peds,pernotmvit,permvit,persons,county,countyname,city,cityname,day,dayname,month,monthname,year,day_week,day_weekname,hour,hourname,minute,minutename,nhs,nhsname,rur_urb,rur_urbname,func_sys,func_sysname,rd_owner,rd_ownername,route,routename,tway_id,tway_id2,milept,mileptname,latitude,latitudename,longitud,longitudname,sp_jur,sp_jurname,harm_ev,harm_evname,man_coll,man_collname,reljct1,reljct1name,reljct2,reljct2name,typ_int,typ_intname,wrk_zone,wrk_zonename,road_fnc,road_fncname,rel_road,rel_roadname,lgt_cond,lgt_condname,weather1,weather1name,weather2,weather2name,weather,weathername,sch_bus,sch_busname,rail,railname,not_hour,not_hourname,not_min,not_minname,arr_hour,arr_hourname,arr_min,arr_minname,hosp_hr,hosp_hrname,hosp_mn,hosp_mnname,cf1,cf1name,cf2,cf2name,cf3,cf3name,fatals,drunk_dr
2018,26,260600,Michigan,1,1,0,0,0,1,1,163,WAYNE (163),0,NOT APPLICABLE,16,16,9,September,2018,1,Sunday,14,2:00pm-2:59pm,21,21,0,This section IS NOT on the NHS,2,Urban,4,Minor Arterial,2,County Highway Agency,4,County Road,CR-WALTZ RD,,42,42,42.15281667,42.15281667,-83.403130560,-83.403130560,0,No Special Jurisdiction,32,Culvert,0,Not a Collision with Motor Vehicle In-Transport,0,No,1,Non-Junction,1,Not an Intersection,0,None,,,4,On Roadside,1,Daylight,1,Clear,0,No Additional Atmospheric Conditions,1,Clear,0,No,0000000,Not Applicable,14,2:00pm-2:59pm,23,23,14,2:00pm-2:59pm,32,32,88,Not Applicable (Not Transported),88,Not Applicable (Not Transported),0,None,0,None,0,None,1,0
2018,26,260601,Michigan,3,3,0,0,0,3,3,145,SAGINAW (145),0,NOT APPLICABLE,17,17,9,September,2018,2,Monday,15,3:00pm-3:59pm,59,59,0,This section IS NOT on the NHS,1,Rural,4,Minor Arterial,1,State Highway Agency,3,State Highway,SR-15 VASSAR RD,,35,35,43.44508611,43.44508611,-83.752236110,-83.752236110,0,No Special Jurisdiction,12,Motor Vehicle In-Transport,2,Front-to-Front,0,No,1,Non-Junction,1,Not an Intersection,0,None,,,1,On Roadway,1,Daylight,1,Clear,0,No Additional Atmospheric Conditions,1,Clear,0,No,0000000,Not Applicable,99,Unknown,99,Unknown,99,Unknown EMS Scene Arrival Hour,99,Unknown EMS Scene Arrival Minutes,99,Unknown,99,Unknown EMS Hospital Arrival Time,22,Speed Limit is a Statutory Limit as Recorded or was determined as this state`s `basic rule`,0,None,0,None,1,0
2018,26,260602,Michigan,2,2,0,0,0,2,2,161,WASHTENAW (161),0,NOT APPLICABLE,15,15,9,September,2018,7,Saturday,16,4:00pm-4:59pm,29,29,0,This section IS NOT on the NHS,1,Rural,5,Major Collector,2,County Highway Agency,4,County Road,CR-OLD US-12,,32,32,42.28783889,42.28783889,-84.076613890,-84.076613890,0,No Special Jurisdiction,12,Motor Vehicle In-Transport,8,Sideswipe - Opposite Direction,0,No,1,Non-Junction,1,Not an Intersection,0,None,,,1,On Roadway,1,Daylight,1,Clear,0,No Additional Atmospheric Conditions,1,Clear,0,No,0000000,Not Applicable,99,Unknown,99,Unknown,99,Unknown EMS Scene Arrival Hour,99,Unknown EMS Scene Arrival Minutes,88,Not Applicable (Not Transported),88,Not Applicable (Not Transported),0,None,0,None,0,None,1,1
2018,26,260603,Michigan,2,2,0,0,0,4,4,73,ISABELLA (73),0,NOT APPLICABLE,17,17,9,September,2018,2,Monday,11,11:00am-11:59am,17,17,0,This section IS NOT on the NHS,1,Rural,5,Major Collector,2,County Highway Agency,4,County Road,CR-E PERE MARQUETTE RD,E LEATON RD,9,9,43.80365833,43.80365833,-84.707216670,-84.707216670,0,No Special Jurisdiction,12,Motor Vehicle In-Transport,6,Angle,0,No,2,Intersection,2,Four-Way Intersection,0,None,,,1,On Roadway,1,Daylight,1,Clear,0,No Additional Atmospheric Conditions,1,Clear,0,No,0000000,Not Applicable,11,11:00am-11:59am,18,18,11,11:00am-11:59am,30,30,99,Unknown,99,Unknown EMS Hospital Arrival Time,0,None,0,None,0,None,2,0
2018,26,260604,Michigan,2,2,0,0,0,2,2,155,SHIAWASSEE (155),0,NOT APPLICABLE,19,19,9,September,2018,4,Wednesday,22,10:00pm-10:59pm,32,32,1,This section IS ON the NHS,1,Rural,1,Interstate,1,State Highway Agency,1,Interstate,I-69,,200,200,42.92178611,42.92178611,-84.020755560,-84.020755560,0,No Special Jurisdiction,12,Motor Vehicle In-Transport,7,Sideswipe - Same Direction,0,No,1,Non-Junction,1,Not an Intersection,0,None,,,1,On Roadway,2,Dark - Not Lighted,10,Cloudy,0,No Additional Atmospheric Conditions,10,Cloudy,0,No,0000000,Not Applicable,22,10:00pm-10:59pm,33,33,22,10:00pm-10:59pm,40,40,99,Unknown,99,Unknown EMS Hospital Arrival Time,0,None,0,None,0,None,1,1
2018,26,260605,Michigan,3,3,0,0,0,4,4,161,WASHTENAW (161),0,NOT APPLICABLE,15,15,9,September,2018,7,Saturday,17,5:00pm-5:59pm,57,57,0,This section IS NOT on the NHS,1,Rural,5,Major Collector,2,County Highway Agency,4,County Road,CR-STONY CREEK RD,,27,27,42.11400000,42.11400000,-83.715252780,-83.715252780,0,No Special Jurisdiction,12,Motor Vehicle In-Transport,2,Front-to-Front,0,No,1,Non-Junction,1,Not an Intersection,0,None,,,1,On Roadway,1,Daylight,1,Clear,0,No Additional Atmospheric Conditions,1,Clear,0,No,0000000,Not Applicable,18,6:00pm-6:59pm,0,0,18,6:00pm-6:59pm,12,12,99,Unknown,99,Unknown EMS Hospital Arrival Time,22,Speed Limit is a Statutory Limit as Recorded or was determined as this state`s `basic rule`,0,None,0,None,1,0
2018,26,260606,Michigan,1,1,0,1,1,1,1,27,CASS (27),0,NOT APPLICABLE,20,20,9,September,2018,5,Thursday,7,7:00am-7:59am,33,33,0,This section IS NOT on the NHS,2,Urban,4,Minor Arterial,1,State Highway Agency,2,U.S. Highway,US-12,,95,95,41.79861667,41.79861667,-86.065519440,-86.065519440,0,No Special Jurisdiction,9,Pedalcyclist,0,Not a Collision with Motor Vehicle In-Transport,0,No,1,Non-Junction,1,Not an Intersection,0,None,,,2,On Shoulder,4,Dawn,10,Cloudy,0,No Additional Atmospheric Conditions,10,Cloudy,0,No,0000000,Not Applicable,7,7:00am-7:59am,33,33,7,7:00am-7:59am,36,36,88,Not Applicable (Not Transported),88,Not Applicable (Not Transported),0,None,0,None,0,None,1,0
2018,26,260607,Michigan,1,1,0,0,0,1,1,135,OSCODA (135),1077,COMINS,21,21,9,September,2018,6,Friday,23,11:00pm-11:59pm,53,53,0,This section IS NOT on the NHS,1,Rural,5,Major Collector,2,County Highway Agency,4,County Road,CR-N MOUNT TOM RD,,175,175,44.75861389,44.75861389,-84.130894440,-84.130894440,0,No Special Jurisdiction,1,Rollover/Overturn,0,Not a Collision with Motor Vehicle In-Transport,0,No,1,Non-Junction,1,Not an Intersection,0,None,,,1,On Roadway,2,Dark - Not Lighted,1,Clear,0,No Additional Atmospheric Conditions,1,Clear,0,No,0000000,Not Applicable,23,11:00pm-11:59pm,54,54,0,0:00am-0:59am,5,5,99,Unknown,99,Unknown EMS Hospital Arrival Time,22,Speed Limit is a Statutory Limit as Recorded or was determined as this state`s `basic rule`,0,None,0,None,1,1
2018,26,260608,Michigan,1,1,0,0,0,1,1,5,ALLEGAN (5),0,NOT APPLICABLE,20,20,9,September,2018,5,Thursday,4,4:00am-4:59am,26,26,0,This section IS NOT on the NHS,1,Rural,6,Minor Collector,2,County Highway Agency,4,County Road,CR-PIERCE RD,,7,7,42.46512500,42.46512500,-85.577730560,-85.577730560,0,No Special Jurisdiction,42,Tree (Standing Only),0,Not a Collision with Motor Vehicle In-Transport,0,No,1,Non-Junction,1,Not an Intersection,0,None,,,4,On Roadside,2,Dark - Not Lighted,10,Cloudy,0,No Additional Atmospheric Conditions,10,Cloudy,0,No,0000000,Not Applicable,99,Unknown,99,Unknown,99,Unknown EMS Scene Arrival Hour,99,Unknown EMS Scene Arrival Minutes,88,Not Applicable (Not Transported),88,Not Applicable (Not Transported),99,Reported as Unknown,99,Reported as Unknown,99,Reported as Unknown,1,0
2018,26,260609,Michigan,2,2,0,0,0,2,2,27,CASS (27),0,NOT APPLICABLE,21,21,9,September,2018,6,Friday,1,1:00am-1:59am,42,42,0,This section IS NOT on the NHS,1,Rural,4,Minor Arterial,1,State Highway Agency,3,State Highway,SR-51,,37,37,42.02842222,42.02842222,-86.107608330,-86.107608330,0,No Special Jurisdiction,12,Motor Vehicle In-Transport,2,Front-to-Front,0,No,1,Non-Junction,1,Not an Intersection,0,None,,,1,On Roadway,2,Dark - Not Lighted,1,Clear,0,No Additional Atmospheric Conditions,1,Clear,0,No,0000000,Not Applicable,99,Unknown,99,Unknown,99,Unknown EMS Scene Arrival Hour,99,Unknown EMS Scene Arrival Minutes,99,Unknown,99,Unknown EMS Hospital Arrival Time,99,Reported as Unknown,99,Reported as Unknown,99,Reported as Unknown,1,0
2018,26,260610,Michigan,2,2,0,0,0,3,3,117,MONTCALM (117),4566,SIDNEY,22,22,9,September,2018,7,Saturday,21,9:00pm-9:59pm,31,31,0,This section IS NOT on the NHS,1,Rural,5,Major Collector,2,County Highway Agency,4,County Road,CR-510 SIDNEY RD,,66,66,43.25025000,43.25025000,-85.180425000,-85.180425000,0,No Special Jurisdiction,12,Motor Vehicle In-Transport,2,Front-to-Front,0,No,1,Non-Junction,1,Not an Intersection,0,None,,,1,On Roadway,2,Dark - Not Lighted,1,Clear,0,No Additional Atmospheric Conditions,1,Clear,0,No,0000000,Not Applicable,21,9:00pm-9:59pm,32,32,22,10:00pm-10:59pm,35,35,88,Not Applicable (Not Transported),88,Not Applicable (Not Transported),99,Reported as Unknown,99,Reported as Unknown,99,Reported as Unknown,1,0
2018,26,260611,Michigan,1,1,0,0,0,1,1,83,KEWEENAW (83),0,NOT APPLICABLE,19,19,9,September,2018,4,Wednesday,19,7:00pm-7:59pm,37,37,0,This section IS NOT on the NHS,1,Rural,5,Major Collector,2,County Highway Agency,4,County Road,CR-AHMEEK ST,,4,4,47.29021389,47.29021389,-88.387700000,-88.387700000,0,No Special Jurisdiction,42,Tree (Standing Only),0,Not a Collision with Motor Vehicle In-Transport,0,No,1,Non-Junction,1,Not an Intersection,0,None,,,4,On Roadside,1,Daylight,10,Cloudy,0,No Additional Atmospheric Conditions,10,Cloudy,0,No,0000000,Not Applicable,19,7:00pm-7:59pm,39,39,19,7:00pm-7:59pm,53,53,88,Not Applicable (Not Transported),88,Not Applicable (Not Transported),22,Speed Limit is a Statutory Limit as Recorded or was determined as this state`s `basic rule`,0,None,0,None,1,1
2018,26,260612,Michigan,1,1,0,2,2,1,1,101,MANISTEE (101),340,BEAR LAKE,25,25,9,September,2018,3,Tuesday,15,3:00pm-3:59pm,25,25,1,This section IS ON the NHS,1,Rural,3,Principal Arterial - Other,1,State Highway Agency,2,U.S. Highway,US-31 LAKE ST,,222,222,44.42568889,44.42568889,-86.141377780,-86.141377780,0,No Special Jurisdiction,8,Pedestrian,0,Not a Collision with Motor Vehicle In-Transport,0,No,1,Non-Junction,1,Not an Intersection,4,"Work Zone, Type Unknown",,,4,On Roadside,1,Daylight,10,Cloudy,0,No Additional Atmospheric Conditions,10,Cloudy,0,No,0000000,Not Applicable,99,Unknown,99,Unknown,99,Unknown EMS Scene Arrival Hour,99,Unknown EMS Scene Arrival Minutes,99,Unknown,99,Unknown EMS Hospital Arrival Time,24,Unstabilized Situation Began and All Harmful Events Occurred Off of the Roadway,0,None,0,None,1,0
2018,26,260613,Michigan,3,3,0,0,0,4,4,49,GENESEE (49),0,NOT APPLICABLE,9,9,9,September,2018,1,Sunday,12,12:00pm-12:59pm,48,48,1,This section IS ON the NHS,2,Urban,1,Interstate,1,State Highway Agency,1,Interstate,I-75,,3,3,43.06345833,43.06345833,-83.762366670,-83.762366670,0,No Special Jurisdiction,12,Motor Vehicle In-Transport,1,Front-to-Rear,1,Yes,18,Through Roadway,1,Not an Intersection,0,None,,,1,On Roadway,1,Daylight,1,Clear,0,No Additional Atmospheric Conditions,1,Clear,0,No,0000000,Not Applicable,99,Unknown,99,Unknown,99,Unknown EMS Scene Arrival Hour,99,Unknown EMS Scene Arrival Minutes,99,Unknown,99,Unknown EMS Hospital Arrival Time,26,Backup Due to Prior Non-Recurring Incident,0,None,0,None,1,0
2018,26,260614,Michigan,2,2,0,0,0,5,5,157,TUSCOLA (157),0,NOT APPLICABLE,26,26,9,September,2018,4,Wednesday,6,6:00am-6:59am,1,1,1,This section IS ON the NHS,1,Rural,3,Principal Arterial - Other,1,State Highway Agency,3,State Highway,SR-25 BAY CITY FORESTVILLE RD,,44,44,43.60143611,43.60143611,-83.619430560,-83.619430560,0,No Special Jurisdiction,12,Motor Vehicle In-Transport,6,Angle,0,No,8,Driveway Access Related,1,Not an Intersection,0,None,,,1,On Roadway,2,Dark - Not Lighted,2,Rain,0,No Additional Atmospheric Conditions,2,Rain,0,No,0000000,Not Applicable,6,6:00am-6:59am,2,2,6,6:00am-6:59am,15,15,99,Unknown,99,Unknown EMS Hospital Arrival Time,0,None,0,None,0,None,1,0
2018,26,260615,Michigan,2,2,0,0,0,2,2,163,WAYNE (163),4166,REDFORD TOWNSHIP,25,25,9,September,2018,3,Tuesday,9,9:00am-9:59am,8,8,1,This section IS ON the NHS,2,Urban,3,Principal Arterial - Other,1,State Highway Agency,2,U.S. Highway,US-24 TELEGRAPH RD,,146,146,42.40061667,42.40061667,-83.276894440,-83.276894440,0,No Special Jurisdiction,12,Motor Vehicle In-Transport,6,Angle,0,No,7,Crossover-Related,1,Not an Intersection,0,None,,,1,On Roadway,1,Daylight,2,Rain,0,No Additional Atmospheric Conditions,2,Rain,0,No,0000000,Not Applicable,9,9:00am-9:59am,12,12,9,9:00am-9:59am,17,17,99,Unknown,99,Unknown EMS Hospital Arrival Time,0,None,0,None,0,None,1,0
2018,26,260616,Michigan,1,1,0,0,0,3,3,155,SHIAWASSEE (155),0,NOT APPLICABLE,30,30,9,September,2018,1,Sunday,4,4:00am-4:59am,50,50,1,This section IS ON the NHS,1,Rural,1,Interstate,1,State Highway Agency,1,Interstate,I-69,,120,120,42.86445833,42.86445833,-84.151950000,-84.151950000,0,No Special Jurisdiction,1,Rollover/Overturn,0,Not a Collision with Motor Vehicle In-Transport,0,No,1,Non-Junction,1,Not an Intersection,0,None,,,3,On Median,2,Dark - Not Lighted,2,Rain,0,No Additional Atmospheric Conditions,2,Rain,0,No,0000000,Not Applicable,4,4:00am-4:59am,54,54,5,5:00am-5:59am,11,11,99,Unknown,99,Unknown EMS Hospital Arrival Time,0,None,0,None,0,None,1,1
2018,26,260617,Michigan,2,2,0,0,0,6,6,21,BERRIEN (21),0,NOT APPLICABLE,9,9,9,September,2018,1,Sunday,3,3:00am-3:59am,16,16,1,This section IS ON the NHS,2,Urban,1,Interstate,1,State Highway Agency,1,Interstate,I-94,,333,333,42.12641944,42.12641944,-86.380066670,-86.380066670,0,No Special Jurisdiction,12,Motor Vehicle In-Transport,1,Front-to-Rear,0,No,1,Non-Junction,1,Not an Intersection,0,None,,,1,On Roadway,2,Dark - Not Lighted,10,Cloudy,0,No Additional Atmospheric Conditions,10,Cloudy,0,No,0000000,Not Applicable,99,Unknown,99,Unknown,99,Unknown EMS Scene Arrival Hour,99,Unknown EMS Scene Arrival Minutes,99,Unknown,99,Unknown EMS Hospital Arrival Time,0,None,0,None,0,None,1,1
2018,26,260618,Michigan,2,2,0,0,0,2,2,145,SAGINAW (145),0,NOT APPLICABLE,25,25,9,September,2018,3,Tuesday,9,9:00am-9:59am,48,48,0,This section IS NOT on the NHS,1,Rural,7,Local,2,County Highway Agency,4,County Road,CR-GARY RD,S HEMLOCK RD,71,71,43.21523611,43.21523611,-84.228363890,-84.228363890,0,No Special Jurisdiction,12,Motor Vehicle In-Transport,6,Angle,0,No,2,Intersection,2,Four-Way Intersection,0,None,,,1,On Roadway,1,Daylight,10,Cloudy,0,No Additional Atmospheric Conditions,10,Cloudy,0,No,0000000,Not Applicable,99,Unknown,99,Unknown,99,Unknown EMS Scene Arrival Hour,99,Unknown EMS Scene Arrival Minutes,88,Not Applicable (Not Transported),88,Not Applicable (Not Transported),0,None,0,None,0,None,1,1
2018,26,260619,Michigan,1,1,0,1,1,1,1,145,SAGINAW (145),0,NOT APPLICABLE,12,12,9,September,2018,4,Wednesday,23,11:00pm-11:59pm,58,58,1,This section IS ON the NHS,2,Urban,3,Principal Arterial - Other,1,State Highway Agency,3,State Highway,SR-47 MIDLAND RD,TITTABAWASSEE RD,55,55,43.48129444,43.48129444,-84.091200000,-84.091200000,0,No Special Jurisdiction,9,Pedalcyclist,0,Not a Collision with Motor Vehicle In-Transport,0,No,2,Intersection,2,Four-Way Intersection,0,None,,,1,On Roadway,2,Dark - Not Lighted,1,Clear,0,No Additional Atmospheric Conditions,1,Clear,0,No,0000000,Not Applicable,23,11:00pm-11:59pm,57,57,23,11:00pm-11:59pm,59,59,88,Not Applicable (Not Transported),88,Not Applicable (Not Transported),0,None,0,None,0,None,1,0
2018,26,260620,Michigan,1,1,0,0,0,1,1,81,KENT (81),5319,WYOMING,28,28,9,September,2018,6,Friday,0,0:00am-0:59am,7,7,0,This section IS NOT on the NHS,2,Urban,4,Minor Arterial,4,City or Municipal Highway Agency,6,Local Street - Municipality,CLYDE PARK AVE SW,,65,65,42.86279722,42.86279722,-85.683936110,-85.683936110,0,No Special Jurisdiction,42,Tree (Standing Only),0,Not a Collision with Motor Vehicle In-Transport,0,No,1,Non-Junction,1,Not an Intersection,0,None,,,4,On Roadside,3,Dark - Lighted,1,Clear,0,No Additional Atmospheric Conditions,1,Clear,0,No,0000000,Not Applicable,0,0:00am-0:59am,8,8,0,0:00am-0:59am,16,16,88,Not Applicable (Not Transported),88,Not Applicable (Not Transported),99,Reported as Unknown,99,Reported as Unknown,99,Reported as Unknown,1,1
2018,26,260621,Michigan,1,1,0,0,0,1,1,37,CLINTON (37),0,NOT APPLICABLE,9,9,9,September,2018,1,Sunday,11,11:00am-11:59am,40,40,0,This section IS NOT on the NHS,1,Rural,6,Minor Collector,2,County Highway Agency,4,County Road,CR-CHANDLER RD,,60,60,42.97970556,42.97970556,-84.483863890,-84.483863890,0,No Special Jurisdiction,42,Tree (Standing Only),0,Not a Collision with Motor Vehicle In-Transport,0,No,1,Non-Junction,1,Not an Intersection,0,None,,,4,On Roadside,1,Daylight,1,Clear,0,No Additional Atmospheric Conditions,1,Clear,0,No,0000000,Not Applicable,99,Unknown,99,Unknown,99,Unknown EMS Scene Arrival Hour,99,Unknown EMS Scene Arrival Minutes,88,Not Applicable (Not Transported),88,Not Applicable (Not Transported),22,Speed Limit is a Statutory Limit as Recorded or was determined as this state`s `basic rule`,0,None,0,None,1,0
2018,26,260622,Michigan,2,2,0,0,0,3,3,125,OAKLAND (125),0,NOT APPLICABLE,29,29,9,September,2018,7,Saturday,14,2:00pm-2:59pm,50,50,1,This section IS ON the NHS,2,Urban,1,Interstate,1,State Highway Agency,1,Interstate,I-96,,51,51,42.50752222,42.50752222,-83.575375000,-83.575375000,0,No Special Jurisdiction,35,Embankment,0,Not a Collision with Motor Vehicle In-Transport,0,No,1,Non-Junction,1,Not an Intersection,0,None,,,4,On Roadside,1,Daylight,1,Clear,0,No Additional Atmospheric Conditions,1,Clear,0,No,0000000,Not Applicable,99,Unknown,99,Unknown,99,Unknown EMS Scene Arrival Hour,99,Unknown EMS Scene Arrival Minutes,88,Not Applicable (Not Transported),88,Not Applicable (Not Transported),14,"Motor Vehicle struck by falling cargo,or something that came loose from or something that was set in motion by a vehicle",0,None,0,None,1,0
2018,26,260623,Michigan,1,1,0,0,0,1,1,15,BARRY (15),0,NOT APPLICABLE,15,15,9,September,2018,7,Saturday,11,11:00am-11:59am,38,38,0,This section IS NOT on the NHS,1,Rural,4,Minor Arterial,1,State Highway Agency,3,State Highway,SR-179,,19,19,42.63423056,42.63423056,-85.505869440,-85.505869440,0,No Special Jurisdiction,1,Rollover/Overturn,0,Not a Collision with Motor Vehicle In-Transport,0,No,1,Non-Junction,1,Not an Intersection,0,None,,,4,On Roadside,1,Daylight,1,Clear,0,No Additional Atmospheric Conditions,1,Clear,0,No,0000000,Not Applicable,99,Unknown,99,Unknown,99,Unknown EMS Scene Arrival Hour,99,Unknown EMS Scene Arrival Minutes,88,Not Applicable (Not Transported),88,Not Applicable (Not Transported),99,Reported as Unknown,99,Reported as Unknown,99,Reported as Unknown,1,0
2018,26,260624,Michigan,1,1,0,0,0,1,1,163,WAYNE (163),1260,DETROIT,13,13,9,September,2018,5,Thursday,17,5:00pm-5:59pm,30,30,0,This section IS NOT on the NHS,2,Urban,7,Local,4,City or Municipal Highway Agency,6,Local Street - Municipality,EMERY ST,,10,10,42.43553611,42.43553611,-83.073219440,-83.073219440,0,No Special Jurisdiction,42,Tree (Standing Only),0,Not a Collision with Motor Vehicle In-Transport,0,No,1,Non-Junction,1,Not an Intersection,0,None,,,4,On Roadside,1,Daylight,1,Clear,0,No Additional Atmospheric Conditions,1,Clear,0,No,0000000,Not Applicable,99,Unknown,99,Unknown,99,Unknown EMS Scene Arrival Hour,99,Unknown EMS Scene Arrival Minutes,99,Unknown,99,Unknown EMS Hospital Arrival Time,99,Reported as Unknown,99,Reported as Unknown,99,Reported as Unknown,1,1
2018,26,260625,Michigan,1,1,0,1,1,1,1,21,BERRIEN (21),0,NOT APPLICABLE,15,15,9,September,2018,7,Saturday,16,4:00pm-4:59pm,12,12,0,This section IS NOT on the NHS,1,Rural,5,Major Collector,2,County Highway Agency,4,County Road,CR-POKAGON RD,,21,21,41.93298333,41.93298333,-86.282072220,-86.282072220,0,No Special Jurisdiction,9,Pedalcyclist,0,Not a Collision with Motor Vehicle In-Transport,0,No,1,Non-Junction,1,Not an Intersection,0,None,,,2,On Shoulder,1,Daylight,1,Clear,0,No Additional Atmospheric Conditions,1,Clear,0,No,0000000,Not Applicable,99,Unknown,99,Unknown,99,Unknown EMS Scene Arrival Hour,99,Unknown EMS Scene Arrival Minutes,88,Not Applicable (Not Transported),88,Not Applicable (Not Transported),0,None,0,None,0,None,1,1
2018,26,260626,Michigan,2,2,0,0,0,2,2,163,WAYNE (163),1260,DETROIT,30,30,9,September,2018,1,Sunday,3,3:00am-3:59am,46,46,0,This section IS NOT on the NHS,2,Urban,7,Local,4,City or Municipal Highway Agency,6,Local Street - Municipality,FLEMING ST,,0,None,42.41878889,42.41878889,-83.079180560,-83.079180560,0,No Special Jurisdiction,12,Motor Vehicle In-Transport,99,Reported as Unknown,0,No,1,Non-Junction,1,Not an Intersection,0,None,,,1,On Roadway,3,Dark - Lighted,2,Rain,0,No Additional Atmospheric Conditions,2,Rain,0,No,0000000,Not Applicable,99,Unknown,99,Unknown,99,Unknown EMS Scene Arrival Hour,99,Unknown EMS Scene Arrival Minutes,88,Not Applicable (Not Transported),88,Not Applicable (Not Transported),99,Reported as Unknown,99,Reported as Unknown,99,Reported as Unknown,1,2
2018,26,260627,Michigan,2,2,0,0,0,3,3,81,KENT (81),2553,KENTWOOD,19,19,9,September,2018,4,Wednesday,14,2:00pm-2:59pm,5,5,1,This section IS ON the NHS,2,Urban,3,Principal Arterial - Other,1,State Highway Agency,3,State Highway,SR-11 28TH ST SE,RADCLIFF AVE SE,155,155,42.91255000,42.91255000,-85.592208330,-85.592208330,0,No Special Jurisdiction,12,Motor Vehicle In-Transport,1,Front-to-Rear,0,No,3,Intersection-Related,2,Four-Way Intersection,0,None,,,1,On Roadway,1,Daylight,10,Cloudy,0,No Additional Atmospheric Conditions,10,Cloudy,0,No,0000000,Not Applicable,13,1:00pm-1:59pm,51,51,14,2:00pm-2:59pm,3,3,99,Unknown,99,Unknown EMS Hospital Arrival Time,19,Recent/Previous Crash scene Nearby,0,None,0,None,1,0
2018,26,260628,Michigan,1,1,0,0,0,1,1,115,MONROE (115),0,NOT APPLICABLE,16,16,9,September,2018,1,Sunday,18,6:00pm-6:59pm,30,30,0,This section IS NOT on the NHS,2,Urban,4,Minor Arterial,2,County Highway Agency,4,County Road,CR-DIXIE HWY,,64,64,41.96645278,41.96645278,-83.290713890,-83.290713890,0,No Special Jurisdiction,34,Ditch,0,Not a Collision with Motor Vehicle In-Transport,0,No,1,Non-Junction,1,Not an Intersection,0,None,,,4,On Roadside,1,Daylight,1,Clear,0,No Additional Atmospheric Conditions,1,Clear,0,No,0000000,Not Applicable,99,Unknown,99,Unknown,99,Unknown EMS Scene Arrival Hour,99,Unknown EMS Scene Arrival Minutes,99,Unknown,99,Unknown EMS Hospital Arrival Time,0,None,0,None,0,None,1,1
2018,26,260629,Michigan,2,2,0,0,0,3,3,87,LAPEER (87),0,NOT APPLICABLE,15,15,9,September,2018,7,Saturday,12,12:00pm-12:59pm,26,26,0,This section IS NOT on the NHS,1,Rural,4,Minor Arterial,1,State Highway Agency,3,State Highway,SR-24 LAPEER RD,BARNES RD,214,214,43.19011111,43.19011111,-83.312580560,-83.312580560,0,No Special Jurisdiction,12,Motor Vehicle In-Transport,6,Angle,0,No,2,Intersection,2,Four-Way Intersection,0,None,,,1,On Roadway,1,Daylight,1,Clear,0,No Additional Atmospheric Conditions,1,Clear,0,No,0000000,Not Applicable,99,Unknown,99,Unknown,99,Unknown EMS Scene Arrival Hour,99,Unknown EMS Scene Arrival Minutes,99,Unknown,99,Unknown EMS Hospital Arrival Time,0,None,0,None,0,None,1,1
2018,26,260630,Michigan,2,2,0,0,0,2,2,81,KENT (81),785,CASCADE,17,17,9,September,2018,2,Monday,7,7:00am-7:59am,22,22,0,This section IS NOT on the NHS,2,Urban,7,Local,2,County Highway Agency,4,County Road,CR-KRAFT AVE,,25,25,42.87368889,42.87368889,-85.528263890,-85.528263890,0,No Special Jurisdiction,12,Motor Vehicle In-Transport,2,Front-to-Front,0,No,1,Non-Junction,1,Not an Intersection,0,None,,,1,On Roadway,1,Daylight,1,Clear,0,No Additional Atmospheric Conditions,1,Clear,0,No,0000000,Not Applicable,7,7:00am-7:59am,23,23,7,7:00am-7:59am,31,31,88,Not Applicable (Not Transported),88,Not Applicable (Not Transported),22,Speed Limit is a Statutory Limit as Recorded or was determined as this state`s `basic rule`,0,None,0,None,1,0
2018,26,260631,Michigan,2,2,0,1,1,2,2,75,JACKSON (75),0,NOT APPLICABLE,18,18,9,September,2018,3,Tuesday,7,7:00am-7:59am,49,49,0,This section IS NOT on the NHS,1,Rural,7,Local,2,County Highway Agency,4,County Road,CR-RIVERSIDE RD,,22,22,42.11714722,42.11714722,-84.258291670,-84.258291670,0,No Special Jurisdiction,8,Pedestrian,0,Not a Collision with Motor Vehicle In-Transport,0,No,1,Non-Junction,1,Not an Intersection,0,None,,,1,On Roadway,1,Daylight,1,Clear,0,No Additional Atmospheric Conditions,1,Clear,0,No,0000000,Not Applicable,7,7:00am-7:59am,49,49,8,8:00am-8:59am,0,0,99,Unknown,99,Unknown EMS Hospital Arrival Time,0,None,0,None,0,None,1,0