caseyear,state,st_case,statename,ve_total,ve_forms,pvh_invl,peds,pernotmvit,permvit,persons,county,countyname,city,cityname,day,dayname,month,monthname,year,day_week,day_weekname,hour,hourname,minute,minutename,nhs,nhsname,rur_urb,rur_urbname,func_sys,func_sysname,rd_owner,rd_ownername,route,routename,tway_id,tway_id2,milept,mileptname,latitude,latitudename,longitud,longitudname,sp_jur,sp_jurname,harm_ev,harm_evname,man_coll,man_collname,reljct1,reljct1name,reljct2,reljct2name,typ_int,typ_intname,wrk_zone,wrk_zonename,road_fnc,road_fncname,rel_road,rel_roadname,lgt_cond,lgt_condname,weather1,weather1name,weather2,weather2name,weather,weathername,sch_bus,sch_busname,rail,railname,not_hour,not_hourname,not_min,not_minname,arr_hour,arr_hourname,arr_min,arr_minname,hosp_hr,hosp_hrname,hosp_mn,hosp_mnname,cf1,cf1name,cf2,cf2name,cf3,cf3name,fatals,drunk_dr
2019,26,260201,Michigan,1,1,0,1,1,1,1,93,LIVINGSTON (93),0,NOT APPLICABLE,24,24,4,April,2019,4,Wednesday,16,4:00pm-4:59pm,27,27,0,This section IS NOT on the NHS,2,Urban,98,Not Reported,2,County Highway Agency,4,County Road,CR-ISLAND LAKE REC AREA ACCESS,,6,6,42.51086944,42.51086944,-83.675897220,-83.675897220,0,No Special Jurisdiction,9,Pedalcyclist,0,The First Harmful Event was Not a Collision with a Motor Vehicle in Transport,0,No,8,Driveway Access Related,1,Not an Intersection,0,None,,,1,On Roadway,1,Daylight,1,Clear,0,No Additional Atmospheric Conditions,1,Clear,0,No,0000000,Not Applicable,99,Unknown,99,Unknown,99,Unknown EMS Scene Arrival Hour,99,Unknown EMS Scene Arrival Minutes,99,Unknown,99,Unknown EMS Hospital Arrival Time,0,None,0,None,0,None,1,0
2019,26,260202,Michigan,2,2,0,0,0,4,4,81,KENT (81),0,NOT APPLICABLE,22,22,4,April,2019,2,Monday,17,5:00pm-5:59pm,55,55,0,This section IS NOT on the NHS,2,Urban,7,Local,2,County Highway Agency,4,County Road,CR-13 MILE RD,TEFFT AVE,136,136,43.16109444,43.16109444,-85.520541670,-85.520541670,0,No Special Jurisdiction,12,Motor Vehicle In-Transport,6,Angle,0,No,2,Intersection,2,Four-Way Intersection,0,None,,,1,On Roadway,1,Daylight,1,Clear,0,No Additional Atmospheric Conditions,1,Clear,0,No,0000000,Not Applicable,99,Unknown,99,Unknown,99,Unknown EMS Scene Arrival Hour,99,Unknown EMS Scene Arrival Minutes,99,Unknown,99,Unknown EMS Hospital Arrival Time,0,None,0,None,0,None,1,0
2019,26,260203,Michigan,1,1,0,0,0,1,1,121,MUSKEGON (121),0,NOT APPLICABLE,28,28,4,April,2019,1,Sunday,21,9:00pm-9:59pm,20,20,1,This section IS ON the NHS,2,Urban,2,Principal Arterial - Other Freeways and Expressways,1,State Highway Agency,2,U.S. Highway,US-31,,16,16,43.43627222,43.43627222,-86.337611110,-86.337611110,0,No Special Jurisdiction,1,Rollover/Overturn,0,The First Harmful Event was Not a Collision with a Motor Vehicle in Transport,0,No,1,Non-Junction,1,Not an Intersection,0,None,,,3,On Median,2,Dark - Not Lighted,1,Clear,0,No Additional Atmospheric Conditions,1,Clear,0,No,0000000,Not Applicable,99,Unknown,99,Unknown,99,Unknown EMS Scene Arrival Hour,99,Unknown EMS Scene Arrival Minutes,88,Not Applicable (Not Transported),88,Not Applicable (Not Transported),0,None,0,None,0,None,1,1
2019,26,260204,Michigan,2,2,0,0,0,2,2,49,GENESEE (49),1731,FLINT TOWNSHIP,5,5,4,April,2019,6,Friday,17,5:00pm-5:59pm,45,45,0,This section IS NOT on the NHS,2,Urban,3,Principal Arterial - Other,2,County Highway Agency,4,County Road,CR-BRISTOL RD,NONE,3,3,42.97410833,42.97410833,-83.750363890,-83.750363890,0,No Special Jurisdiction,12,Motor Vehicle In-Transport,1,Front-to-Rear,0,No,3,Intersection-Related,2,Four-Way Intersection,0,None,,,1,On Roadway,1,Daylight,1,Clear,0,No Additional Atmospheric Conditions,1,Clear,0,No,0000000,Not Applicable,99,Unknown,99,Unknown,99,Unknown EMS Scene Arrival Hour,99,Unknown EMS Scene Arrival Minutes,88,Not Applicable (Not Transported),88,Not Applicable (Not Transported),0,None,0,None,0,None,1,0
2019,26,260205,Michigan,2,2,0,0,0,2,2,161,WASHTENAW (161),0,NOT APPLICABLE,13,13,4,April,2019,7,Saturday,20,8:00pm-8:59pm,41,41,0,This section IS NOT on the NHS,2,Urban,5,Major Collector,2,County Highway Agency,4,County Road,CR-STONY CREEK RD,,80,80,42.16406667,42.16406667,-83.648936110,-83.648936110,0,No Special Jurisdiction,12,Motor Vehicle In-Transport,7,Sideswipe - Same Direction,0,No,1,Non-Junction,1,Not an Intersection,0,None,,,1,On Roadway,2,Dark - Not Lighted,1,Clear,0,No Additional Atmospheric Conditions,1,Clear,0,No,0000000,Not Applicable,99,Unknown,99,Unknown,99,Unknown EMS Scene Arrival Hour,99,Unknown EMS Scene Arrival Minutes,88,Not Applicable (Not Transported),88,Not Applicable (Not Transported),0,None,0,None,0,None,1,1
2019,26,260206,Michigan,1,1,0,1,1,1,1,163,WAYNE (163),1260,DETROIT,21,21,4,April,2019,1,Sunday,21,9:00pm-9:59pm,0,0,0,This section IS NOT on the NHS,2,Urban,4,Minor Arterial,4,City or Municipal Highway Agency,6,Local Street - Municipality,SCHOENHERR ST,COLLINGHAM DR,14,14,42.44766667,42.44766667,-82.985588890,-82.985588890,0,No Special Jurisdiction,8,Pedestrian,0,The First Harmful Event was Not a Collision with a Motor Vehicle in Transport,0,No,3,Intersection-Related,2,Four-Way Intersection,0,None,,,1,On Roadway,3,Dark - Lighted,1,Clear,0,No Additional Atmospheric Conditions,1,Clear,0,No,0000000,Not Applicable,99,Unknown,99,Unknown,99,Unknown EMS Scene Arrival Hour,99,Unknown EMS Scene Arrival Minutes,99,Unknown,99,Unknown EMS Hospital Arrival Time,0,None,0,None,0,None,1,0
2019,26,260207,Michigan,1,1,0,0,0,1,1,157,TUSCOLA (157),0,NOT APPLICABLE,29,29,4,April,2019,2,Monday,5,5:00am-5:59am,51,51,0,This section IS NOT on the NHS,1,Rural,5,Major Collector,2,County Highway Agency,4,County Road,CR-CEMETERY RD,,84,84,43.53557222,43.53557222,-83.170991670,-83.170991670,0,No Special Jurisdiction,34,Ditch,0,The First Harmful Event was Not a Collision with a Motor Vehicle in Transport,0,No,1,Non-Junction,1,Not an Intersection,0,None,,,4,On Roadside,2,Dark - Not Lighted,1,Clear,0,No Additional Atmospheric Conditions,1,Clear,0,No,0000000,Not Applicable,5,5:00am-5:59am,51,51,5,5:00am-5:59am,58,58,88,Not Applicable (Not Transported),88,Not Applicable (Not Transported),0,None,0,None,0,None,1,0
2019,26,260208,Michigan,5,3,2,0,0,7,7,163,WAYNE (163),1260,DETROIT,30,30,4,April,2019,3,Tuesday,15,3:00pm-3:59pm,55,55,0,This section IS NOT on the NHS,2,Urban,4,Minor Arterial,4,City or Municipal Highway Agency,6,Local Street - Municipality,HAYES ST,KILBOURNE AVE,8,8,42.41666944,42.41666944,-82.964852780,-82.964852780,0,No Special Jurisdiction,12,Motor Vehicle In-Transport,6,Angle,0,No,2,Intersection,2,Four-Way Intersection,0,None,,,1,On Roadway,1,Daylight,10,Cloudy,0,No Additional Atmospheric Conditions,10,Cloudy,0,No,0000000,Not Applicable,99,Unknown,99,Unknown,99,Unknown EMS Scene Arrival Hour,99,Unknown EMS Scene Arrival Minutes,99,Unknown,99,Unknown EMS Hospital Arrival Time,14,"Motor Vehicle struck by falling cargo,or something that came loose from or something that was set in motion by a vehicle",0,None,0,None,1,1
2019,26,260209,Michigan,1,1,0,0,0,2,2,93,LIVINGSTON (93),0,NOT APPLICABLE,30,30,4,April,2019,3,Tuesday,17,5:00pm-5:59pm,55,55,0,This section IS NOT on the NHS,1,Rural,7,Local,2,County Highway Agency,4,County Road,CR-VAN ORDEN RD,,2,2,42.63570278,42.63570278,-84.143272220,-84.143272220,0,No Special Jurisdiction,42,Tree (Standing Only),0,The First Harmful Event was Not a Collision with a Motor Vehicle in Transport,0,No,1,Non-Junction,1,Not an Intersection,0,None,,,4,On Roadside,1,Daylight,2,Rain,0,No Additional Atmospheric Conditions,2,Rain,0,No,0000000,Not Applicable,17,5:00pm-5:59pm,56,56,18,6:00pm-6:59pm,8,8,99,Unknown,99,Unknown EMS Hospital Arrival Time,22,Speed Limit is a Statutory Limit as Recorded or was determined as this state`s `basic rule`,0,None,0,None,1,0
2019,26,260210,Michigan,1,1,0,0,0,1,1,77,KALAMAZOO (77),0,NOT APPLICABLE,27,27,4,April,2019,7,Saturday,2,2:00am-2:59am,29,29,0,This section IS NOT on the NHS,1,Rural,5,Major Collector,2,County Highway Agency,4,County Road,CR-RIVERVIEW DR,,67,67,42.38861389,42.38861389,-85.555169440,-85.555169440,0,No Special Jurisdiction,1,Rollover/Overturn,0,The First Harmful Event was Not a Collision with a Motor Vehicle in Transport,0,No,1,Non-Junction,1,Not an Intersection,0,None,,,4,On Roadside,3,Dark - Lighted,1,Clear,0,No Additional Atmospheric Conditions,1,Clear,0,No,0000000,Not Applicable,99,Unknown,99,Unknown,99,Unknown EMS Scene Arrival Hour,99,Unknown EMS Scene Arrival Minutes,88,Not Applicable (Not Transported),88,Not Applicable (Not Transported),0,None,0,None,0,None,1,1
2019,26,260211,Michigan,4,2,2,0,0,2,2,163,WAYNE (163),1260,DETROIT,28,28,4,April,2019,1,Sunday,21,9:00pm-9:59pm,0,0,1,This section IS ON the NHS,2,Urban,3,Principal Arterial - Other,4,City or Municipal Highway Agency,6,Local Street - Municipality,EVERGREEN RD,,27,27,42.34650556,42.34650556,-83.235494440,-83.235494440,0,No Special Jurisdiction,14,Parked Motor Vehicle,0,The First Harmful Event was Not a Collision with a Motor Vehicle in Transport,0,No,1,Non-Junction,1,Not an Intersection,0,None,,,4,On Roadside,2,Dark - Not Lighted,1,Clear,0,No Additional Atmospheric Conditions,1,Clear,0,No,0000000,Not Applicable,99,Unknown,99,Unknown,99,Unknown EMS Scene Arrival Hour,99,Unknown EMS Scene Arrival Minutes,88,Not Applicable (Not Transported),88,Not Applicable (Not Transported),14,"Motor Vehicle struck by falling cargo,or something that came loose from or something that was set in motion by a vehicle",0,None,0,None,1,1
2019,26,260212,Michigan,1,1,0,0,0,1,1,123,NEWAYGO (123),0,NOT APPLICABLE,5,5,4,April,2019,6,Friday,14,2:00pm-2:59pm,1,1,0,This section IS NOT on the NHS,1,Rural,7,Local,2,County Highway Agency,4,County Road,CR-104TH ST,,12,12,43.36583611,43.36583611,-85.776136110,-85.776136110,0,No Special Jurisdiction,53,Mail Box,0,The First Harmful Event was Not a Collision with a Motor Vehicle in Transport,0,No,1,Non-Junction,1,Not an Intersection,0,None,,,4,On Roadside,1,Daylight,1,Clear,0,No Additional Atmospheric Conditions,1,Clear,0,No,0000000,Not Applicable,14,2:00pm-2:59pm,1,1,14,2:00pm-2:59pm,13,13,88,Not Applicable (Not Transported),88,Not Applicable (Not Transported),0,None,0,None,0,None,1,0
2019,26,260213,Michigan,2,2,0,0,0,2,2,145,SAGINAW (145),0,NOT APPLICABLE,27,27,4,April,2019,7,Saturday,10,10:00am-10:59am,39,39,0,This section IS NOT on the NHS,1,Rural,7,Local,2,County Highway Agency,4,County Road,CR-S DEHMEL RD,TOWNLINE RD,49,49,43.30701944,43.30701944,-83.754619440,-83.754619440,0,No Special Jurisdiction,12,Motor Vehicle In-Transport,6,Angle,0,No,2,Intersection,2,Four-Way Intersection,0,None,,,1,On Roadway,1,Daylight,10,Cloudy,0,No Additional Atmospheric Conditions,10,Cloudy,0,No,0000000,Not Applicable,99,Unknown,99,Unknown,99,Unknown EMS Scene Arrival Hour,99,Unknown EMS Scene Arrival Minutes,99,Unknown,99,Unknown EMS Hospital Arrival Time,22,Speed Limit is a Statutory Limit as Recorded or was determined as this state`s `basic rule`,0,None,0,None,1,0
2019,26,260214,Michigan,1,1,0,0,0,1,1,159,VAN BUREN (159),0,NOT APPLICABLE,6,6,3,March,2019,4,Wednesday,10,10:00am-10:59am,34,34,0,This section IS NOT on the NHS,1,Rural,5,Major Collector,2,County Highway Agency,4,County Road,CR-687,,30,30,42.39020556,42.39020556,-86.187497220,-86.187497220,0,No Special Jurisdiction,42,Tree (Standing Only),0,The First Harmful Event was Not a Collision with a Motor Vehicle in Transport,0,No,1,Non-Junction,1,Not an Intersection,0,None,,,4,On Roadside,1,Daylight,10,Cloudy,0,No Additional Atmospheric Conditions,10,Cloudy,0,No,0000000,Not Applicable,99,Unknown,99,Unknown,99,Unknown EMS Scene Arrival Hour,99,Unknown EMS Scene Arrival Minutes,99,Unknown,99,Unknown EMS Hospital Arrival Time,22,Speed Limit is a Statutory Limit as Recorded or was determined as this state`s `basic rule`,0,None,0,None,1,0
2019,26,260215,Michigan,2,2,0,0,0,3,3,163,WAYNE (163),1260,DETROIT,17,17,3,March,2019,1,Sunday,3,3:00am-3:59am,35,35,0,This section IS NOT on the NHS,2,Urban,4,Minor Arterial,4,City or Municipal Highway Agency,6,Local Street - Municipality,OUTER DR,CHALMERS ST,15,15,42.41499722,42.41499722,-82.971063890,-82.971063890,0,No Special Jurisdiction,12,Motor Vehicle In-Transport,6,Angle,0,No,2,Intersection,2,Four-Way Intersection,0,None,,,1,On Roadway,3,Dark - Lighted,1,Clear,0,No Additional Atmospheric Conditions,1,Clear,0,No,0000000,Not Applicable,99,Unknown,99,Unknown,99,Unknown EMS Scene Arrival Hour,99,Unknown EMS Scene Arrival Minutes,99,Unknown,99,Unknown EMS Hospital Arrival Time,0,None,0,None,0,None,1,0
2019,26,260216,Michigan,3,3,0,0,0,3,3,29,CHARLEVOIX (29),0,NOT APPLICABLE,8,8,4,April,2019,2,Monday,14,2:00pm-2:59pm,40,40,1,This section IS ON the NHS,1,Rural,3,Principal Arterial - Other,1,State Highway Agency,2,U.S. Highway,US-131,,56,56,45.18940833,45.18940833,-84.915100000,-84.915100000,0,No Special Jurisdiction,12,Motor Vehicle In-Transport,2,Front-to-Front,0,No,1,Non-Junction,1,Not an Intersection,0,None,,,1,On Roadway,1,Daylight,1,Clear,0,No Additional Atmospheric Conditions,1,Clear,0,No,0000000,Not Applicable,14,2:00pm-2:59pm,44,44,14,2:00pm-2:59pm,51,51,99,Unknown,99,Unknown EMS Hospital Arrival Time,99,Reported as Unknown,99,Reported as Unknown,99,Reported as Unknown,1,0
2019,26,260217,Michigan,2,2,0,0,0,2,2,103,MARQUETTE (103),3480,NEGAUNEE,10,10,3,March,2019,1,Sunday,15,3:00pm-3:59pm,54,54,0,This section IS NOT on the NHS,2,Urban,4,Minor Arterial,1,State Highway Agency,3,State Highway,SR-2835 BR COUNTY RD,,52,52,46.49503333,46.49503333,-87.622655560,-87.622655560,0,No Special Jurisdiction,12,Motor Vehicle In-Transport,2,Front-to-Front,0,No,1,Non-Junction,1,Not an Intersection,0,None,,,1,On Roadway,1,Daylight,4,Snow,0,No Additional Atmospheric Conditions,4,Snow,0,No,0000000,Not Applicable,99,Unknown,99,Unknown,99,Unknown EMS Scene Arrival Hour,99,Unknown EMS Scene Arrival Minutes,99,Unknown,99,Unknown EMS Hospital Arrival Time,99,Reported as Unknown,99,Reported as Unknown,99,Reported as Unknown,1,1
2019,26,260218,Michigan,1,1,0,0,0,2,2,17,BAY (17),0,NOT APPLICABLE,28,28,3,March,2019,5,Thursday,19,7:00pm-7:59pm,4,4,0,This section IS NOT on the NHS,1,Rural,5,Major Collector,2,County Highway Agency,4,County Road,CR-W CASS AVE,,47,47,43.56533889,43.56533889,-83.808311110,-83.808311110,0,No Special Jurisdiction,34,Ditch,0,The First Harmful Event was Not a Collision with a Motor Vehicle in Transport,0,No,1,Non-Junction,1,Not an Intersection,0,None,,,4,On Roadside,5,Dusk,10,Cloudy,0,No Additional Atmospheric Conditions,10,Cloudy,0,No,0000000,Not Applicable,19,7:00pm-7:59pm,4,4,19,7:00pm-7:59pm,8,8,99,Unknown,99,Unknown EMS Hospital Arrival Time,22,Speed Limit is a Statutory Limit as Recorded or was determined as this state`s `basic rule`,0,None,0,None,1,1
2019,26,260219,Michigan,1,1,0,0,0,2,2,33,CHIPPEWA (33),0,NOT APPLICABLE,22,22,4,April,2019,2,Monday,2,2:00am-2:59am,21,21,1,This section IS ON the NHS,2,Urban,1,Interstate,1,State Highway Agency,1,Interstate,I-75,,213,213,46.42631111,46.42631111,-84.392202780,-84.392202780,0,No Special Jurisdiction,1,Rollover/Overturn,0,The First Harmful Event was Not a Collision with a Motor Vehicle in Transport,0,No,1,Non-Junction,1,Not an Intersection,0,None,,,3,On Median,2,Dark - Not Lighted,2,Rain,0,No Additional Atmospheric Conditions,2,Rain,0,No,0000000,Not Applicable,2,2:00am-2:59am,24,24,2,2:00am-2:59am,36,36,88,Not Applicable (Not Transported),88,Not Applicable (Not Transported),0,None,0,None,0,None,1,1
2019,26,260220,Michigan,2,2,0,0,0,5,5,99,MACOMB (99),4731,STERLING HEIGHTS,13,13,4,April,2019,7,Saturday,19,7:00pm-7:59pm,37,37,0,This section IS NOT on the NHS,2,Urban,4,Minor Arterial,4,City or Municipal Highway Agency,6,Local Street - Municipality,RYAN RD,EIGHTEEN MILE RD,101,101,42.59361389,42.59361389,-83.070827780,-83.070827780,0,No Special Jurisdiction,12,Motor Vehicle In-Transport,6,Angle,0,No,2,Intersection,2,Four-Way Intersection,0,None,,,1,On Roadway,1,Daylight,1,Clear,0,No Additional Atmospheric Conditions,1,Clear,0,No,0000000,Not Applicable,19,7:00pm-7:59pm,38,38,19,7:00pm-7:59pm,40,40,99,Unknown,99,Unknown EMS Hospital Arrival Time,0,None,0,None,0,None,1,1
2019,26,260221,Michigan,2,2,0,0,0,2,2,81,KENT (81),5319,WYOMING,22,22,4,April,2019,2,Monday,13,1:00pm-1:59pm,34,34,1,This section IS ON the NHS,2,Urban,3,Principal Arterial - Other,4,City or Municipal Highway Agency,6,Local Street - Municipality,DIVISION AVE,,88,88,42.88791944,42.88791944,-85.664894440,-85.664894440,0,No Special Jurisdiction,12,Motor Vehicle In-Transport,6,Angle,0,No,8,Driveway Access Related,1,Not an Intersection,0,None,,,1,On Roadway,1,Daylight,10,Cloudy,0,No Additional Atmospheric Conditions,10,Cloudy,0,No,0000000,Not Applicable,99,Unknown,99,Unknown,99,Unknown EMS Scene Arrival Hour,99,Unknown EMS Scene Arrival Minutes,88,Not Applicable (Not Transported),88,Not Applicable (Not Transported),0,None,0,None,0,None,1,1
2019,26,260222,Michigan,1,1,0,0,0,3,3,91,LENAWEE (91),0,NOT APPLICABLE,15,15,4,April,2019,2,Monday,23,11:00pm-11:59pm,53,53,0,This section IS NOT on the NHS,1,Rural,7,Local,2,County Highway Agency,4,County Road,CR-SEBRING RD,E MULBERRY RD,0,None,41.74320833,41.74320833,-83.948705560,-83.948705560,0,No Special Jurisdiction,34,Ditch,0,The First Harmful Event was Not a Collision with a Motor Vehicle in Transport,0,No,3,Intersection-Related,3,T-Intersection,0,None,,,4,On Roadside,2,Dark - Not Lighted,1,Clear,0,No Additional Atmospheric Conditions,1,Clear,0,No,0000000,Not Applicable,23,11:00pm-11:59pm,50,50,0,0:00am-0:59am,9,9,88,Not Applicable (Not Transported),88,Not Applicable (Not Transported),0,None,0,None,0,None,1,1
2019,26,260223,Michigan,1,1,0,0,0,1,1,125,OAKLAND (125),0,NOT APPLICABLE,26,26,4,April,2019,6,Friday,3,3:00am-3:59am,38,38,0,This section IS NOT on the NHS,2,Urban,5,Major Collector,2,County Highway Agency,4,County Road,CR-ANDERSONVILLE RD,,12,12,42.74088056,42.74088056,-83.527075000,-83.527075000,0,No Special Jurisdiction,42,Tree (Standing Only),0,The First Harmful Event was Not a Collision with a Motor Vehicle in Transport,0,No,1,Non-Junction,1,Not an Intersection,0,None,,,4,On Roadside,2,Dark - Not Lighted,2,Rain,0,No Additional Atmospheric Conditions,2,Rain,0,No,0000000,Not Applicable,3,3:00am-3:59am,42,42,3,3:00am-3:59am,50,50,88,Not Applicable (Not Transported),88,Not Applicable (Not Transported),0,None,0,None,0,None,1,1
2019,26,260224,Michigan,2,2,0,0,0,2,2,163,WAYNE (163),1920,GARDEN CITY,18,18,4,April,2019,5,Thursday,14,2:00pm-2:59pm,27,27,0,This section IS NOT on the NHS,2,Urban,7,Local,4,City or Municipal Highway Agency,6,Local Street - Municipality,INDUSTRIAL,,7,7,42.32687222,42.32687222,-83.360875000,-83.360875000,0,No Special Jurisdiction,12,Motor Vehicle In-Transport,6,Angle,0,No,4,Driveway Access,1,Not an Intersection,0,None,,,1,On Roadway,1,Daylight,10,Cloudy,0,No Additional Atmospheric Conditions,10,Cloudy,0,No,0000000,Not Applicable,14,2:00pm-2:59pm,26,26,14,2:00pm-2:59pm,33,33,88,Not Applicable (Not Transported),88,Not Applicable (Not Transported),0,None,0,None,0,None,1,0
2019,26,260225,Michigan,1,1,0,1,1,1,1,125,OAKLAND (125),4020,PONTIAC,26,26,4,April,2019,6,Friday,21,9:00pm-9:59pm,56,56,1,This section IS ON the NHS,2,Urban,3,Principal Arterial - Other,1,State Highway Agency,2,U.S. Highway,US-24 TELEGRAPH RD,JAMES K BLVD,31,31,42.62446944,42.62446944,-83.325172220,-83.325172220,0,No Special Jurisdiction,8,Pedestrian,0,The First Harmful Event was Not a Collision with a Motor Vehicle in Transport,0,No,3,Intersection-Related,3,T-Intersection,0,None,,,1,On Roadway,3,Dark - Lighted,1,Clear,0,No Additional Atmospheric Conditions,1,Clear,0,No,0000000,Not Applicable,21,9:00pm-9:59pm,58,58,22,10:00pm-10:59pm,2,2,88,Not Applicable (Not Transported),88,Not Applicable (Not Transported),0,None,0,None,0,None,1,0
2019,26,260226,Michigan,2,2,0,0,0,2,2,81,KENT (81),2010,GRAND RAPIDS,1,1,5,May,2019,4,Wednesday,9,9:00am-9:59am,33,33,1,This section IS ON the NHS,2,Urban,3,Principal Arterial - Other,1,State Highway Agency,3,State Highway,SR-44 BELTLINE AVE,,132,132,42.98517500,42.98517500,-85.590350000,-85.590350000,0,No Special Jurisdiction,12,Motor Vehicle In-Transport,1,Front-to-Rear,0,No,7,Crossover-Related,1,Not an Intersection,0,None,,,1,On Roadway,1,Daylight,2,Rain,0,No Additional Atmospheric Conditions,2,Rain,0,No,0000000,Not Applicable,10,10:00am-10:59am,16,16,10,10:00am-10:59am,16,16,88,Not Applicable (Not Transported),88,Not Applicable (Not Transported),28,Regular Congestion,0,None,0,None,1,0
2019,26,260227,Michigan,2,2,0,0,0,2,2,147,ST. CLAIR (147),4370,SAINT CLAIR,23,23,4,April,2019,3,Tuesday,22,10:00pm-10:59pm,49,49,0,This section IS NOT on the NHS,2,Urban,4,Minor Arterial,4,City or Municipal Highway Agency,6,Local Street - Municipality,RANGE RD,YANKEE RD,9,9,42.84695278,42.84695278,-82.497175000,-82.497175000,0,No Special Jurisdiction,12,Motor Vehicle In-Transport,6,Angle,0,No,2,Intersection,2,Four-Way Intersection,0,None,,,1,On Roadway,3,Dark - Lighted,1,Clear,0,No Additional Atmospheric Conditions,1,Clear,0,No,0000000,Not Applicable,22,10:00pm-10:59pm,49,49,22,10:00pm-10:59pm,50,50,99,Unknown,99,Unknown EMS Hospital Arrival Time,99,Reported as Unknown,99,Reported as Unknown,99,Reported as Unknown,1,0
2019,26,260228,Michigan,2,2,0,0,0,2,2,163,WAYNE (163),1260,DETROIT,5,5,5,May,2019,1,Sunday,17,5:00pm-5:59pm,20,20,1,This section IS ON the NHS,2,Urban,3,Principal Arterial - Other,1,State Highway Agency,3,State Highway,SR-96 GRAND RIVER AVE,WYOMING,62,62,42.37668056,42.37668056,-83.158669440,-83.158669440,0,No Special Jurisdiction,12,Motor Vehicle In-Transport,6,Angle,0,No,2,Intersection,2,Four-Way Intersection,0,None,,,1,On Roadway,1,Daylight,1,Clear,0,No Additional Atmospheric Conditions,1,Clear,0,No,0000000,Not Applicable,99,Unknown,99,Unknown,99,Unknown EMS Scene Arrival Hour,99,Unknown EMS Scene Arrival Minutes,88,Not Applicable (Not Transported),88,Not Applicable (Not Transported),0,None,0,None,0,None,1,0
2019,26,260229,Michigan,1,1,0,1,1,1,1,163,WAYNE (163),5176,WESTLAND,18,18,4,April,2019,5,Thursday,9,9:00am-9:59am,30,30,1,This section IS ON the NHS,2,Urban,3,Principal Arterial - Other,1,State Highway Agency,3,State Highway,SR-153 FORD RD,,83,83,42.32452778,42.32452778,-83.383838890,-83.383838890,0,No Special Jurisdiction,9,Pedalcyclist,0,The First Harmful Event was Not a Collision with a Motor Vehicle in Transport,0,No,1,Non-Junction,1,Not an Intersection,0,None,,,1,On Roadway,1,Daylight,2,Rain,0,No Additional Atmospheric Conditions,2,Rain,0,No,0000000,Not Applicable,9,9:00am-9:59am,34,34,9,9:00am-9:59am,39,39,99,Unknown,99,Unknown EMS Hospital Arrival Time,0,None,0,None,0,None,1,0
2019,26,260230,Michigan,1,1,0,1,1,1,1,125,OAKLAND (125),0,NOT APPLICABLE,30,30,4,April,2019,3,Tuesday,21,9:00pm-9:59pm,20,20,1,This section IS ON the NHS,2,Urban,3,Principal Arterial - Other,1,State Highway Agency,3,State Highway,SR-59 W HURON ST,,83,83,42.63519444,42.63519444,-83.325847220,-83.325847220,0,No Special Jurisdiction,8,Pedestrian,0,The First Harmful Event was Not a Collision with a Motor Vehicle in Transport,0,No,1,Non-Junction,1,Not an Intersection,0,None,,,1,On Roadway,3,Dark - Lighted,2,Rain,0,No Additional Atmospheric Conditions,2,Rain,0,No,0000000,Not Applicable,21,9:00pm-9:59pm,21,21,21,9:00pm-9:59pm,23,23,99,Unknown,99,Unknown EMS Hospital Arrival Time,0,None,0,None,0,None,1,0
2019,26,260231,Michigan,2,2,0,0,0,2,2,117,MONTCALM (117),0,NOT APPLICABLE,4,4,5,May,2019,7,Saturday,4,4:00am-4:59am,27,27,1,This section IS ON the NHS,1,Rural,3,Principal Arterial - Other,1,State Highway Agency,3,State Highway,SR-46 HOWARD CITY EDMORE RD,,95,95,43.43135278,43.43135278,-85.289263890,-85.289263890,0,No Special Jurisdiction,12,Motor Vehicle In-Transport,2,Front-to-Front,0,No,1,Non-Junction,1,Not an Intersection,0,None,,,1,On Roadway,2,Dark - Not Lighted,1,Clear,0,No Additional Atmospheric Conditions,1,Clear,0,No,0000000,Not Applicable,4,4:00am-4:59am,28,28,4,4:00am-4:59am,43,43,88,Not Applicable (Not Transported),88,Not Applicable (Not Transported),0,None,0,None,0,None,2,1
2019,26,260232,Michigan,1,1,0,1,1,1,1,145,SAGINAW (145),0,NOT APPLICABLE,3,3,5,May,2019,6,Friday,16,4:00pm-4:59pm,2,2,0,This section IS NOT on the NHS,2,Urban,5,Major Collector,2,County Highway Agency,4,County Road,CR-S RIVER RD,GINGER LN,37,37,43.41296111,43.41296111,-84.052072220,-84.052072220,0,No Special Jurisdiction,8,Pedestrian,0,The First Harmful Event was Not a Collision with a Motor Vehicle in Transport,0,No,3,Intersection-Related,3,T-Intersection,0,None,,,1,On Roadway,1,Daylight,1,Clear,0,No Additional Atmospheric Conditions,1,Clear,0,No,0000000,Not Applicable,16,4:00pm-4:59pm,4,4,16,4:00pm-4:59pm,9,9,88,Not Applicable (Not Transported),88,Not Applicable (Not Transported),0,None,0,None,0,None,1,0