caseyear,state,st_case,statename,ve_total,ve_forms,pvh_invl,peds,pernotmvit,permvit,persons,county,countyname,city,cityname,day,dayname,month,monthname,year,day_week,day_weekname,hour,hourname,minute,minutename,nhs,nhsname,rur_urb,rur_urbname,func_sys,func_sysname,rd_owner,rd_ownername,route,routename,tway_id,tway_id2,milept,mileptname,latitude,latitudename,longitud,longitudname,sp_jur,sp_jurname,harm_ev,harm_evname,man_coll,man_collname,reljct1,reljct1name,reljct2,reljct2name,typ_int,typ_intname,wrk_zone,wrk_zonename,road_fnc,road_fncname,rel_road,rel_roadname,lgt_cond,lgt_condname,weather1,weather1name,weather2,weather2name,weather,weathername,sch_bus,sch_busname,rail,railname,not_hour,not_hourname,not_min,not_minname,arr_hour,arr_hourname,arr_min,arr_minname,hosp_hr,hosp_hrname,hosp_mn,hosp_mnname,cf1,cf1name,cf2,cf2name,cf3,cf3name,fatals,drunk_dr
2019,26,260361,Michigan,2,2,0,0,0,3,3,89,LEELANAU (89),0,NOT APPLICABLE,5,5,7,July,2019,6,Friday,14,2:00pm-2:59pm,31,31,0,This section IS NOT on the NHS,1,Rural,4,Minor Arterial,1,State Highway Agency,3,State Highway,SR-72 TRAVERSE HWY,CEDAR RD,159,159,44.77686667,44.77686667,-85.775597220,-85.775597220,0,No Special Jurisdiction,12,Motor Vehicle In-Transport,6,Angle,0,No,2,Intersection,2,Four-Way Intersection,0,None,,,1,On Roadway,1,Daylight,1,Clear,0,No Additional Atmospheric Conditions,1,Clear,0,No,0000000,Not Applicable,14,2:00pm-2:59pm,30,30,14,2:00pm-2:59pm,36,36,88,Not Applicable (Not Transported),88,Not Applicable (Not Transported),0,None,0,None,0,None,2,0
2019,26,260362,Michigan,1,1,0,0,0,2,2,81,KENT (81),5319,WYOMING,6,6,7,July,2019,7,Saturday,19,7:00pm-7:59pm,19,19,1,This section IS ON the NHS,2,Urban,2,Principal Arterial - Other Freeways and Expressways,1,State Highway Agency,2,U.S. Highway,US-131 RAMP 008D,,1,1,42.91534444,42.91534444,-85.679175000,-85.679175000,0,No Special Jurisdiction,1,Rollover/Overturn,0,The First Harmful Event was Not a Collision with a Motor Vehicle in Transport,0,No,5,Entrance/Exit Ramp Related,1,Not an Intersection,0,None,,,4,On Roadside,1,Daylight,10,Cloudy,0,No Additional Atmospheric Conditions,10,Cloudy,0,No,0000000,Not Applicable,19,7:00pm-7:59pm,16,16,19,7:00pm-7:59pm,20,20,99,Unknown,99,Unknown EMS Hospital Arrival Time,0,None,0,None,0,None,1,1
2019,26,260363,Michigan,2,2,0,0,0,3,3,163,WAYNE (163),1260,DETROIT,6,6,7,July,2019,7,Saturday,0,0:00am-0:59am,27,27,1,This section IS ON the NHS,2,Urban,3,Principal Arterial - Other,1,State Highway Agency,2,U.S. Highway,US-12 MICHIGAN AVE,CLARK ST,46,46,42.33123056,42.33123056,-83.102352780,-83.102352780,0,No Special Jurisdiction,12,Motor Vehicle In-Transport,6,Angle,0,No,2,Intersection,2,Four-Way Intersection,0,None,,,1,On Roadway,3,Dark - Lighted,1,Clear,0,No Additional Atmospheric Conditions,1,Clear,0,No,0000000,Not Applicable,99,Unknown,99,Unknown,99,Unknown EMS Scene Arrival Hour,99,Unknown EMS Scene Arrival Minutes,99,Unknown,99,Unknown EMS Hospital Arrival Time,0,None,0,None,0,None,1,0
2019,26,260364,Michigan,1,1,0,0,0,6,6,155,SHIAWASSEE (155),0,NOT APPLICABLE,5,5,7,July,2019,6,Friday,12,12:00pm-12:59pm,46,46,1,This section IS ON the NHS,1,Rural,1,Interstate,1,State Highway Agency,1,Interstate,I-69,,229,229,42.95059444,42.95059444,-83.974061110,-83.974061110,0,No Special Jurisdiction,1,Rollover/Overturn,0,The First Harmful Event was Not a Collision with a Motor Vehicle in Transport,0,No,1,Non-Junction,1,Not an Intersection,0,None,,,3,On Median,1,Daylight,1,Clear,0,No Additional Atmospheric Conditions,1,Clear,0,No,0000000,Not Applicable,99,Unknown,99,Unknown,99,Unknown EMS Scene Arrival Hour,99,Unknown EMS Scene Arrival Minutes,99,Unknown,99,Unknown EMS Hospital Arrival Time,0,None,0,None,0,None,1,0
2019,26,260365,Michigan,3,3,0,0,0,5,5,49,GENESEE (49),1730,FLINT,4,4,7,July,2019,5,Thursday,19,7:00pm-7:59pm,0,0,0,This section IS NOT on the NHS,2,Urban,5,Major Collector,4,City or Municipal Highway Agency,6,Local Street - Municipality,FLEMING RD,PIERSON RD,11,11,43.06070000,43.06070000,-83.723627780,-83.723627780,0,No Special Jurisdiction,12,Motor Vehicle In-Transport,6,Angle,0,No,2,Intersection,2,Four-Way Intersection,0,None,,,1,On Roadway,1,Daylight,1,Clear,0,No Additional Atmospheric Conditions,1,Clear,0,No,0000000,Not Applicable,99,Unknown,99,Unknown,99,Unknown EMS Scene Arrival Hour,99,Unknown EMS Scene Arrival Minutes,99,Unknown,99,Unknown EMS Hospital Arrival Time,0,None,0,None,0,None,1,0
2019,26,260366,Michigan,1,1,0,0,0,1,1,159,VAN BUREN (159),0,NOT APPLICABLE,7,7,7,July,2019,1,Sunday,21,9:00pm-9:59pm,37,37,0,This section IS NOT on the NHS,1,Rural,7,Local,2,County Highway Agency,4,County Road,CR-BASELINE RD,,70,70,42.41903056,42.41903056,-86.116736110,-86.116736110,0,No Special Jurisdiction,23,Bridge Rail (Includes parapet),0,The First Harmful Event was Not a Collision with a Motor Vehicle in Transport,0,No,1,Non-Junction,1,Not an Intersection,0,None,,,4,On Roadside,5,Dusk,1,Clear,0,No Additional Atmospheric Conditions,1,Clear,0,No,0000000,Not Applicable,21,9:00pm-9:59pm,37,37,21,9:00pm-9:59pm,45,45,88,Not Applicable (Not Transported),88,Not Applicable (Not Transported),0,None,0,None,0,None,1,0
2019,26,260367,Michigan,2,2,0,0,0,4,4,163,WAYNE (163),1260,DETROIT,9,9,7,July,2019,3,Tuesday,15,3:00pm-3:59pm,48,48,0,This section IS NOT on the NHS,2,Urban,7,Local,4,City or Municipal Highway Agency,6,Local Street - Municipality,FRANKFORT AVE,CHAMERS ST,10,10,42.39709444,42.39709444,-82.959875000,-82.959875000,0,No Special Jurisdiction,12,Motor Vehicle In-Transport,6,Angle,0,No,2,Intersection,2,Four-Way Intersection,0,None,,,1,On Roadway,1,Daylight,1,Clear,0,No Additional Atmospheric Conditions,1,Clear,0,No,0000000,Not Applicable,99,Unknown,99,Unknown,99,Unknown EMS Scene Arrival Hour,99,Unknown EMS Scene Arrival Minutes,99,Unknown,99,Unknown EMS Hospital Arrival Time,99,Reported as Unknown,99,Reported as Unknown,99,Reported as Unknown,2,0
2019,26,260368,Michigan,2,2,0,0,0,2,2,121,MUSKEGON (121),0,NOT APPLICABLE,10,10,7,July,2019,4,Wednesday,20,8:00pm-8:59pm,10,10,0,This section IS NOT on the NHS,2,Urban,4,Minor Arterial,1,State Highway Agency,3,State Highway,SR-46 APPLE AVE,CENTER ST,29,29,43.23421944,43.23421944,-86.189152780,-86.189152780,0,No Special Jurisdiction,12,Motor Vehicle In-Transport,6,Angle,0,No,2,Intersection,2,Four-Way Intersection,0,None,,,1,On Roadway,1,Daylight,1,Clear,0,No Additional Atmospheric Conditions,1,Clear,0,No,0000000,Not Applicable,20,8:00pm-8:59pm,11,11,20,8:00pm-8:59pm,16,16,88,Not Applicable (Not Transported),88,Not Applicable (Not Transported),0,None,0,None,0,None,1,0
2019,26,260369,Michigan,2,2,0,0,0,2,2,139,OTTAWA (139),0,NOT APPLICABLE,11,11,7,July,2019,5,Thursday,15,3:00pm-3:59pm,17,17,1,This section IS ON the NHS,2,Urban,3,Principal Arterial - Other,1,State Highway Agency,2,U.S. Highway,US-31,COMSTOCK ST,201,201,43.03716944,43.03716944,-86.220144440,-86.220144440,0,No Special Jurisdiction,12,Motor Vehicle In-Transport,6,Angle,0,No,2,Intersection,3,T-Intersection,0,None,,,1,On Roadway,1,Daylight,1,Clear,0,No Additional Atmospheric Conditions,1,Clear,0,No,0000000,Not Applicable,15,3:00pm-3:59pm,18,18,15,3:00pm-3:59pm,20,20,88,Not Applicable (Not Transported),88,Not Applicable (Not Transported),0,None,0,None,0,None,1,1
2019,26,260370,Michigan,2,2,0,0,0,2,2,163,WAYNE (163),2430,INKSTER,27,27,6,June,2019,5,Thursday,12,12:00pm-12:59pm,21,21,1,This section IS ON the NHS,2,Urban,3,Principal Arterial - Other,4,City or Municipal Highway Agency,6,Local Street - Municipality,MIDDLEBELT RD,CARLYSLE AVE,114,114,42.28232778,42.28232778,-83.329030560,-83.329030560,0,No Special Jurisdiction,12,Motor Vehicle In-Transport,6,Angle,0,No,2,Intersection,2,Four-Way Intersection,0,None,,,1,On Roadway,1,Daylight,1,Clear,0,No Additional Atmospheric Conditions,1,Clear,0,No,0000000,Not Applicable,99,Unknown,99,Unknown,99,Unknown EMS Scene Arrival Hour,99,Unknown EMS Scene Arrival Minutes,99,Unknown,99,Unknown EMS Hospital Arrival Time,0,None,0,None,0,None,1,0
2019,26,260371,Michigan,1,1,0,0,0,2,2,135,OSCODA (135),0,NOT APPLICABLE,1,1,7,July,2019,2,Monday,0,0:00am-0:59am,52,52,0,This section IS NOT on the NHS,1,Rural,5,Major Collector,2,County Highway Agency,4,County Road,CR-MAPES RD,,90,90,44.63671944,44.63671944,-84.231472220,-84.231472220,0,No Special Jurisdiction,42,Tree (Standing Only),0,The First Harmful Event was Not a Collision with a Motor Vehicle in Transport,0,No,1,Non-Junction,1,Not an Intersection,0,None,,,4,On Roadside,2,Dark - Not Lighted,1,Clear,0,No Additional Atmospheric Conditions,1,Clear,0,No,0000000,Not Applicable,0,0:00am-0:59am,54,54,1,1:00am-1:59am,10,10,99,Unknown,99,Unknown EMS Hospital Arrival Time,99,Reported as Unknown,99,Reported as Unknown,99,Reported as Unknown,1,0
2019,26,260372,Michigan,1,1,0,1,1,4,4,35,CLARE (35),0,NOT APPLICABLE,1,1,7,July,2019,2,Monday,18,6:00pm-6:59pm,5,5,0,This section IS NOT on the NHS,1,Rural,5,Major Collector,2,County Highway Agency,4,County Road,CR-S CLARE AVE,,47,47,43.88209722,43.88209722,-84.768036110,-84.768036110,0,No Special Jurisdiction,9,Pedalcyclist,0,The First Harmful Event was Not a Collision with a Motor Vehicle in Transport,0,No,1,Non-Junction,1,Not an Intersection,0,None,,,1,On Roadway,1,Daylight,1,Clear,0,No Additional Atmospheric Conditions,1,Clear,0,No,0000000,Not Applicable,18,6:00pm-6:59pm,5,5,18,6:00pm-6:59pm,14,14,99,Unknown,99,Unknown EMS Hospital Arrival Time,0,None,0,None,0,None,1,0
2019,26,260373,Michigan,1,1,0,0,0,1,1,5,ALLEGAN (5),0,NOT APPLICABLE,2,2,7,July,2019,3,Tuesday,17,5:00pm-5:59pm,5,5,0,This section IS NOT on the NHS,1,Rural,5,Major Collector,2,County Highway Agency,4,County Road,CR-108TH AVE,,38,38,42.47710278,42.47710278,-85.919227780,-85.919227780,0,No Special Jurisdiction,42,Tree (Standing Only),0,The First Harmful Event was Not a Collision with a Motor Vehicle in Transport,0,No,1,Non-Junction,1,Not an Intersection,0,None,,,4,On Roadside,1,Daylight,1,Clear,0,No Additional Atmospheric Conditions,1,Clear,0,No,0000000,Not Applicable,17,5:00pm-5:59pm,9,9,17,5:00pm-5:59pm,10,10,88,Not Applicable (Not Transported),88,Not Applicable (Not Transported),0,None,0,None,0,None,1,0
2019,26,260374,Michigan,1,1,0,0,0,8,8,115,MONROE (115),0,NOT APPLICABLE,6,6,7,July,2019,7,Saturday,10,10:00am-10:59am,23,23,1,This section IS ON the NHS,2,Urban,1,Interstate,1,State Highway Agency,1,Interstate,I-75,,104,104,41.86569722,41.86569722,-83.405027780,-83.405027780,0,No Special Jurisdiction,24,Guardrail Face,0,The First Harmful Event was Not a Collision with a Motor Vehicle in Transport,0,No,1,Non-Junction,1,Not an Intersection,0,None,,,3,On Median,1,Daylight,1,Clear,0,No Additional Atmospheric Conditions,1,Clear,0,No,0000000,Not Applicable,10,10:00am-10:59am,25,25,10,10:00am-10:59am,36,36,99,Unknown,99,Unknown EMS Hospital Arrival Time,0,None,0,None,0,None,1,0
2019,26,260375,Michigan,1,1,0,0,0,1,1,15,BARRY (15),0,NOT APPLICABLE,7,7,7,July,2019,1,Sunday,0,0:00am-0:59am,53,53,0,This section IS NOT on the NHS,1,Rural,4,Minor Arterial,1,State Highway Agency,3,State Highway,SR-79,SR-37,0,None,42.61146667,42.61146667,-85.270680560,-85.270680560,0,No Special Jurisdiction,34,Ditch,0,The First Harmful Event was Not a Collision with a Motor Vehicle in Transport,0,No,3,Intersection-Related,3,T-Intersection,0,None,,,4,On Roadside,2,Dark - Not Lighted,1,Clear,0,No Additional Atmospheric Conditions,1,Clear,0,No,0000000,Not Applicable,0,0:00am-0:59am,56,56,1,1:00am-1:59am,2,2,88,Not Applicable (Not Transported),88,Not Applicable (Not Transported),0,None,0,None,0,None,1,0
2019,26,260376,Michigan,1,1,0,1,1,1,1,115,MONROE (115),0,NOT APPLICABLE,4,4,7,July,2019,5,Thursday,16,4:00pm-4:59pm,46,46,0,This section IS NOT on the NHS,1,Rural,7,Local,2,County Highway Agency,4,County Road,CR-STEFFAS RD,,6,6,42.00041667,42.00041667,-83.454352780,-83.454352780,0,No Special Jurisdiction,9,Pedalcyclist,0,The First Harmful Event was Not a Collision with a Motor Vehicle in Transport,0,No,1,Non-Junction,1,Not an Intersection,0,None,,,1,On Roadway,1,Daylight,10,Cloudy,0,No Additional Atmospheric Conditions,10,Cloudy,0,No,0000000,Not Applicable,16,4:00pm-4:59pm,50,50,16,4:00pm-4:59pm,56,56,88,Not Applicable (Not Transported),88,Not Applicable (Not Transported),0,None,0,None,0,None,1,0
2019,26,260377,Michigan,2,2,0,0,0,4,4,47,EMMET (47),0,NOT APPLICABLE,5,5,7,July,2019,6,Friday,19,7:00pm-7:59pm,31,31,0,This section IS NOT on the NHS,1,Rural,4,Minor Arterial,2,County Highway Agency,4,County Road,CR-S PLEASANTVIEW RD,S HATHAWAY RD,5,5,45.43517500,45.43517500,-84.914775000,-84.914775000,0,No Special Jurisdiction,12,Motor Vehicle In-Transport,6,Angle,0,No,2,Intersection,2,Four-Way Intersection,0,None,,,1,On Roadway,1,Daylight,1,Clear,0,No Additional Atmospheric Conditions,1,Clear,0,No,0000000,Not Applicable,19,7:00pm-7:59pm,33,33,19,7:00pm-7:59pm,41,41,99,Unknown,99,Unknown EMS Hospital Arrival Time,0,None,0,None,0,None,1,0
2019,26,260378,Michigan,1,1,0,0,0,2,2,163,WAYNE (163),1260,DETROIT,6,6,7,July,2019,7,Saturday,22,10:00pm-10:59pm,21,21,0,This section IS NOT on the NHS,2,Urban,4,Minor Arterial,4,City or Municipal Highway Agency,6,Local Street - Municipality,HARPER AVE,,25,25,42.39933333,42.39933333,-82.982663890,-82.982663890,0,No Special Jurisdiction,42,Tree (Standing Only),0,The First Harmful Event was Not a Collision with a Motor Vehicle in Transport,0,No,1,Non-Junction,1,Not an Intersection,0,None,,,4,On Roadside,8,Not Reported,1,Clear,0,No Additional Atmospheric Conditions,1,Clear,0,No,0000000,Not Applicable,99,Unknown,99,Unknown,99,Unknown EMS Scene Arrival Hour,99,Unknown EMS Scene Arrival Minutes,99,Unknown,99,Unknown EMS Hospital Arrival Time,99,Reported as Unknown,99,Reported as Unknown,99,Reported as Unknown,1,1
2019,26,260379,Michigan,2,2,0,0,0,2,2,49,GENESEE (49),1730,FLINT,3,3,7,July,2019,4,Wednesday,8,8:00am-8:59am,22,22,1,This section IS ON the NHS,2,Urban,3,Principal Arterial - Other,1,State Highway Agency,3,State Highway,SR-54 DORT HWY,PIERSON RD,113,113,43.06136389,43.06136389,-83.673919440,-83.673919440,0,No Special Jurisdiction,12,Motor Vehicle In-Transport,2,Front-to-Front,0,No,2,Intersection,2,Four-Way Intersection,0,None,,,1,On Roadway,1,Daylight,1,Clear,0,No Additional Atmospheric Conditions,1,Clear,0,No,0000000,Not Applicable,99,Unknown,99,Unknown,99,Unknown EMS Scene Arrival Hour,99,Unknown EMS Scene Arrival Minutes,99,Unknown,99,Unknown EMS Hospital Arrival Time,99,Reported as Unknown,99,Reported as Unknown,99,Reported as Unknown,1,0
2019,26,260380,Michigan,1,1,0,0,0,2,2,111,MIDLAND (111),0,NOT APPLICABLE,10,10,7,July,2019,4,Wednesday,18,6:00pm-6:59pm,38,38,0,This section IS NOT on the NHS,1,Rural,5,Major Collector,2,County Highway Agency,4,County Road,CR-N SAGINAW RD,,32,32,43.74025833,43.74025833,-84.551977780,-84.551977780,0,No Special Jurisdiction,35,Embankment,0,The First Harmful Event was Not a Collision with a Motor Vehicle in Transport,0,No,1,Non-Junction,1,Not an Intersection,0,None,,,4,On Roadside,1,Daylight,1,Clear,0,No Additional Atmospheric Conditions,1,Clear,0,No,0000000,Not Applicable,18,6:00pm-6:59pm,40,40,18,6:00pm-6:59pm,44,44,99,Unknown,99,Unknown EMS Hospital Arrival Time,0,None,0,None,0,None,1,0
2019,26,260381,Michigan,3,3,0,0,0,4,4,21,BERRIEN (21),0,NOT APPLICABLE,14,14,7,July,2019,1,Sunday,9,9:00am-9:59am,0,0,0,This section IS NOT on the NHS,1,Rural,5,Major Collector,2,County Highway Agency,4,County Road,CR-CALIFORNIA RD,W SNOW RD,30,30,41.92117778,41.92117778,-86.552666670,-86.552666670,0,No Special Jurisdiction,12,Motor Vehicle In-Transport,6,Angle,0,No,2,Intersection,2,Four-Way Intersection,0,None,,,1,On Roadway,1,Daylight,1,Clear,0,No Additional Atmospheric Conditions,1,Clear,0,No,0000000,Not Applicable,9,9:00am-9:59am,2,2,9,9:00am-9:59am,17,17,99,Unknown,99,Unknown EMS Hospital Arrival Time,14,"Motor Vehicle struck by falling cargo,or something that came loose from or something that was set in motion by a vehicle",22,Speed Limit is a Statutory Limit as Recorded or was determined as this state`s `basic rule`,0,None,1,0
2019,26,260382,Michigan,2,2,0,0,0,2,2,163,WAYNE (163),1260,DETROIT,9,9,3,March,2019,7,Saturday,20,8:00pm-8:59pm,0,0,1,This section IS ON the NHS,2,Urban,3,Principal Arterial - Other,4,City or Municipal Highway Agency,6,Local Street - Municipality,7 MILE RD,HOOVER ST,219,219,42.43443889,42.43443889,-83.004625000,-83.004625000,0,No Special Jurisdiction,12,Motor Vehicle In-Transport,2,Front-to-Front,0,No,3,Intersection-Related,2,Four-Way Intersection,0,None,,,1,On Roadway,3,Dark - Lighted,2,Rain,0,No Additional Atmospheric Conditions,2,Rain,0,No,0000000,Not Applicable,99,Unknown,99,Unknown,99,Unknown EMS Scene Arrival Hour,99,Unknown EMS Scene Arrival Minutes,99,Unknown,99,Unknown EMS Hospital Arrival Time,0,None,0,None,0,None,1,1
2019,26,260383,Michigan,2,2,0,0,0,2,2,81,KENT (81),0,NOT APPLICABLE,12,12,7,July,2019,6,Friday,18,6:00pm-6:59pm,33,33,0,This section IS NOT on the NHS,2,Urban,7,Local,2,County Highway Agency,4,County Road,CR-92ND ST SW,WILSON AVE SW,10,10,42.79746944,42.79746944,-85.762775000,-85.762775000,0,No Special Jurisdiction,12,Motor Vehicle In-Transport,6,Angle,0,No,2,Intersection,2,Four-Way Intersection,0,None,,,1,On Roadway,1,Daylight,1,Clear,0,No Additional Atmospheric Conditions,1,Clear,0,No,0000000,Not Applicable,18,6:00pm-6:59pm,33,33,99,Unknown EMS Scene Arrival Hour,99,Unknown EMS Scene Arrival Minutes,88,Not Applicable (Not Transported),88,Not Applicable (Not Transported),22,Speed Limit is a Statutory Limit as Recorded or was determined as this state`s `basic rule`,0,None,0,None,1,0
2019,26,260384,Michigan,1,1,0,1,1,2,2,163,WAYNE (163),1260,DETROIT,16,16,6,June,2019,1,Sunday,1,1:00am-1:59am,45,45,1,This section IS ON the NHS,2,Urban,3,Principal Arterial - Other,4,City or Municipal Highway Agency,2,U.S. Highway,US-12 MICHIGAN AVE,,60,60,42.33139444,42.33139444,-83.075091670,-83.075091670,0,No Special Jurisdiction,8,Pedestrian,0,The First Harmful Event was Not a Collision with a Motor Vehicle in Transport,0,No,1,Non-Junction,1,Not an Intersection,0,None,,,1,On Roadway,3,Dark - Lighted,1,Clear,0,No Additional Atmospheric Conditions,1,Clear,0,No,0000000,Not Applicable,99,Unknown,99,Unknown,99,Unknown EMS Scene Arrival Hour,99,Unknown EMS Scene Arrival Minutes,99,Unknown,99,Unknown EMS Hospital Arrival Time,99,Reported as Unknown,99,Reported as Unknown,99,Reported as Unknown,1,0
2019,26,260385,Michigan,2,2,0,0,0,2,2,163,WAYNE (163),5176,WESTLAND,21,21,6,June,2019,6,Friday,8,8:00am-8:59am,30,30,0,This section IS NOT on the NHS,2,Urban,3,Principal Arterial - Other,4,City or Municipal Highway Agency,6,Local Street - Municipality,VAN BORN RD,MERRIMAN RD,40,40,42.26746389,42.26746389,-83.348091670,-83.348091670,0,No Special Jurisdiction,12,Motor Vehicle In-Transport,6,Angle,0,No,2,Intersection,2,Four-Way Intersection,0,None,,,1,On Roadway,1,Daylight,1,Clear,0,No Additional Atmospheric Conditions,1,Clear,0,No,0000000,Not Applicable,8,8:00am-8:59am,35,35,8,8:00am-8:59am,45,45,99,Unknown,99,Unknown EMS Hospital Arrival Time,0,None,0,None,0,None,1,0
2019,26,260386,Michigan,1,1,0,0,0,1,1,125,OAKLAND (125),0,NOT APPLICABLE,30,30,6,June,2019,1,Sunday,8,8:00am-8:59am,58,58,0,This section IS NOT on the NHS,2,Urban,5,Major Collector,2,County Highway Agency,4,County Road,CR-HICKORY GROVE RD,,11,11,42.59618611,42.59618611,-83.269983330,-83.269983330,0,No Special Jurisdiction,42,Tree (Standing Only),0,The First Harmful Event was Not a Collision with a Motor Vehicle in Transport,0,No,1,Non-Junction,1,Not an Intersection,0,None,,,4,On Roadside,1,Daylight,1,Clear,0,No Additional Atmospheric Conditions,1,Clear,0,No,0000000,Not Applicable,9,9:00am-9:59am,0,0,9,9:00am-9:59am,3,3,88,Not Applicable (Not Transported),88,Not Applicable (Not Transported),99,Reported as Unknown,99,Reported as Unknown,99,Reported as Unknown,1,1
2019,26,260387,Michigan,2,2,0,0,0,2,2,45,EATON (45),0,NOT APPLICABLE,29,29,6,June,2019,7,Saturday,20,8:00pm-8:59pm,36,36,0,This section IS NOT on the NHS,1,Rural,7,Local,2,County Highway Agency,4,County Road,CR-MILLER HWY,,1,1,42.46570556,42.46570556,-84.892116670,-84.892116670,0,No Special Jurisdiction,12,Motor Vehicle In-Transport,2,Front-to-Front,0,No,1,Non-Junction,1,Not an Intersection,0,None,,,1,On Roadway,1,Daylight,1,Clear,0,No Additional Atmospheric Conditions,1,Clear,0,No,0000000,Not Applicable,20,8:00pm-8:59pm,37,37,20,8:00pm-8:59pm,50,50,99,Unknown,99,Unknown EMS Hospital Arrival Time,22,Speed Limit is a Statutory Limit as Recorded or was determined as this state`s `basic rule`,0,None,0,None,1,0
2019,26,260388,Michigan,2,2,0,0,0,3,3,123,NEWAYGO (123),0,NOT APPLICABLE,27,27,6,June,2019,5,Thursday,17,5:00pm-5:59pm,20,20,0,This section IS NOT on the NHS,1,Rural,4,Minor Arterial,2,County Highway Agency,4,County Road,CR-STONE RD,,30,30,43.50780278,43.50780278,-85.959794440,-85.959794440,0,No Special Jurisdiction,12,Motor Vehicle In-Transport,1,Front-to-Rear,0,No,1,Non-Junction,1,Not an Intersection,0,None,,,1,On Roadway,1,Daylight,1,Clear,0,No Additional Atmospheric Conditions,1,Clear,0,No,0000000,Not Applicable,17,5:00pm-5:59pm,23,23,17,5:00pm-5:59pm,31,31,99,Unknown,99,Unknown EMS Hospital Arrival Time,0,None,0,None,0,None,1,0
2019,26,260389,Michigan,2,2,0,0,0,2,2,45,EATON (45),0,NOT APPLICABLE,23,23,6,June,2019,1,Sunday,2,2:00am-2:59am,39,39,0,This section IS NOT on the NHS,1,Rural,4,Minor Arterial,1,State Highway Agency,3,State Highway,SR-43 GRAND LEDGE GWY,,108,108,42.75562500,42.75562500,-84.836166670,-84.836166670,0,No Special Jurisdiction,12,Motor Vehicle In-Transport,7,Sideswipe - Same Direction,0,No,1,Non-Junction,1,Not an Intersection,0,None,,,1,On Roadway,2,Dark - Not Lighted,1,Clear,0,No Additional Atmospheric Conditions,1,Clear,0,No,0000000,Not Applicable,99,Unknown,99,Unknown,99,Unknown EMS Scene Arrival Hour,99,Unknown EMS Scene Arrival Minutes,99,Unknown,99,Unknown EMS Hospital Arrival Time,99,Reported as Unknown,99,Reported as Unknown,99,Reported as Unknown,1,2
2019,26,260390,Michigan,2,2,0,0,0,3,3,125,OAKLAND (125),0,NOT APPLICABLE,30,30,6,June,2019,1,Sunday,9,9:00am-9:59am,57,57,0,This section IS NOT on the NHS,2,Urban,5,Major Collector,2,County Highway Agency,4,County Road,CR-HOSPITAL RD,ELIZABETH LAKE RD,20,20,42.64473611,42.64473611,-83.424930560,-83.424930560,0,No Special Jurisdiction,12,Motor Vehicle In-Transport,2,Front-to-Front,0,No,2,Intersection,2,Four-Way Intersection,0,None,,,1,On Roadway,1,Daylight,1,Clear,0,No Additional Atmospheric Conditions,1,Clear,0,No,0000000,Not Applicable,9,9:00am-9:59am,57,57,10,10:00am-10:59am,0,0,99,Unknown,99,Unknown EMS Hospital Arrival Time,0,None,0,None,0,None,2,0
2019,26,260391,Michigan,1,1,0,0,0,1,1,45,EATON (45),0,NOT APPLICABLE,30,30,5,May,2019,5,Thursday,14,2:00pm-2:59pm,14,14,1,This section IS ON the NHS,2,Urban,1,Interstate,1,State Highway Agency,1,Interstate,I-496 RAMP 007B,,8,8,42.71213333,42.71213333,-84.669963890,-84.669963890,0,No Special Jurisdiction,24,Guardrail Face,0,The First Harmful Event was Not a Collision with a Motor Vehicle in Transport,1,Yes,5,Entrance/Exit Ramp Related,1,Not an Intersection,0,None,,,4,On Roadside,1,Daylight,10,Cloudy,0,No Additional Atmospheric Conditions,10,Cloudy,0,No,0000000,Not Applicable,99,Unknown,99,Unknown,99,Unknown EMS Scene Arrival Hour,99,Unknown EMS Scene Arrival Minutes,88,Not Applicable (Not Transported),88,Not Applicable (Not Transported),0,None,0,None,0,None,1,0
2019,26,260392,Michigan,1,1,0,0,0,1,1,103,MARQUETTE (103),0,NOT APPLICABLE,26,26,6,June,2019,4,Wednesday,20,8:00pm-8:59pm,0,0,1,This section IS ON the NHS,1,Rural,3,Principal Arterial - Other,1,State Highway Agency,3,State Highway,SR-95,,20,20,46.27210278,46.27210278,-88.018005560,-88.018005560,0,No Special Jurisdiction,42,Tree (Standing Only),0,The First Harmful Event was Not a Collision with a Motor Vehicle in Transport,0,No,1,Non-Junction,1,Not an Intersection,0,None,,,5,Outside Trafficway,9,Reported as Unknown,99,Reported as Unknown,0,No Additional Atmospheric Conditions,99,Reported as Unknown,0,No,0000000,Not Applicable,6,6:00am-6:59am,30,30,7,7:00am-7:59am,0,0,88,Not Applicable (Not Transported),88,Not Applicable (Not Transported),99,Reported as Unknown,99,Reported as Unknown,99,Reported as Unknown,1,1