caseyear,state,st_case,statename,ve_total,ve_forms,pvh_invl,peds,pernotmvit,permvit,persons,county,countyname,city,cityname,day,dayname,month,monthname,year,day_week,day_weekname,hour,hourname,minute,minutename,nhs,nhsname,rur_urb,rur_urbname,func_sys,func_sysname,rd_owner,rd_ownername,route,routename,tway_id,tway_id2,milept,mileptname,latitude,latitudename,longitud,longitudname,sp_jur,sp_jurname,harm_ev,harm_evname,man_coll,man_collname,reljct1,reljct1name,reljct2,reljct2name,typ_int,typ_intname,wrk_zone,wrk_zonename,road_fnc,road_fncname,rel_road,rel_roadname,lgt_cond,lgt_condname,weather1,weather1name,weather2,weather2name,weather,weathername,sch_bus,sch_busname,rail,railname,not_hour,not_hourname,not_min,not_minname,arr_hour,arr_hourname,arr_min,arr_minname,hosp_hr,hosp_hrname,hosp_mn,hosp_mnname,cf1,cf1name,cf2,cf2name,cf3,cf3name,fatals,drunk_dr
2019,26,260554,Michigan,1,1,0,0,0,1,1,131,ONTONAGON (131),3700,ONTONAGON,14,14,9,September,2019,7,Saturday,20,8:00pm-8:59pm,30,30,0,This section IS NOT on the NHS,1,Rural,5,Major Collector,4,City or Municipal Highway Agency,6,Local Street - Municipality,GREENLAND RD,SR-38,4,4,46.86623889,46.86623889,-89.308330560,-89.308330560,0,No Special Jurisdiction,33,Curb,0,The First Harmful Event was Not a Collision with a Motor Vehicle in Transport,0,No,3,Intersection-Related,3,T-Intersection,0,None,,,4,On Roadside,5,Dusk,10,Cloudy,0,No Additional Atmospheric Conditions,10,Cloudy,0,No,0000000,Not Applicable,20,8:00pm-8:59pm,33,33,20,8:00pm-8:59pm,40,40,99,Unknown,99,Unknown EMS Hospital Arrival Time,99,Reported as Unknown,99,Reported as Unknown,99,Reported as Unknown,1,0
2019,26,260555,Michigan,1,1,0,0,0,1,1,31,CHEBOYGAN (31),0,NOT APPLICABLE,5,5,9,September,2019,5,Thursday,22,10:00pm-10:59pm,30,30,0,This section IS NOT on the NHS,1,Rural,5,Major Collector,2,County Highway Agency,4,County Road,CR-LEVERING RD,,19,19,45.63293333,45.63293333,-84.700211110,-84.700211110,0,No Special Jurisdiction,1,Rollover/Overturn,0,The First Harmful Event was Not a Collision with a Motor Vehicle in Transport,0,No,1,Non-Junction,1,Not an Intersection,0,None,,,4,On Roadside,2,Dark - Not Lighted,10,Cloudy,0,No Additional Atmospheric Conditions,10,Cloudy,0,No,0000000,Not Applicable,7,7:00am-7:59am,52,52,8,8:00am-8:59am,5,5,88,Not Applicable (Not Transported),88,Not Applicable (Not Transported),18,Date of Crash and Date of EMS Notification were not the same day,0,None,0,None,1,1
2019,26,260556,Michigan,2,2,0,0,0,3,3,159,VAN BUREN (159),0,NOT APPLICABLE,11,11,9,September,2019,4,Wednesday,8,8:00am-8:59am,5,5,0,This section IS NOT on the NHS,2,Urban,7,Local,2,County Highway Agency,4,County Road,CR-30TH ST,64TH AVE,24,24,42.18610833,42.18610833,-85.842338890,-85.842338890,0,No Special Jurisdiction,12,Motor Vehicle In-Transport,6,Angle,0,No,2,Intersection,2,Four-Way Intersection,0,None,,,1,On Roadway,1,Daylight,1,Clear,0,No Additional Atmospheric Conditions,1,Clear,0,No,0000000,Not Applicable,99,Unknown,99,Unknown,99,Unknown EMS Scene Arrival Hour,99,Unknown EMS Scene Arrival Minutes,99,Unknown,99,Unknown EMS Hospital Arrival Time,22,Speed Limit is a Statutory Limit as Recorded or was determined as this state`s `basic rule`,0,None,0,None,1,0
2019,26,260557,Michigan,2,2,0,0,0,2,2,139,OTTAWA (139),0,NOT APPLICABLE,6,6,9,September,2019,6,Friday,13,1:00pm-1:59pm,12,12,0,This section IS NOT on the NHS,1,Rural,5,Major Collector,2,County Highway Agency,4,County Road,CR-148TH AVE,,29,29,43.09195556,43.09195556,-86.155988890,-86.155988890,0,No Special Jurisdiction,12,Motor Vehicle In-Transport,2,Front-to-Front,0,No,1,Non-Junction,1,Not an Intersection,0,None,,,1,On Roadway,1,Daylight,10,Cloudy,0,No Additional Atmospheric Conditions,10,Cloudy,0,No,0000000,Not Applicable,13,1:00pm-1:59pm,13,13,13,1:00pm-1:59pm,19,19,99,Unknown,99,Unknown EMS Hospital Arrival Time,0,None,0,None,0,None,1,1
2019,26,260558,Michigan,2,2,0,0,0,3,3,99,MACOMB (99),1810,FRASER,1,1,9,September,2019,1,Sunday,18,6:00pm-6:59pm,36,36,1,This section IS ON the NHS,2,Urban,3,Principal Arterial - Other,1,State Highway Agency,3,State Highway,SR-97 GROESBECK RD,,71,71,42.53897778,42.53897778,-82.935258330,-82.935258330,0,No Special Jurisdiction,12,Motor Vehicle In-Transport,2,Front-to-Front,0,No,1,Non-Junction,1,Not an Intersection,0,None,,,1,On Roadway,1,Daylight,1,Clear,0,No Additional Atmospheric Conditions,1,Clear,0,No,0000000,Not Applicable,99,Unknown,99,Unknown,99,Unknown EMS Scene Arrival Hour,99,Unknown EMS Scene Arrival Minutes,99,Unknown,99,Unknown EMS Hospital Arrival Time,0,None,0,None,0,None,1,0
2019,26,260559,Michigan,2,2,0,0,0,2,2,121,MUSKEGON (121),0,NOT APPLICABLE,28,28,9,September,2019,7,Saturday,12,12:00pm-12:59pm,21,21,0,This section IS NOT on the NHS,1,Rural,4,Minor Arterial,2,County Highway Agency,4,County Road,CR-N MAPLE ISLAND RD,N WHITE RD,101,101,43.26395278,43.26395278,-86.067527780,-86.067527780,0,No Special Jurisdiction,12,Motor Vehicle In-Transport,6,Angle,0,No,2,Intersection,2,Four-Way Intersection,0,None,,,1,On Roadway,1,Daylight,1,Clear,0,No Additional Atmospheric Conditions,1,Clear,0,No,0000000,Not Applicable,12,12:00pm-12:59pm,23,23,12,12:00pm-12:59pm,29,29,99,Unknown,99,Unknown EMS Hospital Arrival Time,0,None,0,None,0,None,1,0
2019,26,260560,Michigan,1,1,0,0,0,2,2,21,BERRIEN (21),3560,NILES,8,8,9,September,2019,1,Sunday,18,6:00pm-6:59pm,49,49,0,This section IS NOT on the NHS,2,Urban,5,Major Collector,4,City or Municipal Highway Agency,6,Local Street - Municipality,17TH ST,,6,6,41.82777500,41.82777500,-86.234669440,-86.234669440,0,No Special Jurisdiction,11,Live Animal,0,The First Harmful Event was Not a Collision with a Motor Vehicle in Transport,0,No,1,Non-Junction,1,Not an Intersection,0,None,,,1,On Roadway,1,Daylight,1,Clear,0,No Additional Atmospheric Conditions,1,Clear,0,No,0000000,Not Applicable,18,6:00pm-6:59pm,52,52,18,6:00pm-6:59pm,58,58,99,Unknown,99,Unknown EMS Hospital Arrival Time,99,Reported as Unknown,99,Reported as Unknown,99,Reported as Unknown,1,0
2019,26,260561,Michigan,2,2,0,0,0,2,2,139,OTTAWA (139),0,NOT APPLICABLE,14,14,9,September,2019,7,Saturday,7,7:00am-7:59am,8,8,1,This section IS ON the NHS,2,Urban,3,Principal Arterial - Other,1,State Highway Agency,3,State Highway,SR-45 LAKE MICHIGAN DR,,84,84,42.97251944,42.97251944,-85.794705560,-85.794705560,0,No Special Jurisdiction,12,Motor Vehicle In-Transport,6,Angle,0,No,1,Non-Junction,1,Not an Intersection,0,None,,,1,On Roadway,1,Daylight,1,Clear,0,No Additional Atmospheric Conditions,1,Clear,0,No,0000000,Not Applicable,7,7:00am-7:59am,8,8,7,7:00am-7:59am,12,12,99,Unknown,99,Unknown EMS Hospital Arrival Time,0,None,0,None,0,None,1,0
2019,26,260562,Michigan,2,2,0,0,0,3,3,21,BERRIEN (21),0,NOT APPLICABLE,14,14,9,September,2019,7,Saturday,12,12:00pm-12:59pm,44,44,0,This section IS NOT on the NHS,2,Urban,7,Local,2,County Highway Agency,4,County Road,CR-LINCO RD,JERICHO RD,7,7,41.98547500,41.98547500,-86.523994440,-86.523994440,0,No Special Jurisdiction,12,Motor Vehicle In-Transport,6,Angle,0,No,2,Intersection,2,Four-Way Intersection,0,None,,,1,On Roadway,1,Daylight,1,Clear,0,No Additional Atmospheric Conditions,1,Clear,0,No,0000000,Not Applicable,12,12:00pm-12:59pm,47,47,12,12:00pm-12:59pm,50,50,88,Not Applicable (Not Transported),88,Not Applicable (Not Transported),0,None,0,None,0,None,2,0
2019,26,260563,Michigan,1,1,0,1,1,1,1,163,WAYNE (163),1260,DETROIT,11,11,9,September,2019,4,Wednesday,13,1:00pm-1:59pm,45,45,1,This section IS ON the NHS,2,Urban,3,Principal Arterial - Other,1,State Highway Agency,3,State Highway,SR-3 GRATIOT AVE,,76,76,42.43150000,42.43150000,-82.980044440,-82.980044440,0,No Special Jurisdiction,8,Pedestrian,0,The First Harmful Event was Not a Collision with a Motor Vehicle in Transport,0,No,1,Non-Junction,1,Not an Intersection,0,None,,,4,On Roadside,1,Daylight,1,Clear,0,No Additional Atmospheric Conditions,1,Clear,0,No,0000000,Not Applicable,99,Unknown,99,Unknown,99,Unknown EMS Scene Arrival Hour,99,Unknown EMS Scene Arrival Minutes,88,Not Applicable (Not Transported),88,Not Applicable (Not Transported),99,Reported as Unknown,99,Reported as Unknown,99,Reported as Unknown,1,0
2019,26,260564,Michigan,1,1,0,0,0,1,1,65,INGHAM (65),2700,LANSING,14,14,9,September,2019,7,Saturday,3,3:00am-3:59am,8,8,1,This section IS ON the NHS,2,Urban,3,Principal Arterial - Other,4,City or Municipal Highway Agency,6,Local Street - Municipality,MARTIN LUTHER KING BLVD,SHIAWASEE,64,64,42.73733611,42.73733611,-84.567247220,-84.567247220,0,No Special Jurisdiction,1,Rollover/Overturn,0,The First Harmful Event was Not a Collision with a Motor Vehicle in Transport,0,No,2,Intersection,2,Four-Way Intersection,0,None,,,1,On Roadway,3,Dark - Lighted,10,Cloudy,0,No Additional Atmospheric Conditions,10,Cloudy,0,No,0000000,Not Applicable,3,3:00am-3:59am,8,8,3,3:00am-3:59am,12,12,99,Unknown,99,Unknown EMS Hospital Arrival Time,99,Reported as Unknown,99,Reported as Unknown,99,Reported as Unknown,1,0
2019,26,260565,Michigan,2,2,0,0,0,2,2,163,WAYNE (163),1260,DETROIT,14,14,9,September,2019,7,Saturday,12,12:00pm-12:59pm,45,45,0,This section IS NOT on the NHS,2,Urban,7,Local,4,City or Municipal Highway Agency,6,Local Street - Municipality,RIVERVIEW ST,CLARITA ST,2,2,42.42662778,42.42662778,-83.275316670,-83.275316670,0,No Special Jurisdiction,12,Motor Vehicle In-Transport,6,Angle,0,No,2,Intersection,2,Four-Way Intersection,0,None,,,1,On Roadway,1,Daylight,1,Clear,0,No Additional Atmospheric Conditions,1,Clear,0,No,0000000,Not Applicable,99,Unknown,99,Unknown,99,Unknown EMS Scene Arrival Hour,99,Unknown EMS Scene Arrival Minutes,99,Unknown,99,Unknown EMS Hospital Arrival Time,0,None,0,None,0,None,1,0
2019,26,260566,Michigan,1,1,0,0,0,1,1,49,GENESEE (49),1730,FLINT,17,17,9,September,2019,3,Tuesday,2,2:00am-2:59am,57,57,1,This section IS ON the NHS,2,Urban,3,Principal Arterial - Other,4,City or Municipal Highway Agency,6,Local Street - Municipality,CLIO RD,,21,21,43.06890000,43.06890000,-83.733466670,-83.733466670,0,No Special Jurisdiction,30,Utility Pole/Light Support,0,The First Harmful Event was Not a Collision with a Motor Vehicle in Transport,0,No,1,Non-Junction,1,Not an Intersection,0,None,,,4,On Roadside,3,Dark - Lighted,1,Clear,0,No Additional Atmospheric Conditions,1,Clear,0,No,0000000,Not Applicable,99,Unknown,99,Unknown,99,Unknown EMS Scene Arrival Hour,99,Unknown EMS Scene Arrival Minutes,88,Not Applicable (Not Transported),88,Not Applicable (Not Transported),0,None,0,None,0,None,1,1
2019,26,260567,Michigan,2,2,0,0,0,2,2,69,IOSCO (69),0,NOT APPLICABLE,18,18,9,September,2019,4,Wednesday,15,3:00pm-3:59pm,52,52,1,This section IS ON the NHS,1,Rural,3,Principal Arterial - Other,1,State Highway Agency,2,U.S. Highway,US-23 HURON RD,ASTER RD,169,169,44.33320833,44.33320833,-83.372238890,-83.372238890,0,No Special Jurisdiction,12,Motor Vehicle In-Transport,1,Front-to-Rear,0,No,2,Intersection,4,Y-Intersection,0,None,,,1,On Roadway,1,Daylight,1,Clear,0,No Additional Atmospheric Conditions,1,Clear,0,No,0000000,Not Applicable,99,Unknown,99,Unknown,99,Unknown EMS Scene Arrival Hour,99,Unknown EMS Scene Arrival Minutes,99,Unknown,99,Unknown EMS Hospital Arrival Time,0,None,0,None,0,None,1,0
2019,26,260568,Michigan,1,1,0,0,0,1,1,25,CALHOUN (25),0,NOT APPLICABLE,19,19,9,September,2019,5,Thursday,20,8:00pm-8:59pm,39,39,0,This section IS NOT on the NHS,1,Rural,6,Minor Collector,2,County Highway Agency,4,County Road,CR-V DR N,,87,87,42.40715278,42.40715278,-84.795175000,-84.795175000,0,No Special Jurisdiction,11,Live Animal,0,The First Harmful Event was Not a Collision with a Motor Vehicle in Transport,0,No,1,Non-Junction,1,Not an Intersection,0,None,,,1,On Roadway,2,Dark - Not Lighted,1,Clear,0,No Additional Atmospheric Conditions,1,Clear,0,No,0000000,Not Applicable,20,8:00pm-8:59pm,39,39,20,8:00pm-8:59pm,52,52,99,Unknown,99,Unknown EMS Hospital Arrival Time,22,Speed Limit is a Statutory Limit as Recorded or was determined as this state`s `basic rule`,0,None,0,None,1,0
2019,26,260569,Michigan,2,2,0,0,0,2,2,43,DICKINSON (43),0,NOT APPLICABLE,23,23,9,September,2019,2,Monday,9,9:00am-9:59am,23,23,1,This section IS ON the NHS,1,Rural,3,Principal Arterial - Other,1,State Highway Agency,3,State Highway,SR-95,SR-69,162,162,46.08728333,46.08728333,-88.075763890,-88.075763890,0,No Special Jurisdiction,12,Motor Vehicle In-Transport,6,Angle,0,No,2,Intersection,2,Four-Way Intersection,0,None,,,1,On Roadway,1,Daylight,10,Cloudy,0,No Additional Atmospheric Conditions,10,Cloudy,0,No,0000000,Not Applicable,9,9:00am-9:59am,27,27,9,9:00am-9:59am,33,33,88,Not Applicable (Not Transported),88,Not Applicable (Not Transported),0,None,0,None,0,None,1,0
2019,26,260570,Michigan,2,2,0,1,1,2,2,161,WASHTENAW (161),0,NOT APPLICABLE,24,24,8,August,2019,7,Saturday,22,10:00pm-10:59pm,30,30,1,This section IS ON the NHS,2,Urban,2,Principal Arterial - Other Freeways and Expressways,1,State Highway Agency,3,State Highway,SR-14,,59,59,42.32712500,42.32712500,-83.632041670,-83.632041670,0,No Special Jurisdiction,8,Pedestrian,0,The First Harmful Event was Not a Collision with a Motor Vehicle in Transport,0,No,1,Non-Junction,1,Not an Intersection,0,None,,,1,On Roadway,2,Dark - Not Lighted,1,Clear,0,No Additional Atmospheric Conditions,1,Clear,0,No,0000000,Not Applicable,99,Unknown,99,Unknown,99,Unknown EMS Scene Arrival Hour,99,Unknown EMS Scene Arrival Minutes,88,Not Applicable (Not Transported),88,Not Applicable (Not Transported),0,None,0,None,0,None,1,0
2019,26,260571,Michigan,1,1,0,0,0,1,1,75,JACKSON (75),0,NOT APPLICABLE,20,20,8,August,2019,3,Tuesday,13,1:00pm-1:59pm,0,0,0,This section IS NOT on the NHS,1,Rural,5,Major Collector,2,County Highway Agency,4,County Road,CR-JEFFERSON RD,GILETTE RD,5,5,42.11993611,42.11993611,-84.393472220,-84.393472220,0,No Special Jurisdiction,35,Embankment,0,The First Harmful Event was Not a Collision with a Motor Vehicle in Transport,0,No,3,Intersection-Related,3,T-Intersection,0,None,,,4,On Roadside,1,Daylight,1,Clear,0,No Additional Atmospheric Conditions,1,Clear,0,No,0000000,Not Applicable,14,2:00pm-2:59pm,9,9,14,2:00pm-2:59pm,11,11,99,Unknown,99,Unknown EMS Hospital Arrival Time,0,None,0,None,0,None,1,0
2019,26,260572,Michigan,1,1,0,0,0,1,1,25,CALHOUN (25),0,NOT APPLICABLE,8,8,6,June,2019,7,Saturday,19,7:00pm-7:59pm,15,15,0,This section IS NOT on the NHS,1,Rural,7,Local,2,County Highway Agency,4,County Road,CR-23 1/2 MILE RD,,11,11,42.17545833,42.17545833,-84.836902780,-84.836902780,0,No Special Jurisdiction,34,Ditch,0,The First Harmful Event was Not a Collision with a Motor Vehicle in Transport,0,No,1,Non-Junction,1,Not an Intersection,0,None,,,4,On Roadside,1,Daylight,1,Clear,0,No Additional Atmospheric Conditions,1,Clear,0,No,0000000,Not Applicable,99,Unknown,99,Unknown,99,Unknown EMS Scene Arrival Hour,99,Unknown EMS Scene Arrival Minutes,88,Not Applicable (Not Transported),88,Not Applicable (Not Transported),22,Speed Limit is a Statutory Limit as Recorded or was determined as this state`s `basic rule`,0,None,0,None,1,0
2019,26,260573,Michigan,1,1,0,0,0,1,1,77,KALAMAZOO (77),0,NOT APPLICABLE,31,31,8,August,2019,7,Saturday,15,3:00pm-3:59pm,38,38,1,This section IS ON the NHS,1,Rural,1,Interstate,1,State Highway Agency,1,Interstate,I-94,,195,195,42.27795833,42.27795833,-85.404827780,-85.404827780,0,No Special Jurisdiction,52,Guardrail End,0,The First Harmful Event was Not a Collision with a Motor Vehicle in Transport,0,No,1,Non-Junction,1,Not an Intersection,0,None,,,4,On Roadside,1,Daylight,1,Clear,0,No Additional Atmospheric Conditions,1,Clear,0,No,0000000,Not Applicable,15,3:00pm-3:59pm,38,38,15,3:00pm-3:59pm,51,51,88,Not Applicable (Not Transported),88,Not Applicable (Not Transported),99,Reported as Unknown,99,Reported as Unknown,99,Reported as Unknown,1,1
2019,26,260574,Michigan,2,2,0,0,0,6,6,37,CLINTON (37),0,NOT APPLICABLE,3,3,8,August,2019,7,Saturday,14,2:00pm-2:59pm,28,28,0,This section IS NOT on the NHS,1,Rural,7,Local,2,County Highway Agency,4,County Road,CR-SLEIGHT RD,S WATSON RD,11,11,42.82033333,42.82033333,-84.462952780,-84.462952780,0,No Special Jurisdiction,12,Motor Vehicle In-Transport,6,Angle,0,No,8,Driveway Access Related,1,Not an Intersection,0,None,,,4,On Roadside,1,Daylight,1,Clear,0,No Additional Atmospheric Conditions,1,Clear,0,No,0000000,Not Applicable,99,Unknown,99,Unknown,99,Unknown EMS Scene Arrival Hour,99,Unknown EMS Scene Arrival Minutes,99,Unknown,99,Unknown EMS Hospital Arrival Time,0,None,0,None,0,None,1,0
2019,26,260575,Michigan,1,1,0,1,1,1,1,163,WAYNE (163),1260,DETROIT,23,23,6,June,2019,1,Sunday,14,2:00pm-2:59pm,50,50,0,This section IS NOT on the NHS,2,Urban,4,Minor Arterial,4,City or Municipal Highway Agency,6,Local Street - Municipality,HARPER AVE,,24,24,42.39908611,42.39908611,-82.983522220,-82.983522220,0,No Special Jurisdiction,8,Pedestrian,0,The First Harmful Event was Not a Collision with a Motor Vehicle in Transport,0,No,1,Non-Junction,1,Not an Intersection,0,None,,,1,On Roadway,1,Daylight,1,Clear,0,No Additional Atmospheric Conditions,1,Clear,0,No,0000000,Not Applicable,99,Unknown,99,Unknown,99,Unknown EMS Scene Arrival Hour,99,Unknown EMS Scene Arrival Minutes,99,Unknown,99,Unknown EMS Hospital Arrival Time,99,Reported as Unknown,99,Reported as Unknown,99,Reported as Unknown,2,0
2019,26,260576,Michigan,1,1,0,1,1,1,1,163,WAYNE (163),1260,DETROIT,25,25,8,August,2019,1,Sunday,3,3:00am-3:59am,36,36,1,This section IS ON the NHS,2,Urban,3,Principal Arterial - Other,1,State Highway Agency,3,State Highway,SR-53 VAN DYKE ST,,33,33,42.42585278,42.42585278,-83.023905560,-83.023905560,0,No Special Jurisdiction,8,Pedestrian,0,The First Harmful Event was Not a Collision with a Motor Vehicle in Transport,0,No,1,Non-Junction,1,Not an Intersection,0,None,,,1,On Roadway,2,Dark - Not Lighted,1,Clear,0,No Additional Atmospheric Conditions,1,Clear,0,No,0000000,Not Applicable,99,Unknown,99,Unknown,99,Unknown EMS Scene Arrival Hour,99,Unknown EMS Scene Arrival Minutes,88,Not Applicable (Not Transported),88,Not Applicable (Not Transported),99,Reported as Unknown,99,Reported as Unknown,99,Reported as Unknown,1,1
2019,26,260577,Michigan,4,4,0,0,0,5,5,155,SHIAWASSEE (155),0,NOT APPLICABLE,13,13,7,July,2019,7,Saturday,23,11:00pm-11:59pm,4,4,1,This section IS ON the NHS,1,Rural,1,Interstate,1,State Highway Agency,1,Interstate,I-69,,142,142,42.88341389,42.88341389,-84.115911110,-84.115911110,0,No Special Jurisdiction,1,Rollover/Overturn,0,The First Harmful Event was Not a Collision with a Motor Vehicle in Transport,0,No,1,Non-Junction,1,Not an Intersection,0,None,,,3,On Median,2,Dark - Not Lighted,1,Clear,0,No Additional Atmospheric Conditions,1,Clear,0,No,0000000,Not Applicable,99,Unknown,99,Unknown,99,Unknown EMS Scene Arrival Hour,99,Unknown EMS Scene Arrival Minutes,88,Not Applicable (Not Transported),88,Not Applicable (Not Transported),14,"Motor Vehicle struck by falling cargo,or something that came loose from or something that was set in motion by a vehicle",0,None,0,None,1,1
2019,26,260578,Michigan,2,2,0,0,0,2,2,99,MACOMB (99),1440,EASTPOINTE,5,5,9,September,2019,5,Thursday,22,10:00pm-10:59pm,53,53,0,This section IS NOT on the NHS,2,Urban,4,Minor Arterial,4,City or Municipal Highway Agency,6,Local Street - Municipality,10 MILE RD,DALE AVE,62,62,42.47954444,42.47954444,-82.964088890,-82.964088890,0,No Special Jurisdiction,12,Motor Vehicle In-Transport,1,Front-to-Rear,0,No,3,Intersection-Related,3,T-Intersection,0,None,,,1,On Roadway,3,Dark - Lighted,1,Clear,0,No Additional Atmospheric Conditions,1,Clear,0,No,0000000,Not Applicable,22,10:00pm-10:59pm,57,57,23,11:00pm-11:59pm,1,1,99,Unknown,99,Unknown EMS Hospital Arrival Time,0,None,0,None,0,None,1,1
2019,26,260579,Michigan,2,2,0,0,0,4,4,75,JACKSON (75),0,NOT APPLICABLE,12,12,9,September,2019,5,Thursday,2,2:00am-2:59am,30,30,1,This section IS ON the NHS,2,Urban,1,Interstate,1,State Highway Agency,1,Interstate,I-94,,162,162,42.27177778,42.27177778,-84.403922220,-84.403922220,0,No Special Jurisdiction,1,Rollover/Overturn,0,The First Harmful Event was Not a Collision with a Motor Vehicle in Transport,0,No,1,Non-Junction,1,Not an Intersection,4,"Work Zone, Type Unknown",,,4,On Roadside,2,Dark - Not Lighted,2,Rain,0,No Additional Atmospheric Conditions,2,Rain,0,No,0000000,Not Applicable,99,Unknown,99,Unknown,99,Unknown EMS Scene Arrival Hour,99,Unknown EMS Scene Arrival Minutes,99,Unknown,99,Unknown EMS Hospital Arrival Time,14,"Motor Vehicle struck by falling cargo,or something that came loose from or something that was set in motion by a vehicle",0,None,0,None,1,0
2019,26,260580,Michigan,2,2,0,0,0,2,2,81,KENT (81),2010,GRAND RAPIDS,23,23,8,August,2019,6,Friday,20,8:00pm-8:59pm,17,17,0,This section IS NOT on the NHS,2,Urban,7,Local,4,City or Municipal Highway Agency,6,Local Street - Municipality,DIAMOND AVE,,0,None,42.95496111,42.95496111,-85.644397220,-85.644397220,0,No Special Jurisdiction,12,Motor Vehicle In-Transport,2,Front-to-Front,0,No,1,Non-Junction,1,Not an Intersection,0,None,,,1,On Roadway,1,Daylight,1,Clear,0,No Additional Atmospheric Conditions,1,Clear,0,No,0000000,Not Applicable,99,Unknown,99,Unknown,99,Unknown EMS Scene Arrival Hour,99,Unknown EMS Scene Arrival Minutes,99,Unknown,99,Unknown EMS Hospital Arrival Time,99,Reported as Unknown,99,Reported as Unknown,99,Reported as Unknown,1,1
2019,26,260581,Michigan,1,1,0,4,4,1,1,45,EATON (45),0,NOT APPLICABLE,18,18,9,September,2019,4,Wednesday,15,3:00pm-3:59pm,19,19,0,This section IS NOT on the NHS,1,Rural,5,Major Collector,4,City or Municipal Highway Agency,4,County Road,CR-W VERMONTVILLE HWY,,71,71,42.62634444,42.62634444,-84.943094440,-84.943094440,0,No Special Jurisdiction,49,Ridden Animal or Animal Drawn Conveyance,0,The First Harmful Event was Not a Collision with a Motor Vehicle in Transport,0,No,1,Non-Junction,1,Not an Intersection,0,None,,,1,On Roadway,1,Daylight,1,Clear,0,No Additional Atmospheric Conditions,1,Clear,0,No,0000000,Not Applicable,15,3:00pm-3:59pm,20,20,15,3:00pm-3:59pm,29,29,99,Unknown,99,Unknown EMS Hospital Arrival Time,22,Speed Limit is a Statutory Limit as Recorded or was determined as this state`s `basic rule`,0,None,0,None,3,0
2019,26,260582,Michigan,1,1,0,1,1,1,1,49,GENESEE (49),1731,FLINT TOWNSHIP,22,22,8,August,2019,5,Thursday,14,2:00pm-2:59pm,6,6,0,This section IS NOT on the NHS,6,Trafficway Not in State Inventory,96,Trafficway Not in State Inventory,96,Trafficway Not in State Inventory,4,County Road,CR-VALLEY DR,,0,None,42.96086389,42.96086389,-83.811008330,-83.811008330,0,No Special Jurisdiction,8,Pedestrian,0,The First Harmful Event was Not a Collision with a Motor Vehicle in Transport,0,No,1,Non-Junction,1,Not an Intersection,0,None,,,1,On Roadway,1,Daylight,1,Clear,0,No Additional Atmospheric Conditions,1,Clear,0,No,0000000,Not Applicable,99,Unknown,99,Unknown,99,Unknown EMS Scene Arrival Hour,99,Unknown EMS Scene Arrival Minutes,99,Unknown,99,Unknown EMS Hospital Arrival Time,99,Reported as Unknown,99,Reported as Unknown,99,Reported as Unknown,1,0
2019,26,260583,Michigan,2,2,0,0,0,2,2,5,ALLEGAN (5),2290,HOLLAND,27,27,8,August,2019,3,Tuesday,16,4:00pm-4:59pm,20,20,1,This section IS ON the NHS,2,Urban,3,Principal Arterial - Other,1,State Highway Agency,2,U.S. Highway,US-31,CENTRAL AVE,28,28,42.75790000,42.75790000,-86.106705560,-86.106705560,0,No Special Jurisdiction,12,Motor Vehicle In-Transport,6,Angle,0,No,2,Intersection,2,Four-Way Intersection,0,None,,,1,On Roadway,1,Daylight,1,Clear,0,No Additional Atmospheric Conditions,1,Clear,0,No,0000000,Not Applicable,16,4:00pm-4:59pm,20,20,16,4:00pm-4:59pm,24,24,99,Unknown,99,Unknown EMS Hospital Arrival Time,0,None,0,None,0,None,1,0
2019,26,260584,Michigan,1,1,0,1,1,1,1,11,ARENAC (11),0,NOT APPLICABLE,1,1,8,August,2019,5,Thursday,5,5:00am-5:59am,59,59,0,This section IS NOT on the NHS,1,Rural,4,Minor Arterial,1,State Highway Agency,3,State Highway,SR-61,,16,16,43.98313333,43.98313333,-84.012430560,-84.012430560,0,No Special Jurisdiction,8,Pedestrian,0,The First Harmful Event was Not a Collision with a Motor Vehicle in Transport,0,No,1,Non-Junction,1,Not an Intersection,0,None,,,1,On Roadway,4,Dawn,10,Cloudy,0,No Additional Atmospheric Conditions,10,Cloudy,0,No,0000000,Not Applicable,5,5:00am-5:59am,59,59,6,6:00am-6:59am,11,11,99,Unknown,99,Unknown EMS Hospital Arrival Time,19,Recent/Previous Crash scene Nearby,0,None,0,None,1,0