caseyear,state,st_case,statename,ve_total,ve_forms,pvh_invl,peds,pernotmvit,permvit,persons,county,countyname,city,cityname,day,dayname,month,monthname,year,day_week,day_weekname,hour,hourname,minute,minutename,nhs,nhsname,rur_urb,rur_urbname,func_sys,func_sysname,rd_owner,rd_ownername,route,routename,tway_id,tway_id2,milept,mileptname,latitude,latitudename,longitud,longitudname,sp_jur,sp_jurname,harm_ev,harm_evname,man_coll,man_collname,reljct1,reljct1name,reljct2,reljct2name,typ_int,typ_intname,wrk_zone,wrk_zonename,road_fnc,road_fncname,rel_road,rel_roadname,lgt_cond,lgt_condname,weather1,weather1name,weather2,weather2name,weather,weathername,sch_bus,sch_busname,rail,railname,not_hour,not_hourname,not_min,not_minname,arr_hour,arr_hourname,arr_min,arr_minname,hosp_hr,hosp_hrname,hosp_mn,hosp_mnname,cf1,cf1name,cf2,cf2name,cf3,cf3name,fatals,drunk_dr
2019,26,260776,Michigan,2,2,0,0,0,3,3,99,MACOMB (99),4521,SHELBY,14,14,10,October,2019,2,Monday,10,10:00am-10:59am,55,55,1,This section IS ON the NHS,2,Urban,3,Principal Arterial - Other,2,County Highway Agency,4,County Road,CR-26 MILE RD,MAIN PARK RD,12,12,42.71247500,42.71247500,-83.066127780,-83.066127780,0,No Special Jurisdiction,12,Motor Vehicle In-Transport,6,Angle,0,No,2,Intersection,2,Four-Way Intersection,1,Construction,,,1,On Roadway,1,Daylight,10,Cloudy,0,No Additional Atmospheric Conditions,10,Cloudy,0,No,0000000,Not Applicable,99,Unknown,99,Unknown,99,Unknown EMS Scene Arrival Hour,99,Unknown EMS Scene Arrival Minutes,99,Unknown,99,Unknown EMS Hospital Arrival Time,0,None,0,None,0,None,2,0
2019,26,260777,Michigan,1,1,0,0,0,1,1,163,WAYNE (163),5176,WESTLAND,11,11,11,November,2019,2,Monday,14,2:00pm-2:59pm,53,53,1,This section IS ON the NHS,2,Urban,3,Principal Arterial - Other,4,City or Municipal Highway Agency,6,Local Street - Municipality,EDWARD HINES DR,,96,96,42.34357778,42.34357778,-83.332522220,-83.332522220,0,No Special Jurisdiction,52,Guardrail End,0,The First Harmful Event was Not a Collision with a Motor Vehicle in Transport,0,No,1,Non-Junction,1,Not an Intersection,0,None,,,4,On Roadside,1,Daylight,4,Snow,0,No Additional Atmospheric Conditions,4,Snow,0,No,0000000,Not Applicable,99,Unknown,99,Unknown,99,Unknown EMS Scene Arrival Hour,99,Unknown EMS Scene Arrival Minutes,99,Unknown,99,Unknown EMS Hospital Arrival Time,0,None,0,None,0,None,1,0
2019,26,260778,Michigan,1,1,0,1,1,1,1,125,OAKLAND (125),4905,TROY,14,14,11,November,2019,5,Thursday,19,7:00pm-7:59pm,32,32,0,This section IS NOT on the NHS,2,Urban,4,Minor Arterial,4,City or Municipal Highway Agency,6,Local Street - Municipality,JOHN R,,77,77,42.55806389,42.55806389,-83.107994440,-83.107994440,0,No Special Jurisdiction,15,Non-Motorist on Personal Conveyance,0,The First Harmful Event was Not a Collision with a Motor Vehicle in Transport,0,No,1,Non-Junction,1,Not an Intersection,0,None,,,1,On Roadway,3,Dark - Lighted,1,Clear,0,No Additional Atmospheric Conditions,1,Clear,0,No,0000000,Not Applicable,19,7:00pm-7:59pm,33,33,19,7:00pm-7:59pm,39,39,99,Unknown,99,Unknown EMS Hospital Arrival Time,0,None,0,None,0,None,1,0
2019,26,260779,Michigan,1,1,0,1,1,1,1,21,BERRIEN (21),410,BENTON HARBOR,4,4,10,October,2019,6,Friday,5,5:00am-5:59am,42,42,1,This section IS ON the NHS,2,Urban,3,Principal Arterial - Other,1,State Highway Agency,3,State Highway,SR-I-94  BUS LOOP MAIN ST,,24,24,42.11780556,42.11780556,-86.437872220,-86.437872220,0,No Special Jurisdiction,8,Pedestrian,0,The First Harmful Event was Not a Collision with a Motor Vehicle in Transport,0,No,1,Non-Junction,1,Not an Intersection,0,None,,,1,On Roadway,2,Dark - Not Lighted,1,Clear,0,No Additional Atmospheric Conditions,1,Clear,0,No,0000000,Not Applicable,5,5:00am-5:59am,46,46,5,5:00am-5:59am,50,50,99,Unknown,99,Unknown EMS Hospital Arrival Time,0,None,0,None,0,None,1,0
2019,26,260780,Michigan,1,1,0,1,1,1,1,125,OAKLAND (125),2935,MADISON HEIGHTS,29,29,10,October,2019,3,Tuesday,19,7:00pm-7:59pm,57,57,1,This section IS ON the NHS,2,Urban,3,Principal Arterial - Other,4,City or Municipal Highway Agency,6,Local Street - Municipality,DEQUINDRE RD,BEVERLY AVE,36,36,42.49940556,42.49940556,-83.085413890,-83.085413890,0,No Special Jurisdiction,8,Pedestrian,0,The First Harmful Event was Not a Collision with a Motor Vehicle in Transport,0,No,3,Intersection-Related,3,T-Intersection,0,None,,,1,On Roadway,3,Dark - Lighted,1,Clear,0,No Additional Atmospheric Conditions,1,Clear,0,No,0000000,Not Applicable,99,Unknown,99,Unknown,99,Unknown EMS Scene Arrival Hour,99,Unknown EMS Scene Arrival Minutes,88,Not Applicable (Not Transported),88,Not Applicable (Not Transported),0,None,0,None,0,None,1,0
2019,26,260781,Michigan,2,2,0,1,1,2,2,77,KALAMAZOO (77),4030,PORTAGE,6,6,11,November,2019,4,Wednesday,21,9:00pm-9:59pm,30,30,1,This section IS ON the NHS,2,Urban,1,Interstate,1,State Highway Agency,1,Interstate,I-94,,106,106,42.24300556,42.24300556,-85.565450000,-85.565450000,0,No Special Jurisdiction,8,Pedestrian,0,The First Harmful Event was Not a Collision with a Motor Vehicle in Transport,1,Yes,18,Through Roadway,1,Not an Intersection,0,None,,,1,On Roadway,2,Dark - Not Lighted,1,Clear,0,No Additional Atmospheric Conditions,1,Clear,0,No,0000000,Not Applicable,99,Unknown,99,Unknown,99,Unknown EMS Scene Arrival Hour,99,Unknown EMS Scene Arrival Minutes,99,Unknown,99,Unknown EMS Hospital Arrival Time,0,None,0,None,0,None,1,0
2019,26,260782,Michigan,2,2,0,0,0,3,3,45,EATON (45),1245,DELTA MILLS,9,9,11,November,2019,7,Saturday,22,10:00pm-10:59pm,0,0,0,This section IS NOT on the NHS,2,Urban,5,Major Collector,2,County Highway Agency,4,County Road,CR-BROADBENT RD,YELLOWSTONE LN,23,23,42.75323333,42.75323333,-84.681405560,-84.681405560,0,No Special Jurisdiction,12,Motor Vehicle In-Transport,6,Angle,0,No,2,Intersection,2,Four-Way Intersection,0,None,,,1,On Roadway,3,Dark - Lighted,10,Cloudy,0,No Additional Atmospheric Conditions,10,Cloudy,0,No,0000000,Not Applicable,22,10:00pm-10:59pm,3,3,22,10:00pm-10:59pm,7,7,99,Unknown,99,Unknown EMS Hospital Arrival Time,22,Speed Limit is a Statutory Limit as Recorded or was determined as this state`s `basic rule`,0,None,0,None,1,1
2019,26,260783,Michigan,1,1,0,0,0,1,1,87,LAPEER (87),0,NOT APPLICABLE,21,21,11,November,2019,5,Thursday,19,7:00pm-7:59pm,19,19,0,This section IS NOT on the NHS,1,Rural,5,Major Collector,2,County Highway Agency,4,County Road,CR-SILVERWOOD RD,,49,49,43.30901944,43.30901944,-83.247363890,-83.247363890,0,No Special Jurisdiction,11,Live Animal,0,The First Harmful Event was Not a Collision with a Motor Vehicle in Transport,0,No,1,Non-Junction,1,Not an Intersection,0,None,,,1,On Roadway,2,Dark - Not Lighted,2,Rain,0,No Additional Atmospheric Conditions,2,Rain,0,No,0000000,Not Applicable,99,Unknown,99,Unknown,99,Unknown EMS Scene Arrival Hour,99,Unknown EMS Scene Arrival Minutes,88,Not Applicable (Not Transported),88,Not Applicable (Not Transported),0,None,0,None,0,None,1,1
2019,26,260784,Michigan,1,1,0,0,0,1,1,161,WASHTENAW (161),150,ANN ARBOR,10,10,11,November,2019,1,Sunday,10,10:00am-10:59am,2,2,1,This section IS ON the NHS,2,Urban,3,Principal Arterial - Other,1,State Highway Agency,3,State Highway,SR-I-94 BL WASHTENAW AVE,GLENWOOD RD,25,25,42.25772222,42.25772222,-83.700413890,-83.700413890,0,No Special Jurisdiction,30,Utility Pole/Light Support,0,The First Harmful Event was Not a Collision with a Motor Vehicle in Transport,0,No,3,Intersection-Related,2,Four-Way Intersection,0,None,,,4,On Roadside,1,Daylight,1,Clear,0,No Additional Atmospheric Conditions,1,Clear,0,No,0000000,Not Applicable,10,10:00am-10:59am,3,3,10,10:00am-10:59am,11,11,99,Unknown,99,Unknown EMS Hospital Arrival Time,0,None,0,None,0,None,1,0
2019,26,260785,Michigan,1,1,0,0,0,1,1,161,WASHTENAW (161),3582,NORTHFIELD TOWNSHIP,1,1,11,November,2019,6,Friday,16,4:00pm-4:59pm,59,59,0,This section IS NOT on the NHS,1,Rural,5,Major Collector,2,County Highway Agency,4,County Road,CR-SEVEN MILE RD,RUSHTON RD,23,23,42.42126667,42.42126667,-83.694408330,-83.694408330,0,No Special Jurisdiction,42,Tree (Standing Only),0,The First Harmful Event was Not a Collision with a Motor Vehicle in Transport,0,No,3,Intersection-Related,2,Four-Way Intersection,0,None,,,4,On Roadside,1,Daylight,1,Clear,0,No Additional Atmospheric Conditions,1,Clear,0,No,0000000,Not Applicable,99,Unknown,99,Unknown,99,Unknown EMS Scene Arrival Hour,99,Unknown EMS Scene Arrival Minutes,88,Not Applicable (Not Transported),88,Not Applicable (Not Transported),22,Speed Limit is a Statutory Limit as Recorded or was determined as this state`s `basic rule`,0,None,0,None,1,0
2019,26,260786,Michigan,1,1,0,1,1,2,2,49,GENESEE (49),1680,FENTON,24,24,11,November,2019,1,Sunday,20,8:00pm-8:59pm,45,45,0,This section IS NOT on the NHS,2,Urban,4,Minor Arterial,4,City or Municipal Highway Agency,6,Local Street - Municipality,OWEN RD,,23,23,42.78968056,42.78968056,-83.740811110,-83.740811110,0,No Special Jurisdiction,15,Non-Motorist on Personal Conveyance,0,The First Harmful Event was Not a Collision with a Motor Vehicle in Transport,0,No,1,Non-Junction,1,Not an Intersection,0,None,,,1,On Roadway,2,Dark - Not Lighted,1,Clear,0,No Additional Atmospheric Conditions,1,Clear,0,No,0000000,Not Applicable,20,8:00pm-8:59pm,48,48,20,8:00pm-8:59pm,57,57,99,Unknown,99,Unknown EMS Hospital Arrival Time,0,None,0,None,0,None,1,0
2019,26,260787,Michigan,2,2,0,0,0,3,3,81,KENT (81),5089,WALKER,27,27,11,November,2019,4,Wednesday,14,2:00pm-2:59pm,40,40,1,This section IS ON the NHS,2,Urban,3,Principal Arterial - Other,1,State Highway Agency,3,State Highway,SR-11 WILSON AVE SW,,38,38,42.95405833,42.95405833,-85.776002780,-85.776002780,0,No Special Jurisdiction,12,Motor Vehicle In-Transport,8,Sideswipe - Opposite Direction,0,No,1,Non-Junction,1,Not an Intersection,0,None,,,1,On Roadway,1,Daylight,2,Rain,0,No Additional Atmospheric Conditions,2,Rain,0,No,0000000,Not Applicable,14,2:00pm-2:59pm,41,41,14,2:00pm-2:59pm,50,50,99,Unknown,99,Unknown EMS Hospital Arrival Time,0,None,0,None,0,None,1,0
2019,26,260788,Michigan,2,2,0,0,0,3,3,81,KENT (81),2553,KENTWOOD,27,27,11,November,2019,4,Wednesday,13,1:00pm-1:59pm,45,45,1,This section IS ON the NHS,2,Urban,3,Principal Arterial - Other,1,State Highway Agency,3,State Highway,SR-11 28TH ST SE,,154,154,42.91256667,42.91256667,-85.594594440,-85.594594440,0,No Special Jurisdiction,12,Motor Vehicle In-Transport,6,Angle,0,No,8,Driveway Access Related,1,Not an Intersection,0,None,,,1,On Roadway,1,Daylight,3,Sleet or Hail,0,No Additional Atmospheric Conditions,3,Sleet or Hail,0,No,0000000,Not Applicable,99,Unknown,99,Unknown,99,Unknown EMS Scene Arrival Hour,99,Unknown EMS Scene Arrival Minutes,99,Unknown,99,Unknown EMS Hospital Arrival Time,0,None,0,None,0,None,1,0
2019,26,260789,Michigan,2,2,0,0,0,6,6,145,SAGINAW (145),0,NOT APPLICABLE,21,21,11,November,2019,5,Thursday,15,3:00pm-3:59pm,30,30,0,This section IS NOT on the NHS,1,Rural,4,Minor Arterial,1,State Highway Agency,3,State Highway,SR-13 BAY CITY RD,,25,25,43.48585000,43.48585000,-83.904727780,-83.904727780,0,No Special Jurisdiction,12,Motor Vehicle In-Transport,2,Front-to-Front,0,No,1,Non-Junction,1,Not an Intersection,0,None,,,1,On Roadway,1,Daylight,2,Rain,0,No Additional Atmospheric Conditions,2,Rain,0,No,0000000,Not Applicable,99,Unknown,99,Unknown,99,Unknown EMS Scene Arrival Hour,99,Unknown EMS Scene Arrival Minutes,99,Unknown,99,Unknown EMS Hospital Arrival Time,0,None,0,None,0,None,1,0
2019,26,260790,Michigan,2,2,0,0,0,2,2,91,LENAWEE (91),0,NOT APPLICABLE,18,18,11,November,2019,2,Monday,17,5:00pm-5:59pm,14,14,0,This section IS NOT on the NHS,1,Rural,4,Minor Arterial,1,State Highway Agency,3,State Highway,SR-34 CARLETON RD,,50,50,41.85667500,41.85667500,-84.263550000,-84.263550000,0,No Special Jurisdiction,12,Motor Vehicle In-Transport,1,Front-to-Rear,0,No,8,Driveway Access Related,1,Not an Intersection,0,None,,,1,On Roadway,5,Dusk,10,Cloudy,0,No Additional Atmospheric Conditions,10,Cloudy,0,No,0000000,Not Applicable,99,Unknown,99,Unknown,99,Unknown EMS Scene Arrival Hour,99,Unknown EMS Scene Arrival Minutes,99,Unknown,99,Unknown EMS Hospital Arrival Time,22,Speed Limit is a Statutory Limit as Recorded or was determined as this state`s `basic rule`,0,None,0,None,1,0
2019,26,260791,Michigan,1,1,0,0,0,1,1,163,WAYNE (163),5140,WAYNE,23,23,11,November,2019,7,Saturday,23,11:00pm-11:59pm,57,57,0,This section IS NOT on the NHS,2,Urban,4,Minor Arterial,4,City or Municipal Highway Agency,6,Local Street - Municipality,VENOY RD,,10,10,42.28192500,42.28192500,-83.363177780,-83.363177780,0,No Special Jurisdiction,10,Railway Vehicle,0,The First Harmful Event was Not a Collision with a Motor Vehicle in Transport,0,No,6,Railway Grade Crossing,1,Not an Intersection,0,None,,,1,On Roadway,3,Dark - Lighted,1,Clear,0,No Additional Atmospheric Conditions,1,Clear,0,No,545186X,545186X,23,11:00pm-11:59pm,58,58,0,0:00am-0:59am,2,2,88,Not Applicable (Not Transported),88,Not Applicable (Not Transported),0,None,0,None,0,None,1,0
2019,26,260792,Michigan,2,2,0,0,0,2,2,15,BARRY (15),0,NOT APPLICABLE,13,13,11,November,2019,4,Wednesday,8,8:00am-8:59am,49,49,0,This section IS NOT on the NHS,1,Rural,5,Major Collector,2,County Highway Agency,4,County Road,CR-438 STATE RD,,16,16,42.69563056,42.69563056,-85.403577780,-85.403577780,0,No Special Jurisdiction,12,Motor Vehicle In-Transport,2,Front-to-Front,0,No,1,Non-Junction,1,Not an Intersection,0,None,,,1,On Roadway,1,Daylight,10,Cloudy,0,No Additional Atmospheric Conditions,10,Cloudy,0,No,0000000,Not Applicable,99,Unknown,99,Unknown,99,Unknown EMS Scene Arrival Hour,99,Unknown EMS Scene Arrival Minutes,99,Unknown,99,Unknown EMS Hospital Arrival Time,22,Speed Limit is a Statutory Limit as Recorded or was determined as this state`s `basic rule`,0,None,0,None,1,0
2019,26,260793,Michigan,2,2,0,0,0,4,4,163,WAYNE (163),1212,DEARBORN HEIGHTS,16,16,11,November,2019,7,Saturday,11,11:00am-11:59am,32,32,0,This section IS NOT on the NHS,2,Urban,4,Minor Arterial,4,City or Municipal Highway Agency,6,Local Street - Municipality,PELHAM RD,ANNAPOLIS ST,33,33,42.27705278,42.27705278,-83.231386110,-83.231386110,0,No Special Jurisdiction,12,Motor Vehicle In-Transport,6,Angle,0,No,2,Intersection,2,Four-Way Intersection,0,None,,,1,On Roadway,1,Daylight,1,Clear,0,No Additional Atmospheric Conditions,1,Clear,0,No,0000000,Not Applicable,99,Unknown,99,Unknown,99,Unknown EMS Scene Arrival Hour,99,Unknown EMS Scene Arrival Minutes,99,Unknown,99,Unknown EMS Hospital Arrival Time,0,None,0,None,0,None,1,0
2019,26,260794,Michigan,2,2,0,0,0,3,3,45,EATON (45),0,NOT APPLICABLE,23,23,10,October,2019,4,Wednesday,8,8:00am-8:59am,33,33,0,This section IS NOT on the NHS,2,Urban,4,Minor Arterial,2,County Highway Agency,4,County Road,CR-E ST JOE HWY,NIXON RD,181,181,42.72651111,42.72651111,-84.701269440,-84.701269440,0,No Special Jurisdiction,12,Motor Vehicle In-Transport,6,Angle,0,No,2,Intersection,2,Four-Way Intersection,0,None,,,1,On Roadway,1,Daylight,1,Clear,0,No Additional Atmospheric Conditions,1,Clear,0,No,0000000,Not Applicable,8,8:00am-8:59am,34,34,8,8:00am-8:59am,42,42,99,Unknown,99,Unknown EMS Hospital Arrival Time,0,None,0,None,0,None,1,0
2019,26,260795,Michigan,2,1,1,1,2,1,2,81,KENT (81),2010,GRAND RAPIDS,10,10,10,October,2019,5,Thursday,11,11:00am-11:59am,21,21,1,This section IS ON the NHS,2,Urban,3,Principal Arterial - Other,4,City or Municipal Highway Agency,6,Local Street - Municipality,HALL ST,,10,10,42.94176944,42.94176944,-85.676488890,-85.676488890,0,No Special Jurisdiction,45,Working Motor Vehicle,0,The First Harmful Event was Not a Collision with a Motor Vehicle in Transport,0,No,1,Non-Junction,1,Not an Intersection,3,Utility,,,5,Outside Trafficway,1,Daylight,1,Clear,0,No Additional Atmospheric Conditions,1,Clear,0,No,0000000,Not Applicable,11,11:00am-11:59am,21,21,11,11:00am-11:59am,25,25,88,Not Applicable (Not Transported),88,Not Applicable (Not Transported),0,None,0,None,0,None,1,0
2019,26,260796,Michigan,1,1,0,0,0,1,1,17,BAY (17),0,NOT APPLICABLE,1,1,12,December,2019,1,Sunday,19,7:00pm-7:59pm,23,23,0,This section IS NOT on the NHS,1,Rural,7,Local,2,County Highway Agency,4,County Road,CR-KAISER RD,,20,20,43.82916389,43.82916389,-83.961555560,-83.961555560,0,No Special Jurisdiction,1,Rollover/Overturn,0,The First Harmful Event was Not a Collision with a Motor Vehicle in Transport,0,No,1,Non-Junction,1,Not an Intersection,0,None,,,4,On Roadside,2,Dark - Not Lighted,4,Snow,0,No Additional Atmospheric Conditions,4,Snow,0,No,0000000,Not Applicable,19,7:00pm-7:59pm,25,25,19,7:00pm-7:59pm,32,32,88,Not Applicable (Not Transported),88,Not Applicable (Not Transported),22,Speed Limit is a Statutory Limit as Recorded or was determined as this state`s `basic rule`,0,None,0,None,1,0
2019,26,260797,Michigan,1,1,0,1,1,1,1,125,OAKLAND (125),1652,FARMINGTON HILLS,2,2,12,December,2019,2,Monday,19,7:00pm-7:59pm,10,10,0,This section IS NOT on the NHS,2,Urban,7,Local,4,City or Municipal Highway Agency,6,Local Street - Municipality,RIVER RIDGE TRAIL,RIVER RIDGE CT,3,3,42.44983333,42.44983333,-83.388236110,-83.388236110,0,No Special Jurisdiction,8,Pedestrian,0,The First Harmful Event was Not a Collision with a Motor Vehicle in Transport,0,No,3,Intersection-Related,5,Traffic Circle,0,None,,,1,On Roadway,2,Dark - Not Lighted,1,Clear,0,No Additional Atmospheric Conditions,1,Clear,0,No,0000000,Not Applicable,19,7:00pm-7:59pm,11,11,19,7:00pm-7:59pm,16,16,88,Not Applicable (Not Transported),88,Not Applicable (Not Transported),0,None,0,None,0,None,1,0
2019,26,260798,Michigan,1,1,0,1,1,1,1,11,ARENAC (11),3660,OMER,2,2,12,December,2019,2,Monday,18,6:00pm-6:59pm,3,3,1,This section IS ON the NHS,1,Rural,3,Principal Arterial - Other,1,State Highway Agency,2,U.S. Highway,US-23 CENTER AVE,MAIN ST,73,73,44.04767222,44.04767222,-83.854441670,-83.854441670,0,No Special Jurisdiction,8,Pedestrian,0,The First Harmful Event was Not a Collision with a Motor Vehicle in Transport,0,No,3,Intersection-Related,2,Four-Way Intersection,0,None,,,1,On Roadway,2,Dark - Not Lighted,10,Cloudy,0,No Additional Atmospheric Conditions,10,Cloudy,0,No,0000000,Not Applicable,18,6:00pm-6:59pm,7,7,18,6:00pm-6:59pm,7,7,88,Not Applicable (Not Transported),88,Not Applicable (Not Transported),0,None,0,None,0,None,1,0
2019,26,260799,Michigan,2,2,0,0,0,3,3,147,ST. CLAIR (147),0,NOT APPLICABLE,5,5,12,December,2019,5,Thursday,14,2:00pm-2:59pm,59,59,0,This section IS NOT on the NHS,1,Rural,5,Major Collector,2,County Highway Agency,4,County Road,CR-GRATOPT AVE,,35,35,42.83165556,42.83165556,-82.683672220,-82.683672220,0,No Special Jurisdiction,12,Motor Vehicle In-Transport,2,Front-to-Front,0,No,1,Non-Junction,1,Not an Intersection,0,None,,,1,On Roadway,1,Daylight,10,Cloudy,0,No Additional Atmospheric Conditions,10,Cloudy,0,No,0000000,Not Applicable,15,3:00pm-3:59pm,3,3,15,3:00pm-3:59pm,10,10,99,Unknown,99,Unknown EMS Hospital Arrival Time,99,Reported as Unknown,99,Reported as Unknown,99,Reported as Unknown,1,0
2019,26,260800,Michigan,2,2,0,0,0,2,2,57,GRATIOT (57),0,NOT APPLICABLE,4,4,12,December,2019,4,Wednesday,14,2:00pm-2:59pm,42,42,1,This section IS ON the NHS,1,Rural,3,Principal Arterial - Other,1,State Highway Agency,3,State Highway,SR-46 W MONROE RD,,50,50,43.40819167,43.40819167,-84.749791670,-84.749791670,0,No Special Jurisdiction,12,Motor Vehicle In-Transport,2,Front-to-Front,0,No,1,Non-Junction,1,Not an Intersection,0,None,,,1,On Roadway,1,Daylight,10,Cloudy,0,No Additional Atmospheric Conditions,10,Cloudy,0,No,0000000,Not Applicable,14,2:00pm-2:59pm,42,42,15,3:00pm-3:59pm,0,0,99,Unknown,99,Unknown EMS Hospital Arrival Time,22,Speed Limit is a Statutory Limit as Recorded or was determined as this state`s `basic rule`,0,None,0,None,1,0
2019,26,260801,Michigan,1,1,0,0,0,2,2,99,MACOMB (99),2934,"MACOMB, TOWNSHIP",8,8,12,December,2019,1,Sunday,0,0:00am-0:59am,15,15,1,This section IS ON the NHS,2,Urban,3,Principal Arterial - Other,1,State Highway Agency,3,State Highway,SR-59 HALL RD,HEYDENREICH,60,60,42.62845000,42.62845000,-82.916761110,-82.916761110,0,No Special Jurisdiction,33,Curb,0,The First Harmful Event was Not a Collision with a Motor Vehicle in Transport,0,No,3,Intersection-Related,3,T-Intersection,0,None,,,4,On Roadside,3,Dark - Lighted,1,Clear,0,No Additional Atmospheric Conditions,1,Clear,0,No,0000000,Not Applicable,0,0:00am-0:59am,26,26,0,0:00am-0:59am,30,30,99,Unknown,99,Unknown EMS Hospital Arrival Time,0,None,0,None,0,None,1,1
2019,26,260802,Michigan,2,2,0,0,0,2,2,49,GENESEE (49),4795,SWARTZ CREEK,10,10,12,December,2019,3,Tuesday,15,3:00pm-3:59pm,45,45,0,This section IS NOT on the NHS,2,Urban,4,Minor Arterial,4,City or Municipal Highway Agency,6,Local Street - Municipality,MORRISH RD,PAUL FORTINO DR,2,2,42.95934167,42.95934167,-83.830750000,-83.830750000,0,No Special Jurisdiction,12,Motor Vehicle In-Transport,6,Angle,0,No,2,Intersection,3,T-Intersection,0,None,,,1,On Roadway,1,Daylight,4,Snow,0,No Additional Atmospheric Conditions,4,Snow,0,No,0000000,Not Applicable,15,3:00pm-3:59pm,46,46,15,3:00pm-3:59pm,57,57,99,Unknown,99,Unknown EMS Hospital Arrival Time,0,None,0,None,0,None,1,0
2019,26,260803,Michigan,2,2,0,0,0,3,3,99,MACOMB (99),4380,SAINT CLAIR SHORES,10,10,12,December,2019,3,Tuesday,6,6:00am-6:59am,0,0,1,This section IS ON the NHS,2,Urban,1,Interstate,1,State Highway Agency,1,Interstate,I-94,,38,38,42.50277778,42.50277778,-82.917833330,-82.917833330,0,No Special Jurisdiction,12,Motor Vehicle In-Transport,1,Front-to-Rear,0,No,1,Non-Junction,1,Not an Intersection,0,None,,,1,On Roadway,3,Dark - Lighted,10,Cloudy,0,No Additional Atmospheric Conditions,10,Cloudy,0,No,0000000,Not Applicable,99,Unknown,99,Unknown,99,Unknown EMS Scene Arrival Hour,99,Unknown EMS Scene Arrival Minutes,99,Unknown,99,Unknown EMS Hospital Arrival Time,0,None,0,None,0,None,1,0
2019,26,260804,Michigan,1,1,0,0,0,2,2,25,CALHOUN (25),0,NOT APPLICABLE,15,15,12,December,2019,1,Sunday,3,3:00am-3:59am,10,10,0,This section IS NOT on the NHS,1,Rural,5,Major Collector,1,State Highway Agency,3,State Highway,SR-311 11 MILE RD,,38,38,42.12136389,42.12136389,-85.080002780,-85.080002780,0,No Special Jurisdiction,34,Ditch,0,The First Harmful Event was Not a Collision with a Motor Vehicle in Transport,0,No,1,Non-Junction,1,Not an Intersection,0,None,,,4,On Roadside,2,Dark - Not Lighted,4,Snow,0,No Additional Atmospheric Conditions,4,Snow,0,No,0000000,Not Applicable,3,3:00am-3:59am,10,10,3,3:00am-3:59am,16,16,99,Unknown,99,Unknown EMS Hospital Arrival Time,0,None,0,None,0,None,1,1
2019,26,260805,Michigan,1,1,0,1,1,1,1,163,WAYNE (163),1260,DETROIT,4,4,12,December,2019,4,Wednesday,13,1:00pm-1:59pm,6,6,1,This section IS ON the NHS,2,Urban,3,Principal Arterial - Other,1,State Highway Agency,2,U.S. Highway,US-24 TELEGRAPH RD,MCNICHOLS RD,224,224,42.41450833,42.41450833,-83.276947220,-83.276947220,0,No Special Jurisdiction,8,Pedestrian,0,The First Harmful Event was Not a Collision with a Motor Vehicle in Transport,0,No,3,Intersection-Related,2,Four-Way Intersection,0,None,,,1,On Roadway,1,Daylight,1,Clear,0,No Additional Atmospheric Conditions,1,Clear,0,No,0000000,Not Applicable,99,Unknown,99,Unknown,99,Unknown EMS Scene Arrival Hour,99,Unknown EMS Scene Arrival Minutes,99,Unknown,99,Unknown EMS Hospital Arrival Time,0,None,0,None,0,None,1,0
2019,26,260806,Michigan,1,1,0,0,0,2,2,7,ALPENA (7),0,NOT APPLICABLE,6,6,12,December,2019,6,Friday,20,8:00pm-8:59pm,20,20,0,This section IS NOT on the NHS,1,Rural,7,Local,2,County Highway Agency,4,County Road,CR-COUSINEAU RD,,18,18,44.98771111,44.98771111,-83.767708330,-83.767708330,0,No Special Jurisdiction,1,Rollover/Overturn,0,The First Harmful Event was Not a Collision with a Motor Vehicle in Transport,0,No,1,Non-Junction,1,Not an Intersection,0,None,,,4,On Roadside,2,Dark - Not Lighted,1,Clear,0,No Additional Atmospheric Conditions,1,Clear,0,No,0000000,Not Applicable,20,8:00pm-8:59pm,22,22,20,8:00pm-8:59pm,43,43,88,Not Applicable (Not Transported),88,Not Applicable (Not Transported),0,None,0,None,0,None,1,1
2019,26,260807,Michigan,2,2,0,0,0,3,3,111,MIDLAND (111),0,NOT APPLICABLE,3,3,12,December,2019,3,Tuesday,16,4:00pm-4:59pm,31,31,0,This section IS NOT on the NHS,1,Rural,6,Minor Collector,4,City or Municipal Highway Agency,4,County Road,CR-SHEARER RD,,59,59,43.78484167,43.78484167,-84.249127780,-84.249127780,0,No Special Jurisdiction,12,Motor Vehicle In-Transport,6,Angle,0,No,8,Driveway Access Related,1,Not an Intersection,0,None,,,1,On Roadway,5,Dusk,10,Cloudy,0,No Additional Atmospheric Conditions,10,Cloudy,0,No,0000000,Not Applicable,16,4:00pm-4:59pm,34,34,16,4:00pm-4:59pm,45,45,99,Unknown,99,Unknown EMS Hospital Arrival Time,22,Speed Limit is a Statutory Limit as Recorded or was determined as this state`s `basic rule`,0,None,0,None,1,1