caseyear,state,st_case,statename,ve_total,ve_forms,pvh_invl,peds,pernotmvit,permvit,persons,county,countyname,city,cityname,day,dayname,month,monthname,year,day_week,day_weekname,hour,hourname,minute,minutename,nhs,nhsname,rur_urb,rur_urbname,func_sys,func_sysname,rd_owner,rd_ownername,route,routename,tway_id,tway_id2,milept,mileptname,latitude,latitudename,longitud,longitudname,sp_jur,sp_jurname,harm_ev,harm_evname,man_coll,man_collname,reljct1,reljct1name,reljct2,reljct2name,typ_int,typ_intname,wrk_zone,wrk_zonename,road_fnc,road_fncname,rel_road,rel_roadname,lgt_cond,lgt_condname,weather1,weather1name,weather2,weather2name,weather,weathername,sch_bus,sch_busname,rail,railname,not_hour,not_hourname,not_min,not_minname,arr_hour,arr_hourname,arr_min,arr_minname,hosp_hr,hosp_hrname,hosp_mn,hosp_mnname,cf1,cf1name,cf2,cf2name,cf3,cf3name,fatals,drunk_dr
2019,26,260904,Michigan,3,3,0,0,0,3,3,155,SHIAWASSEE (155),3910,PERRY,18,18,1,January,2019,6,Friday,10,10:00am-10:59am,44,44,0,This section IS NOT on the NHS,1,Rural,4,Minor Arterial,1,State Highway Agency,3,State Highway,SR-52,LANSING RD,42,42,42.83593889,42.83593889,-84.219591670,-84.219591670,0,No Special Jurisdiction,12,Motor Vehicle In-Transport,6,Angle,0,No,2,Intersection,2,Four-Way Intersection,0,None,,,1,On Roadway,1,Daylight,10,Cloudy,0,No Additional Atmospheric Conditions,10,Cloudy,0,No,0000000,Not Applicable,99,Unknown,99,Unknown,99,Unknown EMS Scene Arrival Hour,99,Unknown EMS Scene Arrival Minutes,99,Unknown,99,Unknown EMS Hospital Arrival Time,0,None,0,None,0,None,1,0
2019,26,260905,Michigan,2,2,0,0,0,2,2,49,GENESEE (49),0,NOT APPLICABLE,4,4,9,September,2019,4,Wednesday,5,5:00am-5:59am,59,59,1,This section IS ON the NHS,2,Urban,3,Principal Arterial - Other,1,State Highway Agency,3,State Highway,SR-54 N DORT HWY,,154,154,43.12113889,43.12113889,-83.676152780,-83.676152780,0,No Special Jurisdiction,12,Motor Vehicle In-Transport,6,Angle,0,No,8,Driveway Access Related,1,Not an Intersection,0,None,,,1,On Roadway,2,Dark - Not Lighted,1,Clear,0,No Additional Atmospheric Conditions,1,Clear,0,No,0000000,Not Applicable,5,5:00am-5:59am,57,57,6,6:00am-6:59am,0,0,88,Not Applicable (Not Transported),88,Not Applicable (Not Transported),0,None,0,None,0,None,1,0
2019,26,260906,Michigan,3,3,0,0,0,3,3,121,MUSKEGON (121),0,NOT APPLICABLE,19,19,5,May,2019,1,Sunday,22,10:00pm-10:59pm,48,48,0,This section IS NOT on the NHS,2,Urban,7,Local,2,County Highway Agency,4,County Road,CR-S WALKER RD,S APPLE AVE,10,10,43.23424722,43.23424722,-86.174311110,-86.174311110,0,No Special Jurisdiction,12,Motor Vehicle In-Transport,6,Angle,0,No,2,Intersection,2,Four-Way Intersection,0,None,,,1,On Roadway,3,Dark - Lighted,1,Clear,0,No Additional Atmospheric Conditions,1,Clear,0,No,0000000,Not Applicable,99,Unknown,99,Unknown,99,Unknown EMS Scene Arrival Hour,99,Unknown EMS Scene Arrival Minutes,99,Unknown,99,Unknown EMS Hospital Arrival Time,0,None,0,None,0,None,1,0
2020,26,260001,Michigan,1,1,0,0,0,1,1,57,GRATIOT (57),0,NOT APPLICABLE,4,4,1,January,2020,7,Saturday,11,11:00am-11:59am,31,31,1,This section IS ON the NHS,1,Rural,2,Principal Arterial - Other Freeways and Expressways,1,State Highway Agency,2,U.S. Highway,US-127,,171,171,43.35689167,43.35689167,-84.601052780,-84.601052780,0,No Special Jurisdiction,42,Tree (Standing Only),0,The First Harmful Event was Not a Collision with a Motor Vehicle in Transport,0,No,1,Non-Junction,1,Not an Intersection,0,None,,,5,Outside Trafficway,1,Daylight,,,,,10,Cloudy,0,No,0000000,Not Applicable,11,11:00am-11:59am,31,31,11,11:00am-11:59am,45,45,88,"Not Applicable (Not Transported) ",88,Not Applicable (Not Transported),,,,,,,1,0
2020,26,260002,Michigan,2,2,0,0,0,3,3,163,WAYNE (163),1260,DETROIT,1,1,1,January,2020,4,Wednesday,21,9:00pm-9:59pm,5,5,0,This section IS NOT on the NHS,2,Urban,4,Minor Arterial,4,City or Municipal Highway Agency,6,Local Street - Municipality,OUTER DR,LINDSAY RD,9,9,42.41920000,42.41920000,-83.213419440,-83.213419440,0,No Special Jurisdiction,12,Motor Vehicle In-Transport,6,Angle,0,No,2,Intersection,2,Four-Way Intersection,0,None,,,1,On Roadway,3,Dark - Lighted,,,,,1,Clear,0,No,0000000,Not Applicable,99,Unknown,99,Unknown,99,Unknown EMS Scene Arrival Hour,99,Unknown EMS Scene Arrival Minutes,99,Unknown,99,Unknown EMS Hospital Arrival Time,,,,,,,1,0
2020,26,260003,Michigan,1,1,0,0,0,4,4,125,OAKLAND (125),4020,PONTIAC,4,4,1,January,2020,7,Saturday,4,4:00am-4:59am,45,45,0,This section IS NOT on the NHS,2,Urban,4,Minor Arterial,4,City or Municipal Highway Agency,6,Local Street - Municipality,E SOUTH BLVD,S SANFORD ST,2,2,42.61964167,42.61964167,-83.275233330,-83.275233330,0,No Special Jurisdiction,38,Fence,0,The First Harmful Event was Not a Collision with a Motor Vehicle in Transport,0,No,3,Intersection-Related,3,T-Intersection,0,None,,,4,On Roadside,3,Dark - Lighted,,,,,1,Clear,0,No,0000000,Not Applicable,99,Unknown,99,Unknown,99,Unknown EMS Scene Arrival Hour,99,Unknown EMS Scene Arrival Minutes,99,Unknown,99,Unknown EMS Hospital Arrival Time,,,,,,,1,1
2020,26,260004,Michigan,1,1,0,1,1,1,1,81,KENT (81),5319,WYOMING,3,3,1,January,2020,6,Friday,7,7:00am-7:59am,35,35,0,This section IS NOT on the NHS,2,Urban,4,Minor Arterial,4,City or Municipal Highway Agency,6,Local Street - Municipality,BYRON CENTER AVE,,106,106,42.92191667,42.92191667,-85.725061110,-85.725061110,0,No Special Jurisdiction,8,Pedestrian,0,The First Harmful Event was Not a Collision with a Motor Vehicle in Transport,0,No,1,Non-Junction,1,Not an Intersection,0,None,,,1,On Roadway,3,Dark - Lighted,,,,,10,Cloudy,0,No,0000000,Not Applicable,7,7:00am-7:59am,36,36,7,7:00am-7:59am,43,43,99,Unknown,99,Unknown EMS Hospital Arrival Time,,,,,,,1,0
2020,26,260005,Michigan,2,2,0,0,0,5,5,163,WAYNE (163),1260,DETROIT,3,3,1,January,2020,6,Friday,21,9:00pm-9:59pm,32,32,1,This section IS ON the NHS,2,Urban,3,Principal Arterial - Other,1,State Highway Agency,2,U.S. Highway,US-24 TELEGRAPH RD,7 MILE RD,166,166,42.42895556,42.42895556,-83.277969440,-83.277969440,0,No Special Jurisdiction,12,Motor Vehicle In-Transport,6,Angle,0,No,2,Intersection,2,Four-Way Intersection,0,None,,,1,On Roadway,3,Dark - Lighted,,,,,10,Cloudy,0,No,0000000,Not Applicable,99,Unknown,99,Unknown,99,Unknown EMS Scene Arrival Hour,99,Unknown EMS Scene Arrival Minutes,99,Unknown,99,Unknown EMS Hospital Arrival Time,,,,,,,1,1
2020,26,260006,Michigan,2,2,0,0,0,3,3,57,GRATIOT (57),4765,SUMNER,4,4,1,January,2020,7,Saturday,14,2:00pm-2:59pm,16,16,0,This section IS NOT on the NHS,1,Rural,5,Major Collector,2,County Highway Agency,4,County Road,CR-LUMBERJACK RD,HARRISON RD,40,40,43.35036944,43.35036944,-84.835858330,-84.835858330,0,No Special Jurisdiction,12,Motor Vehicle In-Transport,6,Angle,0,No,2,Intersection,2,Four-Way Intersection,0,None,,,1,On Roadway,1,Daylight,,,,,10,Cloudy,0,No,0000000,Not Applicable,14,2:00pm-2:59pm,13,13,14,2:00pm-2:59pm,30,30,99,Unknown,99,Unknown EMS Hospital Arrival Time,,,,,,,1,0
2020,26,260007,Michigan,1,1,0,1,1,1,1,75,JACKSON (75),0,NOT APPLICABLE,5,5,1,January,2020,1,Sunday,20,8:00pm-8:59pm,51,51,0,This section IS NOT on the NHS,2,Urban,4,Minor Arterial,2,County Highway Agency,4,County Road,CR-LANSING RD,,28,28,42.29215278,42.29215278,-84.413638890,-84.413638890,0,No Special Jurisdiction,8,Pedestrian,0,The First Harmful Event was Not a Collision with a Motor Vehicle in Transport,0,No,8,Driveway Access Related,1,Not an Intersection,0,None,,,1,On Roadway,3,Dark - Lighted,,,,,10,Cloudy,0,No,0000000,Not Applicable,20,8:00pm-8:59pm,52,52,20,8:00pm-8:59pm,54,54,99,Unknown,99,Unknown EMS Hospital Arrival Time,,,,,,,1,0
2020,26,260008,Michigan,1,1,0,1,1,1,1,163,WAYNE (163),1260,DETROIT,5,5,1,January,2020,1,Sunday,22,10:00pm-10:59pm,55,55,0,This section IS NOT on the NHS,2,Urban,5,Major Collector,4,City or Municipal Highway Agency,6,Local Street - Municipality,SOUTHFIELD SERVICE DR,CURTIS ST,40,40,42.42275833,42.42275833,-83.219380560,-83.219380560,0,No Special Jurisdiction,9,Pedalcyclist,0,The First Harmful Event was Not a Collision with a Motor Vehicle in Transport,0,No,2,Intersection,2,Four-Way Intersection,0,None,,,1,On Roadway,3,Dark - Lighted,,,,,1,Clear,0,No,0000000,Not Applicable,99,Unknown,99,Unknown,99,Unknown EMS Scene Arrival Hour,99,Unknown EMS Scene Arrival Minutes,99,Unknown,99,Unknown EMS Hospital Arrival Time,,,,,,,1,0
2020,26,260009,Michigan,1,1,0,0,0,1,1,81,KENT (81),2010,GRAND RAPIDS,5,5,1,January,2020,1,Sunday,2,2:00am-2:59am,20,20,1,This section IS ON the NHS,2,Urban,1,Interstate,1,State Highway Agency,1,Interstate,I-196 RAMP 076C,,1,1,42.97294167,42.97294167,-85.690300000,-85.690300000,0,No Special Jurisdiction,42,Tree (Standing Only),0,The First Harmful Event was Not a Collision with a Motor Vehicle in Transport,1,Yes,5,Entrance/Exit Ramp Related,1,Not an Intersection,0,None,,,8,Gore,3,Dark - Lighted,,,,,10,Cloudy,0,No,0000000,Not Applicable,99,Unknown,99,Unknown,99,Unknown EMS Scene Arrival Hour,99,Unknown EMS Scene Arrival Minutes,88,"Not Applicable (Not Transported) ",88,Not Applicable (Not Transported),,,,,,,1,1
2020,26,260010,Michigan,2,2,0,0,0,3,3,163,WAYNE (163),2850,LIVONIA,7,7,1,January,2020,3,Tuesday,10,10:00am-10:59am,38,38,0,This section IS NOT on the NHS,2,Urban,5,Major Collector,4,City or Municipal Highway Agency,6,Local Street - Municipality,FARMINGTON RD,PINEBROOK OFFICE PARK DR,40,40,42.43761111,42.43761111,-83.375380560,-83.375380560,0,No Special Jurisdiction,12,Motor Vehicle In-Transport,6,Angle,0,No,2,Intersection,3,T-Intersection,0,None,,,1,On Roadway,1,Daylight,,,,,10,Cloudy,0,No,0000000,Not Applicable,10,10:00am-10:59am,39,39,10,10:00am-10:59am,43,43,99,Unknown,99,Unknown EMS Hospital Arrival Time,,,,,,,1,0
2020,26,260011,Michigan,2,2,0,0,0,2,2,5,ALLEGAN (5),0,NOT APPLICABLE,6,6,1,January,2020,2,Monday,12,12:00pm-12:59pm,29,29,0,This section IS NOT on the NHS,1,Rural,5,Major Collector,2,County Highway Agency,4,County Road,CR-10TH ST,,48,48,42.48666389,42.48666389,-85.641847220,-85.641847220,0,No Special Jurisdiction,12,Motor Vehicle In-Transport,7,Sideswipe - Same Direction,0,No,1,Non-Junction,1,Not an Intersection,0,None,,,1,On Roadway,1,Daylight,,,,,1,Clear,0,No,0000000,Not Applicable,12,12:00pm-12:59pm,32,32,12,12:00pm-12:59pm,41,41,88,"Not Applicable (Not Transported) ",88,Not Applicable (Not Transported),,,,,,,1,0
2020,26,260012,Michigan,1,1,0,1,1,3,3,99,MACOMB (99),1440,EASTPOINTE,5,5,1,January,2020,1,Sunday,1,1:00am-1:59am,1,1,1,This section IS ON the NHS,2,Urban,3,Principal Arterial - Other,1,State Highway Agency,3,State Highway,SR-3 GRATIOT AVE,,0,None,42.45053611,42.45053611,-82.967533330,-82.967533330,0,No Special Jurisdiction,8,Pedestrian,0,The First Harmful Event was Not a Collision with a Motor Vehicle in Transport,0,No,1,Non-Junction,1,Not an Intersection,0,None,,,1,On Roadway,3,Dark - Lighted,,,,,1,Clear,0,No,0000000,Not Applicable,99,Unknown,99,Unknown,99,Unknown EMS Scene Arrival Hour,99,Unknown EMS Scene Arrival Minutes,88,"Not Applicable (Not Transported) ",88,Not Applicable (Not Transported),,,,,,,1,0
2020,26,260013,Michigan,2,2,0,0,0,3,3,123,NEWAYGO (123),0,NOT APPLICABLE,5,5,1,January,2020,1,Sunday,14,2:00pm-2:59pm,15,15,0,This section IS NOT on the NHS,1,Rural,5,Major Collector,2,County Highway Agency,4,County Road,CR-ALGER AVE,136TH ST,10,10,43.30765000,43.30765000,-85.909830560,-85.909830560,0,No Special Jurisdiction,12,Motor Vehicle In-Transport,6,Angle,0,No,2,Intersection,2,Four-Way Intersection,0,None,,,1,On Roadway,1,Daylight,,,,,1,Clear,0,No,0000000,Not Applicable,14,2:00pm-2:59pm,17,17,14,2:00pm-2:59pm,28,28,99,Unknown,99,Unknown EMS Hospital Arrival Time,,,,,,,1,0
2020,26,260014,Michigan,2,2,0,0,0,2,2,81,KENT (81),840,CEDAR SPRINGS,2,2,1,January,2020,5,Thursday,18,6:00pm-6:59pm,49,49,0,This section IS NOT on the NHS,2,Urban,4,Minor Arterial,4,City or Municipal Highway Agency,6,Local Street - Municipality,NORTHLAND DR,16 MILE RD,132,132,43.20552500,43.20552500,-85.551152780,-85.551152780,0,No Special Jurisdiction,12,Motor Vehicle In-Transport,2,Front-to-Front,0,No,2,Intersection,2,Four-Way Intersection,0,None,,,1,On Roadway,2,Dark - Not Lighted,,,,,1,Clear,0,No,0000000,Not Applicable,18,6:00pm-6:59pm,49,49,18,6:00pm-6:59pm,55,55,88,"Not Applicable (Not Transported) ",88,Not Applicable (Not Transported),,,,,,,1,0
2020,26,260015,Michigan,2,2,0,0,0,3,3,21,BERRIEN (21),0,NOT APPLICABLE,9,9,1,January,2020,5,Thursday,14,2:00pm-2:59pm,26,26,1,This section IS ON the NHS,2,Urban,2,Principal Arterial - Other Freeways and Expressways,1,State Highway Agency,2,U.S. Highway,US-31,,64,64,41.84942500,41.84942500,-86.317452780,-86.317452780,0,No Special Jurisdiction,12,Motor Vehicle In-Transport,6,Angle,1,Yes,18,Through Roadway,1,Not an Intersection,0,None,,,1,On Roadway,1,Daylight,,,,,10,Cloudy,0,No,0000000,Not Applicable,14,2:00pm-2:59pm,28,28,14,2:00pm-2:59pm,35,35,99,Unknown,99,Unknown EMS Hospital Arrival Time,,,,,,,1,0
2020,26,260016,Michigan,3,3,0,0,0,5,5,7,ALPENA (7),0,NOT APPLICABLE,13,13,1,January,2020,2,Monday,12,12:00pm-12:59pm,46,46,0,This section IS NOT on the NHS,2,Urban,5,Major Collector,2,County Highway Agency,4,County Road,CR-GENSHAW RD,PRINCETON AVE,3,3,45.08391944,45.08391944,-83.471725000,-83.471725000,0,No Special Jurisdiction,12,Motor Vehicle In-Transport,1,Front-to-Rear,0,No,3,Intersection-Related,3,T-Intersection,0,None,,,1,On Roadway,1,Daylight,,,,,1,Clear,0,No,0000000,Not Applicable,12,12:00pm-12:59pm,46,46,12,12:00pm-12:59pm,54,54,99,Unknown,99,Unknown EMS Hospital Arrival Time,,,,,,,1,0
2020,26,260017,Michigan,1,1,0,0,0,2,2,157,TUSCOLA (157),0,NOT APPLICABLE,14,14,1,January,2020,3,Tuesday,12,12:00pm-12:59pm,19,19,0,This section IS NOT on the NHS,1,Rural,4,Minor Arterial,1,State Highway Agency,3,State Highway,SR-81 CARO RD,,91,91,43.45205000,43.45205000,-83.516852780,-83.516852780,0,No Special Jurisdiction,42,Tree (Standing Only),0,The First Harmful Event was Not a Collision with a Motor Vehicle in Transport,0,No,1,Non-Junction,1,Not an Intersection,0,None,,,4,On Roadside,1,Daylight,,,,,10,Cloudy,0,No,0000000,Not Applicable,12,12:00pm-12:59pm,23,23,12,12:00pm-12:59pm,30,30,99,Unknown,99,Unknown EMS Hospital Arrival Time,,,,,,,1,0
2020,26,260018,Michigan,1,1,0,1,1,1,1,159,VAN BUREN (159),3850,PAW PAW,14,14,1,January,2020,3,Tuesday,18,6:00pm-6:59pm,15,15,0,This section IS NOT on the NHS,2,Urban,5,Major Collector,4,City or Municipal Highway Agency,6,Local Street - Municipality,GREMPS RD,,3,3,42.21736944,42.21736944,-85.892786110,-85.892786110,0,No Special Jurisdiction,8,Pedestrian,0,The First Harmful Event was Not a Collision with a Motor Vehicle in Transport,0,No,1,Non-Junction,1,Not an Intersection,0,None,,,1,On Roadway,2,Dark - Not Lighted,,,,,1,Clear,0,No,0000000,Not Applicable,99,Unknown,99,Unknown,99,Unknown EMS Scene Arrival Hour,99,Unknown EMS Scene Arrival Minutes,99,Unknown,99,Unknown EMS Hospital Arrival Time,,,,,,,1,0
2020,26,260019,Michigan,2,2,0,0,0,2,2,163,WAYNE (163),1260,DETROIT,14,14,1,January,2020,3,Tuesday,4,4:00am-4:59am,30,30,1,This section IS ON the NHS,2,Urban,3,Principal Arterial - Other,1,State Highway Agency,6,Local Street - Municipality,W WARREN AVE,,12,12,42.34308056,42.34308056,-83.237950000,-83.237950000,0,No Special Jurisdiction,12,Motor Vehicle In-Transport,7,Sideswipe - Same Direction,0,No,8,Driveway Access Related,1,Not an Intersection,0,None,,,1,On Roadway,4,Dawn,,,,,1,Clear,0,No,0000000,Not Applicable,99,Unknown,99,Unknown,99,Unknown EMS Scene Arrival Hour,99,Unknown EMS Scene Arrival Minutes,99,Unknown,99,Unknown EMS Hospital Arrival Time,,,,,,,1,0
2020,26,260020,Michigan,1,1,0,1,1,2,2,99,MACOMB (99),1009,CLINTON TOWNSHIP,15,15,1,January,2020,4,Wednesday,18,6:00pm-6:59pm,45,45,1,This section IS ON the NHS,2,Urban,3,Principal Arterial - Other,1,State Highway Agency,3,State Highway,SR-3 GRATIOT AVE,MAPLEHURST DR,17,17,42.62521111,42.62521111,-82.863291670,-82.863291670,0,No Special Jurisdiction,9,Pedalcyclist,0,The First Harmful Event was Not a Collision with a Motor Vehicle in Transport,0,No,2,Intersection,3,T-Intersection,0,None,,,1,On Roadway,2,Dark - Not Lighted,,,,,10,Cloudy,0,No,0000000,Not Applicable,99,Unknown,99,Unknown,99,Unknown EMS Scene Arrival Hour,99,Unknown EMS Scene Arrival Minutes,99,Unknown,99,Unknown EMS Hospital Arrival Time,,,,,,,1,0
2020,26,260021,Michigan,1,1,0,1,1,1,1,159,VAN BUREN (159),0,NOT APPLICABLE,13,13,1,January,2020,2,Monday,22,10:00pm-10:59pm,15,15,1,This section IS ON the NHS,1,Rural,3,Principal Arterial - Other,4,City or Municipal Highway Agency,6,Local Street - Municipality,39TH ST,,12,12,42.12624167,42.12624167,-85.926255560,-85.926255560,0,No Special Jurisdiction,8,Pedestrian,0,The First Harmful Event was Not a Collision with a Motor Vehicle in Transport,0,No,1,Non-Junction,1,Not an Intersection,0,None,,,1,On Roadway,2,Dark - Not Lighted,,,,,1,Clear,0,No,0000000,Not Applicable,99,Unknown,99,Unknown,99,Unknown EMS Scene Arrival Hour,99,Unknown EMS Scene Arrival Minutes,88,"Not Applicable (Not Transported) ",88,Not Applicable (Not Transported),,,,,,,1,0
2020,26,260022,Michigan,1,1,0,0,0,1,1,91,LENAWEE (91),0,NOT APPLICABLE,17,17,1,January,2020,6,Friday,0,0:00am-0:59am,24,24,1,This section IS ON the NHS,1,Rural,3,Principal Arterial - Other,1,State Highway Agency,2,U.S. Highway,US-223,,109,109,41.94343333,41.94343333,-84.190044440,-84.190044440,0,No Special Jurisdiction,31,"Post, Pole or Other Supports",0,The First Harmful Event was Not a Collision with a Motor Vehicle in Transport,0,No,1,Non-Junction,1,Not an Intersection,0,None,,,4,On Roadside,3,Dark - Lighted,,,,,1,Clear,0,No,0000000,Not Applicable,0,0:00am-0:59am,22,22,0,0:00am-0:59am,32,32,88,"Not Applicable (Not Transported) ",88,Not Applicable (Not Transported),,,,,,,1,1
2020,26,260023,Michigan,2,2,0,0,0,4,4,149,ST JOSEPH (149),0,NOT APPLICABLE,15,15,1,January,2020,4,Wednesday,19,7:00pm-7:59pm,3,3,1,This section IS ON the NHS,1,Rural,3,Principal Arterial - Other,1,State Highway Agency,2,U.S. Highway,US-31,RIVERSIDE DR,20,20,41.82981111,41.82981111,-85.678169440,-85.678169440,0,No Special Jurisdiction,12,Motor Vehicle In-Transport,2,Front-to-Front,0,No,2,Intersection,2,Four-Way Intersection,0,None,,,1,On Roadway,2,Dark - Not Lighted,,,,,2,Rain,0,No,0000000,Not Applicable,19,7:00pm-7:59pm,7,7,19,7:00pm-7:59pm,23,23,99,Unknown,99,Unknown EMS Hospital Arrival Time,,,,,,,1,1
2020,26,260024,Michigan,1,1,0,0,0,2,2,149,ST JOSEPH (149),0,NOT APPLICABLE,18,18,1,January,2020,7,Saturday,14,2:00pm-2:59pm,32,32,0,This section IS NOT on the NHS,1,Rural,7,Local,2,County Highway Agency,4,County Road,CR-BANKER ST,,50,50,41.86796944,41.86796944,-85.541313890,-85.541313890,0,No Special Jurisdiction,1,Rollover/Overturn,0,The First Harmful Event was Not a Collision with a Motor Vehicle in Transport,0,No,1,Non-Junction,1,Not an Intersection,0,None,,,4,On Roadside,1,Daylight,,,,,10,Cloudy,0,No,0000000,Not Applicable,14,2:00pm-2:59pm,34,34,14,2:00pm-2:59pm,44,44,99,Unknown,99,Unknown EMS Hospital Arrival Time,,,,,,,1,1
2020,26,260025,Michigan,1,1,0,0,0,1,1,85,LAKE (85),0,NOT APPLICABLE,19,19,1,January,2020,1,Sunday,14,2:00pm-2:59pm,24,24,0,This section IS NOT on the NHS,1,Rural,5,Major Collector,2,County Highway Agency,4,County Road,CR-FORMAN RD,,83,83,43.93349167,43.93349167,-85.801741670,-85.801741670,0,No Special Jurisdiction,42,Tree (Standing Only),0,The First Harmful Event was Not a Collision with a Motor Vehicle in Transport,0,No,1,Non-Junction,1,Not an Intersection,0,None,,,4,On Roadside,1,Daylight,,,,,1,Clear,0,No,0000000,Not Applicable,14,2:00pm-2:59pm,24,24,14,2:00pm-2:59pm,32,32,88,"Not Applicable (Not Transported) ",88,Not Applicable (Not Transported),,,,,,,1,0
2020,26,260026,Michigan,2,2,0,0,0,3,3,135,OSCODA (135),0,NOT APPLICABLE,22,22,1,January,2020,4,Wednesday,12,12:00pm-12:59pm,40,40,0,This section IS NOT on the NHS,1,Rural,4,Minor Arterial,1,State Highway Agency,3,State Highway,SR-72,,80,80,44.64500833,44.64500833,-84.231491670,-84.231491670,0,No Special Jurisdiction,12,Motor Vehicle In-Transport,2,Front-to-Front,0,No,1,Non-Junction,1,Not an Intersection,0,None,,,1,On Roadway,1,Daylight,,,,,1,Clear,0,No,0000000,Not Applicable,12,12:00pm-12:59pm,41,41,12,12:00pm-12:59pm,49,49,99,Unknown,99,Unknown EMS Hospital Arrival Time,,,,,,,2,0
2020,26,260027,Michigan,1,1,0,1,1,1,1,115,MONROE (115),3320,MONROE,17,17,1,January,2020,6,Friday,16,4:00pm-4:59pm,48,48,0,This section IS NOT on the NHS,2,Urban,4,Minor Arterial,1,State Highway Agency,3,State Highway,SR-50 CUSTER RD,WINSTON DR,184,184,41.92073889,41.92073889,-83.423230560,-83.423230560,0,No Special Jurisdiction,8,Pedestrian,0,The First Harmful Event was Not a Collision with a Motor Vehicle in Transport,0,No,3,Intersection-Related,2,Four-Way Intersection,0,None,,,1,On Roadway,1,Daylight,,,,,10,Cloudy,0,No,0000000,Not Applicable,16,4:00pm-4:59pm,50,50,16,4:00pm-4:59pm,54,54,99,Unknown,99,Unknown EMS Hospital Arrival Time,,,,,,,1,0
2020,26,260028,Michigan,1,1,0,1,1,1,1,37,CLINTON (37),0,NOT APPLICABLE,23,23,1,January,2020,5,Thursday,18,6:00pm-6:59pm,24,24,0,This section IS NOT on the NHS,1,Rural,5,Major Collector,2,County Highway Agency,4,County Road,CR-E ISLAND RD,,25,25,43.08865278,43.08865278,-84.416138890,-84.416138890,0,No Special Jurisdiction,8,Pedestrian,0,The First Harmful Event was Not a Collision with a Motor Vehicle in Transport,0,No,1,Non-Junction,1,Not an Intersection,0,None,,,1,On Roadway,2,Dark - Not Lighted,,,,,1,Clear,0,No,0000000,Not Applicable,18,6:00pm-6:59pm,24,24,18,6:00pm-6:59pm,40,40,88,"Not Applicable (Not Transported) ",88,Not Applicable (Not Transported),,,,,,,1,0
2020,26,260029,Michigan,2,2,0,0,0,4,4,43,DICKINSON (43),5125,WAUCEDAH,23,23,1,January,2020,5,Thursday,13,1:00pm-1:59pm,41,41,1,This section IS ON the NHS,1,Rural,3,Principal Arterial - Other,1,State Highway Agency,2,U.S. Highway,US-2,,220,220,45.75262778,45.75262778,-87.724902780,-87.724902780,0,No Special Jurisdiction,12,Motor Vehicle In-Transport,2,Front-to-Front,0,No,1,Non-Junction,1,Not an Intersection,0,None,,,1,On Roadway,1,Daylight,,,,,4,Snow,0,No,0000000,Not Applicable,99,Unknown,99,Unknown,99,Unknown EMS Scene Arrival Hour,99,Unknown EMS Scene Arrival Minutes,99,Unknown,99,Unknown EMS Hospital Arrival Time,,,,,,,2,0
2020,26,260030,Michigan,2,2,0,0,0,2,2,109,MENOMINEE (109),4110,POWERS,26,26,1,January,2020,1,Sunday,19,7:00pm-7:59pm,25,25,1,This section IS ON the NHS,1,Rural,3,Principal Arterial - Other,1,State Highway Agency,2,U.S. Highway,US-2/41,,6,6,45.69401111,45.69401111,-87.509505560,-87.509505560,0,No Special Jurisdiction,12,Motor Vehicle In-Transport,2,Front-to-Front,0,No,1,Non-Junction,1,Not an Intersection,0,None,,,1,On Roadway,2,Dark - Not Lighted,,,,,10,Cloudy,0,No,0000000,Not Applicable,19,7:00pm-7:59pm,25,25,99,Unknown EMS Scene Arrival Hour,99,Unknown EMS Scene Arrival Minutes,99,Unknown,99,Unknown EMS Hospital Arrival Time,,,,,,,1,1
2020,26,260031,Michigan,2,2,0,0,0,3,3,111,MIDLAND (111),3240,MIDLAND,23,23,1,January,2020,5,Thursday,19,7:00pm-7:59pm,0,0,0,This section IS NOT on the NHS,2,Urban,4,Minor Arterial,4,City or Municipal Highway Agency,6,Local Street - Municipality,JEFFERSON AVE,,11,11,43.64250278,43.64250278,-84.226844440,-84.226844440,0,No Special Jurisdiction,12,Motor Vehicle In-Transport,2,Front-to-Front,0,No,1,Non-Junction,1,Not an Intersection,0,None,,,1,On Roadway,3,Dark - Lighted,,,,,1,Clear,0,No,0000000,Not Applicable,19,7:00pm-7:59pm,7,7,19,7:00pm-7:59pm,13,13,99,Unknown,99,Unknown EMS Hospital Arrival Time,,,,,,,1,0
2020,26,260032,Michigan,2,2,0,0,0,3,3,15,BARRY (15),0,NOT APPLICABLE,28,28,1,January,2020,3,Tuesday,14,2:00pm-2:59pm,45,45,0,This section IS NOT on the NHS,1,Rural,4,Minor Arterial,1,State Highway Agency,3,State Highway,SR-37,,98,98,42.55533056,42.55533056,-85.257958330,-85.257958330,0,No Special Jurisdiction,12,Motor Vehicle In-Transport,2,Front-to-Front,0,No,1,Non-Junction,1,Not an Intersection,0,None,,,1,On Roadway,1,Daylight,,,,,10,Cloudy,0,No,0000000,Not Applicable,14,2:00pm-2:59pm,50,50,14,2:00pm-2:59pm,57,57,99,Unknown,99,Unknown EMS Hospital Arrival Time,,,,,,,1,0
2020,26,260033,Michigan,2,2,0,0,0,4,4,147,ST. CLAIR (147),1369,EAST CHINA TOWNSHIP,27,27,1,January,2020,2,Monday,4,4:00am-4:59am,59,59,0,This section IS NOT on the NHS,2,Urban,4,Minor Arterial,1,State Highway Agency,3,State Highway,SR-29 RIVER RD,,67,67,42.80637778,42.80637778,-82.487363890,-82.487363890,0,No Special Jurisdiction,12,Motor Vehicle In-Transport,2,Front-to-Front,0,No,1,Non-Junction,1,Not an Intersection,0,None,,,1,On Roadway,3,Dark - Lighted,,,,,10,Cloudy,0,No,0000000,Not Applicable,5,5:00am-5:59am,2,2,5,5:00am-5:59am,3,3,99,Unknown,99,Unknown EMS Hospital Arrival Time,,,,,,,1,0