caseyear,state,st_case,statename,ve_total,ve_forms,pvh_invl,peds,pernotmvit,permvit,persons,county,countyname,city,cityname,day,dayname,month,monthname,year,day_week,day_weekname,hour,hourname,minute,minutename,nhs,nhsname,rur_urb,rur_urbname,func_sys,func_sysname,rd_owner,rd_ownername,route,routename,tway_id,tway_id2,milept,mileptname,latitude,latitudename,longitud,longitudname,sp_jur,sp_jurname,harm_ev,harm_evname,man_coll,man_collname,reljct1,reljct1name,reljct2,reljct2name,typ_int,typ_intname,wrk_zone,wrk_zonename,road_fnc,road_fncname,rel_road,rel_roadname,lgt_cond,lgt_condname,weather1,weather1name,weather2,weather2name,weather,weathername,sch_bus,sch_busname,rail,railname,not_hour,not_hourname,not_min,not_minname,arr_hour,arr_hourname,arr_min,arr_minname,hosp_hr,hosp_hrname,hosp_mn,hosp_mnname,cf1,cf1name,cf2,cf2name,cf3,cf3name,fatals,drunk_dr
2020,26,260176,Michigan,1,1,0,1,1,1,1,77,KALAMAZOO (77),2520,KALAMAZOO,27,27,4,April,2020,2,Monday,21,9:00pm-9:59pm,42,42,0,This section IS NOT on the NHS,2,Urban,7,Local,4,City or Municipal Highway Agency,6,Local Street - Municipality,ADA ST,,1,1,42.29852222,42.29852222,-85.591547220,-85.591547220,0,No Special Jurisdiction,8,Pedestrian,0,The First Harmful Event was Not a Collision with a Motor Vehicle in Transport,0,No,1,Non-Junction,1,Not an Intersection,0,None,,,1,On Roadway,2,Dark - Not Lighted,,,,,10,Cloudy,0,No,0000000,Not Applicable,99,Unknown,99,Unknown,99,Unknown EMS Scene Arrival Hour,99,Unknown EMS Scene Arrival Minutes,99,Unknown,99,Unknown EMS Hospital Arrival Time,,,,,,,1,0
2020,26,260177,Michigan,2,2,0,0,0,2,2,5,ALLEGAN (5),0,NOT APPLICABLE,30,30,4,April,2020,5,Thursday,14,2:00pm-2:59pm,42,42,0,This section IS NOT on the NHS,1,Rural,5,Major Collector,2,County Highway Agency,4,County Road,CR-142ND AVE,40TH ST,30,30,42.72419167,42.72419167,-85.938908330,-85.938908330,0,No Special Jurisdiction,12,Motor Vehicle In-Transport,6,Angle,0,No,2,Intersection,2,Four-Way Intersection,0,None,,,1,On Roadway,1,Daylight,,,,,10,Cloudy,0,No,0000000,Not Applicable,14,2:00pm-2:59pm,44,44,14,2:00pm-2:59pm,58,58,99,Unknown,99,Unknown EMS Hospital Arrival Time,,,,,,,1,0
2020,26,260178,Michigan,2,2,0,0,0,2,2,111,MIDLAND (111),0,NOT APPLICABLE,27,27,4,April,2020,2,Monday,9,9:00am-9:59am,19,19,0,This section IS NOT on the NHS,1,Rural,6,Minor Collector,2,County Highway Agency,4,County Road,CR-W KENT RD,S MAGRUDER RD,50,50,43.50985556,43.50985556,-84.508791670,-84.508791670,0,No Special Jurisdiction,12,Motor Vehicle In-Transport,6,Angle,0,No,2,Intersection,2,Four-Way Intersection,0,None,,,1,On Roadway,1,Daylight,,,,,1,Clear,0,No,0000000,Not Applicable,9,9:00am-9:59am,21,21,9,9:00am-9:59am,35,35,99,Unknown,99,Unknown EMS Hospital Arrival Time,,,,,,,1,0
2020,26,260179,Michigan,2,2,0,0,0,2,2,163,WAYNE (163),1260,DETROIT,1,1,5,May,2020,6,Friday,17,5:00pm-5:59pm,10,10,0,This section IS NOT on the NHS,2,Urban,5,Major Collector,4,City or Municipal Highway Agency,6,Local Street - Municipality,W NEVADA ST,WOODWARD AVE,0,None,42.42344722,42.42344722,-83.109069440,-83.109069440,0,No Special Jurisdiction,12,Motor Vehicle In-Transport,6,Angle,0,No,2,Intersection,2,Four-Way Intersection,0,None,,,1,On Roadway,1,Daylight,,,,,1,Clear,0,No,0000000,Not Applicable,99,Unknown,99,Unknown,99,Unknown EMS Scene Arrival Hour,99,Unknown EMS Scene Arrival Minutes,99,Unknown,99,Unknown EMS Hospital Arrival Time,,,,,,,1,0
2020,26,260180,Michigan,1,1,0,0,0,4,4,121,MUSKEGON (121),0,NOT APPLICABLE,2,2,5,May,2020,7,Saturday,23,11:00pm-11:59pm,38,38,1,This section IS ON the NHS,2,Urban,2,Principal Arterial - Other Freeways and Expressways,1,State Highway Agency,2,U.S. Highway,US-31,,112,112,43.27938056,43.27938056,-86.203272220,-86.203272220,0,No Special Jurisdiction,1,Rollover/Overturn,0,The First Harmful Event was Not a Collision with a Motor Vehicle in Transport,0,No,1,Non-Junction,1,Not an Intersection,0,None,,,2,On Shoulder,2,Dark - Not Lighted,,,,,1,Clear,0,No,0000000,Not Applicable,23,11:00pm-11:59pm,37,37,23,11:00pm-11:59pm,38,38,99,Unknown,99,Unknown EMS Hospital Arrival Time,,,,,,,1,1
2020,26,260181,Michigan,3,3,0,0,0,4,4,161,WASHTENAW (161),4426,SALEM,8,8,1,January,2020,4,Wednesday,4,4:00am-4:59am,30,30,1,This section IS ON the NHS,1,Rural,2,Principal Arterial - Other Freeways and Expressways,1,State Highway Agency,3,State Highway,SR-14,,99,99,42.36113333,42.36113333,-83.570922220,-83.570922220,0,No Special Jurisdiction,1,Rollover/Overturn,0,The First Harmful Event was Not a Collision with a Motor Vehicle in Transport,1,Yes,19,Other location within Interchange Area,1,Not an Intersection,0,None,,,3,On Median,2,Dark - Not Lighted,,,,,4,Snow,0,No,0000000,Not Applicable,99,Unknown,99,Unknown,99,Unknown EMS Scene Arrival Hour,99,Unknown EMS Scene Arrival Minutes,99,Unknown,99,Unknown EMS Hospital Arrival Time,,,,,,,1,0
2020,26,260182,Michigan,1,1,0,0,0,1,1,163,WAYNE (163),1260,DETROIT,1,1,5,May,2020,6,Friday,22,10:00pm-10:59pm,30,30,0,This section IS NOT on the NHS,2,Urban,4,Minor Arterial,4,City or Municipal Highway Agency,6,Local Street - Municipality,W CHICAGO ST,,10,10,42.36483333,42.36483333,-83.228569440,-83.228569440,0,No Special Jurisdiction,59,"Traffic Sign Support ",0,The First Harmful Event was Not a Collision with a Motor Vehicle in Transport,0,No,1,Non-Junction,1,Not an Intersection,0,None,,,4,On Roadside,3,Dark - Lighted,,,,,1,Clear,0,No,0000000,Not Applicable,88,Not Applicable (Not Notified),88,Not Applicable (Not Notified),88,Not Applicable,88,Not Applicable,88,"Not Applicable (Not Transported) ",88,Not Applicable (Not Transported),,,,,,,1,1
2020,26,260183,Michigan,3,1,2,2,2,1,1,17,BAY (17),0,NOT APPLICABLE,8,8,5,May,2020,6,Friday,15,3:00pm-3:59pm,3,3,0,This section IS NOT on the NHS,1,Rural,7,Local,2,County Highway Agency,4,County Road,CR-CODY ESTEY RD,,47,47,43.86868333,43.86868333,-84.072041670,-84.072041670,0,No Special Jurisdiction,8,Pedestrian,0,The First Harmful Event was Not a Collision with a Motor Vehicle in Transport,0,No,1,Non-Junction,1,Not an Intersection,0,None,,,1,On Roadway,1,Daylight,,,,,1,Clear,0,No,0000000,Not Applicable,15,3:00pm-3:59pm,4,4,15,3:00pm-3:59pm,13,13,99,Unknown,99,Unknown EMS Hospital Arrival Time,,,,,,,2,0
2020,26,260184,Michigan,2,2,0,0,0,2,2,163,WAYNE (163),633,BROWNSTOWN TOWNSHIP,7,7,5,May,2020,5,Thursday,17,5:00pm-5:59pm,36,36,0,This section IS NOT on the NHS,2,Urban,3,Principal Arterial - Other,1,State Highway Agency,2,U.S. Highway,US-24 TELEGRAPH RD,CARTER RD,39,39,42.14532500,42.14532500,-83.266138890,-83.266138890,0,No Special Jurisdiction,12,Motor Vehicle In-Transport,6,Angle,0,No,2,Intersection,3,T-Intersection,0,None,,,1,On Roadway,1,Daylight,,,,,10,Cloudy,0,No,0000000,Not Applicable,99,Unknown,99,Unknown,99,Unknown EMS Scene Arrival Hour,99,Unknown EMS Scene Arrival Minutes,99,Unknown,99,Unknown EMS Hospital Arrival Time,,,,,,,1,0
2020,26,260185,Michigan,1,1,0,0,0,1,1,87,LAPEER (87),0,NOT APPLICABLE,19,19,4,April,2020,1,Sunday,6,6:00am-6:59am,8,8,0,This section IS NOT on the NHS,1,Rural,5,Major Collector,2,County Highway Agency,4,County Road,CR-BALDWIN RD,,34,34,42.93336944,42.93336944,-83.338755560,-83.338755560,0,No Special Jurisdiction,1,Rollover/Overturn,0,The First Harmful Event was Not a Collision with a Motor Vehicle in Transport,0,No,1,Non-Junction,1,Not an Intersection,0,None,,,4,On Roadside,2,Dark - Not Lighted,,,,,1,Clear,0,No,0000000,Not Applicable,6,6:00am-6:59am,9,9,6,6:00am-6:59am,15,15,99,Unknown,99,Unknown EMS Hospital Arrival Time,,,,,,,1,0
2020,26,260186,Michigan,2,2,0,0,0,3,3,139,OTTAWA (139),0,NOT APPLICABLE,11,11,5,May,2020,2,Monday,12,12:00pm-12:59pm,55,55,0,This section IS NOT on the NHS,2,Urban,4,Minor Arterial,2,County Highway Agency,4,County Road,CR-BUTTERNUT DR,,28,28,42.82605833,42.82605833,-86.133269440,-86.133269440,0,No Special Jurisdiction,12,Motor Vehicle In-Transport,6,Angle,0,No,8,Driveway Access Related,1,Not an Intersection,0,None,,,1,On Roadway,1,Daylight,,,,,1,Clear,0,No,0000000,Not Applicable,99,Unknown,99,Unknown,99,Unknown EMS Scene Arrival Hour,99,Unknown EMS Scene Arrival Minutes,99,Unknown,99,Unknown EMS Hospital Arrival Time,,,,,,,1,0
2020,26,260187,Michigan,1,1,0,0,0,1,1,137,OTSEGO (137),0,NOT APPLICABLE,27,27,4,April,2020,2,Monday,4,4:00am-4:59am,39,39,0,This section IS NOT on the NHS,1,Rural,4,Minor Arterial,2,County Highway Agency,4,County Road,CR-MANCELONA RD,,37,37,44.90244722,44.90244722,-84.773994440,-84.773994440,0,No Special Jurisdiction,1,Rollover/Overturn,0,The First Harmful Event was Not a Collision with a Motor Vehicle in Transport,0,No,1,Non-Junction,1,Not an Intersection,0,None,,,4,On Roadside,2,Dark - Not Lighted,,,,,1,Clear,0,No,0000000,Not Applicable,4,4:00am-4:59am,45,45,5,5:00am-5:59am,0,0,88,"Not Applicable (Not Transported) ",88,Not Applicable (Not Transported),,,,,,,1,1
2020,26,260188,Michigan,2,2,0,0,0,2,2,81,KENT (81),0,NOT APPLICABLE,11,11,5,May,2020,2,Monday,11,11:00am-11:59am,46,46,0,This section IS NOT on the NHS,2,Urban,4,Minor Arterial,2,County Highway Agency,4,County Road,CR-WHITNEYVILLE AVE SE,48TH ST SE,76,76,42.87701111,42.87701111,-85.462258330,-85.462258330,0,No Special Jurisdiction,12,Motor Vehicle In-Transport,1,Front-to-Rear,0,No,3,Intersection-Related,3,T-Intersection,0,None,,,1,On Roadway,1,Daylight,,,,,10,Cloudy,0,No,0000000,Not Applicable,11,11:00am-11:59am,46,46,11,11:00am-11:59am,54,54,88,"Not Applicable (Not Transported) ",88,Not Applicable (Not Transported),,,,,,,1,0
2020,26,260189,Michigan,2,2,0,0,0,7,7,81,KENT (81),0,NOT APPLICABLE,13,13,5,May,2020,4,Wednesday,18,6:00pm-6:59pm,12,12,0,This section IS NOT on the NHS,1,Rural,4,Minor Arterial,1,State Highway Agency,3,State Highway,SR-46 17 MILE RD,SPARTA AVE,40,40,43.21972778,43.21972778,-85.711541670,-85.711541670,0,No Special Jurisdiction,12,Motor Vehicle In-Transport,6,Angle,0,No,2,Intersection,2,Four-Way Intersection,0,None,,,1,On Roadway,1,Daylight,,,,,1,Clear,0,No,0000000,Not Applicable,99,Unknown,99,Unknown,99,Unknown EMS Scene Arrival Hour,99,Unknown EMS Scene Arrival Minutes,99,Unknown,99,Unknown EMS Hospital Arrival Time,,,,,,,1,0
2020,26,260190,Michigan,1,1,0,0,0,1,1,109,MENOMINEE (109),0,NOT APPLICABLE,24,24,4,April,2020,6,Friday,4,4:00am-4:59am,39,39,0,This section IS NOT on the NHS,1,Rural,5,Major Collector,4,City or Municipal Highway Agency,4,County Road,CR-38TH AVE,,0,None,45.13406944,45.13406944,-87.664627780,-87.664627780,0,No Special Jurisdiction,42,Tree (Standing Only),0,The First Harmful Event was Not a Collision with a Motor Vehicle in Transport,0,No,1,Non-Junction,1,Not an Intersection,0,None,,,4,On Roadside,2,Dark - Not Lighted,,,,,10,Cloudy,0,No,0000000,Not Applicable,99,Unknown,99,Unknown,99,Unknown EMS Scene Arrival Hour,99,Unknown EMS Scene Arrival Minutes,88,"Not Applicable (Not Transported) ",88,Not Applicable (Not Transported),,,,,,,1,0
2020,26,260191,Michigan,2,2,0,0,0,2,2,51,GLADWIN (51),0,NOT APPLICABLE,3,3,5,May,2020,1,Sunday,18,6:00pm-6:59pm,0,0,0,This section IS NOT on the NHS,1,Rural,5,Major Collector,2,County Highway Agency,4,County Road,CR-SCHOOL RD,WILDWOOD RD,3,3,44.15559722,44.15559722,-84.266119440,-84.266119440,0,No Special Jurisdiction,12,Motor Vehicle In-Transport,6,Angle,0,No,2,Intersection,2,Four-Way Intersection,0,None,,,1,On Roadway,1,Daylight,,,,,1,Clear,0,No,0000000,Not Applicable,18,6:00pm-6:59pm,16,16,18,6:00pm-6:59pm,23,23,88,"Not Applicable (Not Transported) ",88,Not Applicable (Not Transported),,,,,,,1,0
2020,26,260192,Michigan,1,1,0,0,0,1,1,25,CALHOUN (25),0,NOT APPLICABLE,4,4,5,May,2020,2,Monday,16,4:00pm-4:59pm,40,40,1,This section IS ON the NHS,1,Rural,1,Interstate,1,State Highway Agency,1,Interstate,I-69,,93,93,42.20040278,42.20040278,-84.983066670,-84.983066670,0,No Special Jurisdiction,1,Rollover/Overturn,0,The First Harmful Event was Not a Collision with a Motor Vehicle in Transport,1,Yes,19,Other location within Interchange Area,1,Not an Intersection,0,None,,,4,On Roadside,1,Daylight,,,,,1,Clear,0,No,0000000,Not Applicable,16,4:00pm-4:59pm,38,38,17,5:00pm-5:59pm,1,1,88,"Not Applicable (Not Transported) ",88,Not Applicable (Not Transported),,,,,,,1,0
2020,26,260193,Michigan,1,1,0,0,0,1,1,81,KENT (81),0,NOT APPLICABLE,9,9,5,May,2020,7,Saturday,9,9:00am-9:59am,45,45,0,This section IS NOT on the NHS,1,Rural,5,Major Collector,2,County Highway Agency,4,County Road,CR-68TH ST,,14,14,42.84145278,42.84145278,-85.415794440,-85.415794440,0,No Special Jurisdiction,53,Mail Box,0,The First Harmful Event was Not a Collision with a Motor Vehicle in Transport,0,No,1,Non-Junction,1,Not an Intersection,0,None,,,4,On Roadside,1,Daylight,,,,,10,Cloudy,0,No,0000000,Not Applicable,9,9:00am-9:59am,47,47,10,10:00am-10:59am,4,4,88,"Not Applicable (Not Transported) ",88,Not Applicable (Not Transported),,,,,,,1,0
2020,26,260194,Michigan,2,2,0,0,0,2,2,125,OAKLAND (125),0,NOT APPLICABLE,24,24,1,January,2020,6,Friday,10,10:00am-10:59am,28,28,0,This section IS NOT on the NHS,2,Urban,4,Minor Arterial,2,County Highway Agency,4,County Road,CR-MIDDLEBELT RD,,103,103,42.58879444,42.58879444,-83.329958330,-83.329958330,0,No Special Jurisdiction,12,Motor Vehicle In-Transport,2,Front-to-Front,0,No,1,Non-Junction,1,Not an Intersection,0,None,,,1,On Roadway,1,Daylight,,,,,2,Rain,0,No,0000000,Not Applicable,10,10:00am-10:59am,30,30,11,11:00am-11:59am,0,0,99,Unknown,99,Unknown EMS Hospital Arrival Time,,,,,,,1,0
2020,26,260195,Michigan,2,2,0,0,0,4,4,129,OGEMAW (129),0,NOT APPLICABLE,8,8,5,May,2020,6,Friday,2,2:00am-2:59am,18,18,1,This section IS ON the NHS,1,Rural,3,Principal Arterial - Other,1,State Highway Agency,3,State Highway,SR-33,,116,116,44.33032222,44.33032222,-84.125716670,-84.125716670,0,No Special Jurisdiction,12,Motor Vehicle In-Transport,2,Front-to-Front,0,No,1,Non-Junction,1,Not an Intersection,0,None,,,1,On Roadway,2,Dark - Not Lighted,,,,,1,Clear,0,No,0000000,Not Applicable,2,2:00am-2:59am,19,19,2,2:00am-2:59am,26,26,99,Unknown,99,Unknown EMS Hospital Arrival Time,,,,,,,1,0
2020,26,260196,Michigan,1,1,0,0,0,1,1,45,EATON (45),1460,EATON RAPIDS,18,18,4,April,2020,7,Saturday,13,1:00pm-1:59pm,45,45,0,This section IS NOT on the NHS,2,Urban,4,Minor Arterial,1,State Highway Agency,3,State Highway,SR-50 DEXTER ST,,91,91,42.51803611,42.51803611,-84.669836110,-84.669836110,0,No Special Jurisdiction,24,Guardrail Face,0,The First Harmful Event was Not a Collision with a Motor Vehicle in Transport,0,No,1,Non-Junction,1,Not an Intersection,0,None,,,4,On Roadside,1,Daylight,,,,,1,Clear,0,No,0000000,Not Applicable,99,Unknown,99,Unknown,99,Unknown EMS Scene Arrival Hour,99,Unknown EMS Scene Arrival Minutes,88,"Not Applicable (Not Transported) ",88,Not Applicable (Not Transported),,,,,,,1,0
2020,26,260197,Michigan,1,1,0,0,0,1,1,149,ST JOSEPH (149),0,NOT APPLICABLE,28,28,4,April,2020,3,Tuesday,18,6:00pm-6:59pm,5,5,0,This section IS NOT on the NHS,1,Rural,6,Minor Collector,2,County Highway Agency,4,County Road,CR-COVERED BRIDGE RD,,66,66,41.97548611,41.97548611,-85.528041670,-85.528041670,0,No Special Jurisdiction,42,Tree (Standing Only),0,The First Harmful Event was Not a Collision with a Motor Vehicle in Transport,0,No,1,Non-Junction,1,Not an Intersection,0,None,,,4,On Roadside,1,Daylight,,,,,1,Clear,0,No,0000000,Not Applicable,18,6:00pm-6:59pm,10,10,18,6:00pm-6:59pm,14,14,88,"Not Applicable (Not Transported) ",88,Not Applicable (Not Transported),,,,,,,1,0
2020,26,260198,Michigan,1,1,0,1,1,1,1,163,WAYNE (163),1260,DETROIT,10,10,5,May,2020,1,Sunday,21,9:00pm-9:59pm,36,36,0,This section IS NOT on the NHS,2,Urban,4,Minor Arterial,4,City or Municipal Highway Agency,6,Local Street - Municipality,DEXTER AVE,JOY RD,10,10,42.37014444,42.37014444,-83.117594440,-83.117594440,0,No Special Jurisdiction,15,Non-Motorist on Personal Conveyance,0,The First Harmful Event was Not a Collision with a Motor Vehicle in Transport,0,No,3,Intersection-Related,2,Four-Way Intersection,0,None,,,1,On Roadway,3,Dark - Lighted,,,,,2,Rain,0,No,0000000,Not Applicable,99,Unknown,99,Unknown,99,Unknown EMS Scene Arrival Hour,99,Unknown EMS Scene Arrival Minutes,88,"Not Applicable (Not Transported) ",88,Not Applicable (Not Transported),,,,,,,1,0
2020,26,260199,Michigan,1,1,0,0,0,1,1,47,EMMET (47),0,NOT APPLICABLE,30,30,4,April,2020,5,Thursday,11,11:00am-11:59am,32,32,0,This section IS NOT on the NHS,1,Rural,4,Minor Arterial,2,County Highway Agency,4,County Road,CR-E LEVERING RD,,80,80,45.63674722,45.63674722,-84.831366670,-84.831366670,0,No Special Jurisdiction,42,Tree (Standing Only),0,The First Harmful Event was Not a Collision with a Motor Vehicle in Transport,0,No,1,Non-Junction,1,Not an Intersection,0,None,,,4,On Roadside,1,Daylight,,,,,2,Rain,0,No,0000000,Not Applicable,11,11:00am-11:59am,34,34,11,11:00am-11:59am,51,51,88,"Not Applicable (Not Transported) ",88,Not Applicable (Not Transported),,,,,,,1,1
2020,26,260200,Michigan,2,2,0,0,0,3,3,81,KENT (81),2020,GRANDVILLE,16,16,5,May,2020,7,Saturday,22,10:00pm-10:59pm,5,5,1,This section IS ON the NHS,2,Urban,3,Principal Arterial - Other,1,State Highway Agency,3,State Highway,SR-28TH ST,,73,73,42.91359167,42.91359167,-85.753361110,-85.753361110,0,No Special Jurisdiction,24,Guardrail Face,0,The First Harmful Event was Not a Collision with a Motor Vehicle in Transport,0,No,1,Non-Junction,1,Not an Intersection,0,None,,,4,On Roadside,3,Dark - Lighted,,,,,10,Cloudy,0,No,0000000,Not Applicable,22,10:00pm-10:59pm,5,5,22,10:00pm-10:59pm,10,10,88,"Not Applicable (Not Transported) ",88,Not Applicable (Not Transported),,,,,,,1,0
2020,26,260201,Michigan,1,1,0,0,0,1,1,163,WAYNE (163),1260,DETROIT,11,11,5,May,2020,2,Monday,20,8:00pm-8:59pm,50,50,1,This section IS ON the NHS,2,Urban,1,Interstate,1,State Highway Agency,1,Interstate,I-6 RAMP 008V,,1,1,42.37851667,42.37851667,-83.210458330,-83.210458330,0,No Special Jurisdiction,1,Rollover/Overturn,0,The First Harmful Event was Not a Collision with a Motor Vehicle in Transport,1,Yes,5,Entrance/Exit Ramp Related,1,Not an Intersection,0,None,,,1,On Roadway,3,Dark - Lighted,,,,,1,Clear,0,No,0000000,Not Applicable,20,8:00pm-8:59pm,52,52,21,9:00pm-9:59pm,2,2,88,"Not Applicable (Not Transported) ",88,Not Applicable (Not Transported),,,,,,,1,1
2020,26,260202,Michigan,1,1,0,0,0,1,1,67,IONIA (67),0,NOT APPLICABLE,12,12,5,May,2020,3,Tuesday,18,6:00pm-6:59pm,10,10,0,This section IS NOT on the NHS,1,Rural,4,Minor Arterial,1,State Highway Agency,3,State Highway,SR-21 W BLUEWATER HWY,,73,73,42.95435833,42.95435833,-85.175922220,-85.175922220,0,No Special Jurisdiction,42,Tree (Standing Only),0,The First Harmful Event was Not a Collision with a Motor Vehicle in Transport,0,No,1,Non-Junction,1,Not an Intersection,0,None,,,4,On Roadside,1,Daylight,,,,,1,Clear,0,No,0000000,Not Applicable,18,6:00pm-6:59pm,10,10,18,6:00pm-6:59pm,19,19,99,Unknown,99,Unknown EMS Hospital Arrival Time,,,,,,,1,1
2020,26,260203,Michigan,3,3,0,0,0,6,6,81,KENT (81),2010,GRAND RAPIDS,14,14,5,May,2020,5,Thursday,15,3:00pm-3:59pm,15,15,0,This section IS NOT on the NHS,2,Urban,7,Local,4,City or Municipal Highway Agency,6,Local Street - Municipality," DALLAS AVE SE",WATKINS ST SE,3,3,42.94562222,42.94562222,-85.644338890,-85.644338890,0,No Special Jurisdiction,12,Motor Vehicle In-Transport,6,Angle,0,No,2,Intersection,2,Four-Way Intersection,0,None,,,1,On Roadway,1,Daylight,,,,,2,Rain,0,No,0000000,Not Applicable,99,Unknown,99,Unknown,99,Unknown EMS Scene Arrival Hour,99,Unknown EMS Scene Arrival Minutes,99,Unknown,99,Unknown EMS Hospital Arrival Time,,,,,,,1,0
2020,26,260204,Michigan,2,2,0,0,0,2,2,133,OSCEOLA (133),0,NOT APPLICABLE,7,7,5,May,2020,5,Thursday,22,10:00pm-10:59pm,9,9,1,This section IS ON the NHS,1,Rural,3,Principal Arterial - Other,1,State Highway Agency,2,U.S. Highway,US-10,,131,131,43.89276944,43.89276944,-85.310455560,-85.310455560,0,No Special Jurisdiction,12,Motor Vehicle In-Transport,2,Front-to-Front,0,No,1,Non-Junction,1,Not an Intersection,0,None,,,1,On Roadway,2,Dark - Not Lighted,,,,,10,Cloudy,0,No,0000000,Not Applicable,99,Unknown,99,Unknown,99,Unknown EMS Scene Arrival Hour,99,Unknown EMS Scene Arrival Minutes,99,Unknown,99,Unknown EMS Hospital Arrival Time,,,,,,,1,0
2020,26,260205,Michigan,1,1,0,1,1,1,1,99,MACOMB (99),5110,WARREN,15,15,5,May,2020,6,Friday,8,8:00am-8:59am,55,55,1,This section IS ON the NHS,2,Urban,1,Interstate,1,State Highway Agency,1,Interstate,I-696,,43,43,42.49219722,42.49219722,-83.007327780,-83.007327780,0,No Special Jurisdiction,8,Pedestrian,0,The First Harmful Event was Not a Collision with a Motor Vehicle in Transport,0,No,1,Non-Junction,1,Not an Intersection,0,None,,,1,On Roadway,1,Daylight,,,,,10,Cloudy,0,No,0000000,Not Applicable,99,Unknown,99,Unknown,99,Unknown EMS Scene Arrival Hour,99,Unknown EMS Scene Arrival Minutes,88,"Not Applicable (Not Transported) ",88,Not Applicable (Not Transported),,,,,,,1,0
2020,26,260206,Michigan,3,3,0,0,0,6,6,35,CLARE (35),0,NOT APPLICABLE,2,2,4,April,2020,5,Thursday,16,4:00pm-4:59pm,47,47,0,This section IS NOT on the NHS,1,Rural,7,Local,2,County Highway Agency,4,County Road,CR-MAPLE GROVE RD,,29,29,43.84293611,43.84293611,-84.908197220,-84.908197220,0,No Special Jurisdiction,12,Motor Vehicle In-Transport,8,Sideswipe - Opposite Direction,0,No,1,Non-Junction,1,Not an Intersection,0,None,,,1,On Roadway,1,Daylight,,,,,1,Clear,0,No,0000000,Not Applicable,16,4:00pm-4:59pm,52,52,16,4:00pm-4:59pm,57,57,99,Unknown,99,Unknown EMS Hospital Arrival Time,,,,,,,1,0
2020,26,260207,Michigan,3,3,0,0,0,3,3,81,KENT (81),5319,WYOMING,20,20,5,May,2020,4,Wednesday,16,4:00pm-4:59pm,35,35,1,This section IS ON the NHS,2,Urban,3,Principal Arterial - Other,4,City or Municipal Highway Agency,6,Local Street - Municipality,S DIVISION AVE SW,WILBUR ST SW,90,90,42.88996389,42.88996389,-85.664972220,-85.664972220,0,No Special Jurisdiction,12,Motor Vehicle In-Transport,1,Front-to-Rear,0,No,3,Intersection-Related,2,Four-Way Intersection,0,None,,,1,On Roadway,1,Daylight,,,,,1,Clear,0,No,0000000,Not Applicable,16,4:00pm-4:59pm,35,35,16,4:00pm-4:59pm,41,41,88,"Not Applicable (Not Transported) ",88,Not Applicable (Not Transported),,,,,,,1,0
2020,26,260208,Michigan,2,2,0,0,0,4,4,7,ALPENA (7),120,ALPENA,11,11,5,May,2020,2,Monday,14,2:00pm-2:59pm,12,12,0,This section IS NOT on the NHS,2,Urban,5,Major Collector,4,City or Municipal Highway Agency,6,Local Street - Municipality,HAMILTON RD,"US-23 ",9,9,45.10596944,45.10596944,-83.452577780,-83.452577780,0,No Special Jurisdiction,12,Motor Vehicle In-Transport,6,Angle,0,No,2,Intersection,2,Four-Way Intersection,0,None,,,1,On Roadway,1,Daylight,,,,,99,Reported as Unknown,0,No,0000000,Not Applicable,14,2:00pm-2:59pm,12,12,14,2:00pm-2:59pm,15,15,88,"Not Applicable (Not Transported) ",88,Not Applicable (Not Transported),,,,,,,1,0
2020,26,260209,Michigan,2,2,0,0,0,3,3,109,MENOMINEE (109),3170,MENOMINEE,25,25,4,April,2020,7,Saturday,8,8:00am-8:59am,48,48,0,This section IS NOT on the NHS,2,Urban,5,Major Collector,4,City or Municipal Highway Agency,6,Local Street - Municipality,14TH AVE,25TH ST,8,8,45.11167778,45.11167778,-87.634080560,-87.634080560,0,No Special Jurisdiction,12,Motor Vehicle In-Transport,6,Angle,0,No,2,Intersection,2,Four-Way Intersection,0,None,,,1,On Roadway,1,Daylight,,,,,1,Clear,0,No,0000000,Not Applicable,8,8:00am-8:59am,47,47,8,8:00am-8:59am,55,55,88,"Not Applicable (Not Transported) ",88,Not Applicable (Not Transported),,,,,,,1,0
2020,26,260210,Michigan,3,3,0,0,0,3,3,113,MISSAUKEE (113),0,NOT APPLICABLE,22,22,5,May,2020,6,Friday,17,5:00pm-5:59pm,59,59,0,This section IS NOT on the NHS,1,Rural,4,Minor Arterial,1,State Highway Agency,3,State Highway,SR-66 S BURKETT RD,,19,19,44.19071111,44.19071111,-85.153613890,-85.153613890,0,No Special Jurisdiction,12,Motor Vehicle In-Transport,8,Sideswipe - Opposite Direction,0,No,1,Non-Junction,1,Not an Intersection,0,None,,,1,On Roadway,1,Daylight,,,,,1,Clear,0,No,0000000,Not Applicable,18,6:00pm-6:59pm,0,0,18,6:00pm-6:59pm,12,12,88,"Not Applicable (Not Transported) ",88,Not Applicable (Not Transported),,,,,,,1,0
2020,26,260211,Michigan,2,2,0,0,0,6,6,77,KALAMAZOO (77),0,NOT APPLICABLE,28,28,4,April,2020,3,Tuesday,19,7:00pm-7:59pm,42,42,0,This section IS NOT on the NHS,1,Rural,7,Local,2,County Highway Agency,4,County Road,CR-C AVE,,14,14,42.39109722,42.39109722,-85.628472220,-85.628472220,0,No Special Jurisdiction,12,Motor Vehicle In-Transport,6,Angle,0,No,8,Driveway Access Related,1,Not an Intersection,0,None,,,1,On Roadway,5,Dusk,,,,,10,Cloudy,0,No,0000000,Not Applicable,99,Unknown,99,Unknown,99,Unknown EMS Scene Arrival Hour,99,Unknown EMS Scene Arrival Minutes,99,Unknown,99,Unknown EMS Hospital Arrival Time,,,,,,,1,0