caseyear,state,st_case,statename,ve_total,ve_forms,pvh_invl,peds,pernotmvit,permvit,persons,county,countyname,city,cityname,day,dayname,month,monthname,year,day_week,day_weekname,hour,hourname,minute,minutename,nhs,nhsname,rur_urb,rur_urbname,func_sys,func_sysname,rd_owner,rd_ownername,route,routename,tway_id,tway_id2,milept,mileptname,latitude,latitudename,longitud,longitudname,sp_jur,sp_jurname,harm_ev,harm_evname,man_coll,man_collname,reljct1,reljct1name,reljct2,reljct2name,typ_int,typ_intname,wrk_zone,wrk_zonename,road_fnc,road_fncname,rel_road,rel_roadname,lgt_cond,lgt_condname,weather1,weather1name,weather2,weather2name,weather,weathername,sch_bus,sch_busname,rail,railname,not_hour,not_hourname,not_min,not_minname,arr_hour,arr_hourname,arr_min,arr_minname,hosp_hr,hosp_hrname,hosp_mn,hosp_mnname,cf1,cf1name,cf2,cf2name,cf3,cf3name,fatals,drunk_dr
2020,26,260392,Michigan,1,1,0,0,0,2,2,65,INGHAM (65),2700,LANSING,18,18,7,July,2020,7,Saturday,4,4:00am-4:59am,12,12,1,This section IS ON the NHS,2,Urban,3,Principal Arterial - Other,1,State Highway Agency,3,State Highway,SR-99 M L KING JR BLVD," ",7,7,42.72805556,42.72805556,-84.569152780,-84.569152780,0,No Special Jurisdiction,59,"Traffic Sign Support ",0,The First Harmful Event was Not a Collision with a Motor Vehicle in Transport,0,No,1,Non-Junction,1,Not an Intersection,0,None,,,4,On Roadside,2,Dark - Not Lighted,,,,,1,Clear,0,No,0000000,Not Applicable,4,4:00am-4:59am,11,11,4,4:00am-4:59am,21,21,99,Unknown,99,Unknown EMS Hospital Arrival Time,,,,,,,1,1
2020,26,260393,Michigan,1,1,0,0,0,1,1,49,GENESEE (49),1730,FLINT,20,20,6,June,2020,7,Saturday,0,0:00am-0:59am,2,2,1,This section IS ON the NHS,2,Urban,3,Principal Arterial - Other,1,State Highway Agency,3,State Highway,SR-54 N DORT HWY,,120,120,43.06870556,43.06870556,-83.674061110,-83.674061110,0,No Special Jurisdiction,30,Utility Pole/Light Support,0,The First Harmful Event was Not a Collision with a Motor Vehicle in Transport,0,No,1,Non-Junction,1,Not an Intersection,0,None,,,4,On Roadside,3,Dark - Lighted,,,,,1,Clear,0,No,0000000,Not Applicable,99,Unknown,99,Unknown,99,Unknown EMS Scene Arrival Hour,99,Unknown EMS Scene Arrival Minutes,88,"Not Applicable (Not Transported) ",88,Not Applicable (Not Transported),,,,,,,1,1
2020,26,260394,Michigan,1,1,0,1,1,2,2,125,OAKLAND (125),4020,PONTIAC,18,18,7,July,2020,7,Saturday,12,12:00pm-12:59pm,30,30,0,This section IS NOT on the NHS,2,Urban,7,Local,4,City or Municipal Highway Agency,6,Local Street - Municipality,JESSIE ST,OSMUN ST,5,5,42.62892222,42.62892222,-83.279175000,-83.279175000,0,No Special Jurisdiction,9,Pedalcyclist,0,The First Harmful Event was Not a Collision with a Motor Vehicle in Transport,0,No,2,Intersection,2,Four-Way Intersection,0,None,,,1,On Roadway,1,Daylight,,,,,1,Clear,0,No,0000000,Not Applicable,12,12:00pm-12:59pm,32,32,12,12:00pm-12:59pm,38,38,88,"Not Applicable (Not Transported) ",88,Not Applicable (Not Transported),,,,,,,1,0
2020,26,260395,Michigan,1,1,0,0,0,1,1,21,BERRIEN (21),0,NOT APPLICABLE,19,19,7,July,2020,1,Sunday,14,2:00pm-2:59pm,50,50,0,This section IS NOT on the NHS,1,Rural,7,Local,2,County Highway Agency,4,County Road,CR-PARDEE RD,,32,32,41.84391389,41.84391389,-86.533038890,-86.533038890,0,No Special Jurisdiction,52,Guardrail End,0,The First Harmful Event was Not a Collision with a Motor Vehicle in Transport,0,No,1,Non-Junction,1,Not an Intersection,0,None,,,4,On Roadside,1,Daylight,,,,,2,Rain,0,No,0000000,Not Applicable,14,2:00pm-2:59pm,59,59,15,3:00pm-3:59pm,8,8,88,"Not Applicable (Not Transported) ",88,Not Applicable (Not Transported),,,,,,,1,0
2020,26,260396,Michigan,2,2,0,0,0,2,2,147,ST. CLAIR (147),0,NOT APPLICABLE,26,26,6,June,2020,6,Friday,5,5:00am-5:59am,35,35,0,This section IS NOT on the NHS,1,Rural,5,Major Collector,2,County Highway Agency,4,County Road,CR-DRYDEN RD,,16,16,42.95228889,42.95228889,-82.975077780,-82.975077780,0,No Special Jurisdiction,12,Motor Vehicle In-Transport,2,Front-to-Front,0,No,1,Non-Junction,1,Not an Intersection,0,None,,,1,On Roadway,3,Dark - Lighted,,,,,1,Clear,0,No,0000000,Not Applicable,5,5:00am-5:59am,36,36,5,5:00am-5:59am,47,47,88,"Not Applicable (Not Transported) ",88,Not Applicable (Not Transported),,,,,,,1,0
2020,26,260397,Michigan,2,2,0,0,0,4,4,125,OAKLAND (125),0,NOT APPLICABLE,27,27,6,June,2020,7,Saturday,10,10:00am-10:59am,2,2,1,This section IS ON the NHS,2,Urban,3,Principal Arterial - Other,1,State Highway Agency,3,State Highway,SR-115 ORTONVILLE RD,,58,58,42.80434722,42.80434722,-83.423261110,-83.423261110,0,No Special Jurisdiction,12,Motor Vehicle In-Transport,8,Sideswipe - Opposite Direction,0,No,1,Non-Junction,1,Not an Intersection,0,None,,,1,On Roadway,1,Daylight,,,,,1,Clear,0,No,0000000,Not Applicable,10,10:00am-10:59am,2,2,10,10:00am-10:59am,10,10,88,"Not Applicable (Not Transported) ",88,Not Applicable (Not Transported),,,,,,,2,0
2020,26,260398,Michigan,2,2,0,0,0,2,2,133,OSCEOLA (133),0,NOT APPLICABLE,29,29,6,June,2020,2,Monday,18,6:00pm-6:59pm,17,17,0,This section IS NOT on the NHS,1,Rural,5,Major Collector,2,County Highway Agency,4,County Road,CR-3 MILE RD,SR-66,77,77,43.85721111,43.85721111,-85.147983330,-85.147983330,0,No Special Jurisdiction,12,Motor Vehicle In-Transport,6,Angle,0,No,2,Intersection,2,Four-Way Intersection,0,None,,,1,On Roadway,1,Daylight,,,,,10,Cloudy,0,No,0000000,Not Applicable,18,6:00pm-6:59pm,19,19,18,6:00pm-6:59pm,28,28,88,"Not Applicable (Not Transported) ",88,Not Applicable (Not Transported),,,,,,,1,1
2020,26,260400,Michigan,1,1,0,0,0,1,1,133,OSCEOLA (133),0,NOT APPLICABLE,2,2,7,July,2020,5,Thursday,17,5:00pm-5:59pm,41,41,1,This section IS ON the NHS,1,Rural,3,Principal Arterial - Other,1,State Highway Agency,3,State Highway,SR-115,,181,181,43.98592222,43.98592222,-85.089941670,-85.089941670,0,No Special Jurisdiction,23,Bridge Rail (Includes parapet),0,The First Harmful Event was Not a Collision with a Motor Vehicle in Transport,0,No,1,Non-Junction,1,Not an Intersection,0,None,,,4,On Roadside,1,Daylight,,,,,1,Clear,0,No,0000000,Not Applicable,17,5:00pm-5:59pm,45,45,17,5:00pm-5:59pm,55,55,88,"Not Applicable (Not Transported) ",88,Not Applicable (Not Transported),,,,,,,1,0
2020,26,260401,Michigan,2,2,0,0,0,2,2,121,MUSKEGON (121),0,NOT APPLICABLE,22,22,7,July,2020,4,Wednesday,19,7:00pm-7:59pm,57,57,0,This section IS NOT on the NHS,2,Urban,4,Minor Arterial,1,State Highway Agency,3,State Highway,SR-46 APPLE AVE,,60,60,43.23476944,43.23476944,-86.129633330,-86.129633330,0,No Special Jurisdiction,12,Motor Vehicle In-Transport,6,Angle,0,No,8,Driveway Access Related,1,Not an Intersection,0,None,,,1,On Roadway,1,Daylight,,,,,1,Clear,0,No,0000000,Not Applicable,19,7:00pm-7:59pm,57,57,20,8:00pm-8:59pm,6,6,88,"Not Applicable (Not Transported) ",88,Not Applicable (Not Transported),,,,,,,1,0
2020,26,260402,Michigan,1,1,0,0,0,1,1,145,SAGINAW (145),0,NOT APPLICABLE,25,25,5,May,2020,2,Monday,23,11:00pm-11:59pm,29,29,0,This section IS NOT on the NHS,1,Rural,5,Major Collector,2,County Highway Agency,4,County Road,CR-LINCOLN RD,,66,66,43.22795833,43.22795833,-83.986416670,-83.986416670,0,No Special Jurisdiction,35,Embankment,0,The First Harmful Event was Not a Collision with a Motor Vehicle in Transport,0,No,1,Non-Junction,1,Not an Intersection,0,None,,,4,On Roadside,2,Dark - Not Lighted,,,,,1,Clear,0,No,0000000,Not Applicable,99,Unknown,99,Unknown,99,Unknown EMS Scene Arrival Hour,99,Unknown EMS Scene Arrival Minutes,88,"Not Applicable (Not Transported) ",88,Not Applicable (Not Transported),,,,,,,1,0
2020,26,260403,Michigan,3,3,0,0,0,3,3,49,GENESEE (49),0,NOT APPLICABLE,20,20,7,July,2020,2,Monday,15,3:00pm-3:59pm,36,36,1,This section IS ON the NHS,2,Urban,1,Interstate,1,State Highway Agency,2,U.S. Highway,US-23,,96,96,42.91417500,42.91417500,-83.725897220,-83.725897220,0,No Special Jurisdiction,12,Motor Vehicle In-Transport,1,Front-to-Rear,1,Yes,18,Through Roadway,1,Not an Intersection,0,None,,,1,On Roadway,1,Daylight,,,,,1,Clear,0,No,0000000,Not Applicable,15,3:00pm-3:59pm,36,36,99,Unknown EMS Scene Arrival Hour,99,Unknown EMS Scene Arrival Minutes,99,Unknown,99,Unknown EMS Hospital Arrival Time,,,,,,,1,0
2020,26,260404,Michigan,2,2,0,0,0,2,2,65,INGHAM (65),2700,LANSING,24,24,7,July,2020,6,Friday,20,8:00pm-8:59pm,0,0,1,This section IS ON the NHS,2,Urban,3,Principal Arterial - Other,1,State Highway Agency,3,State Highway,SR-99 ML KING JR,MALCOLM X MAIN ST,5,5,42.72553611,42.72553611,-84.569794440,-84.569794440,0,No Special Jurisdiction,12,Motor Vehicle In-Transport,6,Angle,0,No,2,Intersection,2,Four-Way Intersection,0,None,,,1,On Roadway,1,Daylight,,,,,1,Clear,0,No,0000000,Not Applicable,19,7:00pm-7:59pm,54,54,19,7:00pm-7:59pm,57,57,99,Unknown,99,Unknown EMS Hospital Arrival Time,,,,,,,1,0
2020,26,260405,Michigan,1,1,0,0,0,2,2,163,WAYNE (163),1260,DETROIT,23,23,5,May,2020,7,Saturday,0,0:00am-0:59am,30,30,1,This section IS ON the NHS,2,Urban,3,Principal Arterial - Other,4,City or Municipal Highway Agency,6,Local Street - Municipality,MOROSS RD,,16,16,42.42803333,42.42803333,-82.937555560,-82.937555560,0,No Special Jurisdiction,30,Utility Pole/Light Support,0,The First Harmful Event was Not a Collision with a Motor Vehicle in Transport,0,No,1,Non-Junction,1,Not an Intersection,0,None,,,4,On Roadside,3,Dark - Lighted,,,,,1,Clear,0,No,0000000,Not Applicable,99,Unknown,99,Unknown,99,Unknown EMS Scene Arrival Hour,99,Unknown EMS Scene Arrival Minutes,99,Unknown,99,Unknown EMS Hospital Arrival Time,,,,,,,1,0
2020,26,260406,Michigan,1,1,0,0,0,1,1,157,TUSCOLA (157),0,NOT APPLICABLE,23,23,5,May,2020,7,Saturday,22,10:00pm-10:59pm,15,15,0,This section IS NOT on the NHS,1,Rural,5,Major Collector,2,County Highway Agency,4,County Road,CR-CLIFFORD RD,,1,1,43.33066667,43.33066667,-83.301713890,-83.301713890,0,No Special Jurisdiction,34,Ditch,0,The First Harmful Event was Not a Collision with a Motor Vehicle in Transport,0,No,1,Non-Junction,1,Not an Intersection,0,None,,,4,On Roadside,2,Dark - Not Lighted,,,,,1,Clear,0,No,0000000,Not Applicable,14,2:00pm-2:59pm,6,6,14,2:00pm-2:59pm,12,12,88,"Not Applicable (Not Transported) ",88,Not Applicable (Not Transported),,,,,,,1,1
2020,26,260407,Michigan,1,1,0,0,0,3,3,99,MACOMB (99),4380,ST. CLAIR SHORES,22,22,5,May,2020,6,Friday,8,8:00am-8:59am,20,20,1,This section IS ON the NHS,2,Urban,1,Interstate,1,State Highway Agency,1,Interstate,I-94,,7,7,42.45858611,42.45858611,-82.924091670,-82.924091670,0,No Special Jurisdiction,25,Concrete Traffic Barrier,0,The First Harmful Event was Not a Collision with a Motor Vehicle in Transport,0,No,1,Non-Junction,1,Not an Intersection,0,None,,,3,On Median,1,Daylight,,,,,10,Cloudy,0,No,0000000,Not Applicable,99,Unknown,99,Unknown,99,Unknown EMS Scene Arrival Hour,99,Unknown EMS Scene Arrival Minutes,99,Unknown,99,Unknown EMS Hospital Arrival Time,,,,,,,1,0
2020,26,260408,Michigan,1,1,0,1,1,1,1,163,WAYNE (163),1260,DETROIT,13,13,5,May,2020,4,Wednesday,19,7:00pm-7:59pm,55,55,0,This section IS NOT on the NHS,2,Urban,7,Local,4,City or Municipal Highway Agency,6,Local Street - Municipality,NORFOLK ST,,13,13,42.44348056,42.44348056,-83.150747220,-83.150747220,0,No Special Jurisdiction,8,Pedestrian,0,The First Harmful Event was Not a Collision with a Motor Vehicle in Transport,0,No,1,Non-Junction,1,Not an Intersection,0,None,,,1,On Roadway,1,Daylight,,,,,1,Clear,0,No,0000000,Not Applicable,99,Unknown,99,Unknown,99,Unknown EMS Scene Arrival Hour,99,Unknown EMS Scene Arrival Minutes,88,"Not Applicable (Not Transported) ",88,Not Applicable (Not Transported),,,,,,,1,0
2020,26,260409,Michigan,3,3,0,0,0,4,4,163,WAYNE (163),4166,REDFORD TOWNSHIP,8,8,5,May,2020,6,Friday,17,5:00pm-5:59pm,38,38,1,This section IS ON the NHS,2,Urban,3,Principal Arterial - Other,4,City or Municipal Highway Agency,6,Local Street - Municipality,INKSTER RD,"GRAND RIVER ",230,230,42.44005278,42.44005278,-83.316738890,-83.316738890,0,No Special Jurisdiction,12,Motor Vehicle In-Transport,6,Angle,0,No,2,Intersection,2,Four-Way Intersection,0,None,,,1,On Roadway,1,Daylight,,,,,1,Clear,0,No,0000000,Not Applicable,17,5:00pm-5:59pm,38,38,17,5:00pm-5:59pm,45,45,99,Unknown,99,Unknown EMS Hospital Arrival Time,,,,,,,1,0
2020,26,260410,Michigan,1,1,0,0,0,1,1,17,BAY (17),0,NOT APPLICABLE,7,7,6,June,2020,1,Sunday,0,0:00am-0:59am,14,14,0,This section IS NOT on the NHS,1,Rural,6,Minor Collector,2,County Highway Agency,4,County Road,CR-11 MILE RD,,167,167,43.98101667,43.98101667,-84.104405560,-84.104405560,0,No Special Jurisdiction,1,Rollover/Overturn,0,The First Harmful Event was Not a Collision with a Motor Vehicle in Transport,0,No,1,Non-Junction,1,Not an Intersection,0,None,,,1,On Roadway,2,Dark - Not Lighted,,,,,1,Clear,0,No,0000000,Not Applicable,99,Unknown,99,Unknown,99,Unknown EMS Scene Arrival Hour,99,Unknown EMS Scene Arrival Minutes,99,Unknown,99,Unknown EMS Hospital Arrival Time,,,,,,,1,0
2020,26,260411,Michigan,2,2,0,0,0,3,3,163,WAYNE (163),738,CANTON TOWNSHIP,23,23,7,July,2020,5,Thursday,19,7:00pm-7:59pm,0,0,1,This section IS ON the NHS,2,Urban,1,Interstate,1,State Highway Agency,1,Interstate,I-275,,139,139,42.27420278,42.27420278,-83.440980560,-83.440980560,0,No Special Jurisdiction,12,Motor Vehicle In-Transport,1,Front-to-Rear,0,No,1,Non-Junction,1,Not an Intersection,0,None,,,1,On Roadway,1,Daylight,,,,,1,Clear,0,No,0000000,Not Applicable,19,7:00pm-7:59pm,0,0,19,7:00pm-7:59pm,5,5,99,Unknown,99,Unknown EMS Hospital Arrival Time,,,,,,,1,1
2020,26,260412,Michigan,1,1,0,1,1,2,2,163,WAYNE (163),1260,DETROIT,19,19,6,June,2020,6,Friday,1,1:00am-1:59am,25,25,0,This section IS NOT on the NHS,2,Urban,4,Minor Arterial,4,City or Municipal Highway Agency,6,Local Street - Municipality,CONANT ST,,27,27,42.42057778,42.42057778,-83.064894440,-83.064894440,0,No Special Jurisdiction,8,Pedestrian,0,The First Harmful Event was Not a Collision with a Motor Vehicle in Transport,0,No,1,Non-Junction,1,Not an Intersection,0,None,,,1,On Roadway,3,Dark - Lighted,,,,,1,Clear,0,No,0000000,Not Applicable,99,Unknown,99,Unknown,99,Unknown EMS Scene Arrival Hour,99,Unknown EMS Scene Arrival Minutes,99,Unknown,99,Unknown EMS Hospital Arrival Time,,,,,,,1,1
2020,26,260413,Michigan,1,1,0,0,0,1,1,33,CHIPPEWA (33),0,NOT APPLICABLE,24,24,7,July,2020,6,Friday,12,12:00pm-12:59pm,10,10,0,This section IS NOT on the NHS,1,Rural,5,Major Collector,2,County Highway Agency,4,County Road,CR-LAKESHORE DR,,111,111,46.47746667,46.47746667,-84.698536110,-84.698536110,0,No Special Jurisdiction,1,Rollover/Overturn,0,The First Harmful Event was Not a Collision with a Motor Vehicle in Transport,0,No,1,Non-Junction,1,Not an Intersection,0,None,,,1,On Roadway,1,Daylight,,,,,1,Clear,0,No,0000000,Not Applicable,12,12:00pm-12:59pm,11,11,12,12:00pm-12:59pm,32,32,99,Unknown,99,Unknown EMS Hospital Arrival Time,,,,,,,1,0
2020,26,260414,Michigan,1,1,0,0,0,1,1,139,OTTAWA (139),0,NOT APPLICABLE,24,24,7,July,2020,6,Friday,16,4:00pm-4:59pm,51,51,0,This section IS NOT on the NHS,2,Urban,7,Local,2,County Highway Agency,4,County Road,CR-PARSONS ST,,5,5,42.87445278,42.87445278,-85.806763890,-85.806763890,0,No Special Jurisdiction,42,Tree (Standing Only),0,The First Harmful Event was Not a Collision with a Motor Vehicle in Transport,0,No,1,Non-Junction,1,Not an Intersection,0,None,,,5,Outside Trafficway,1,Daylight,,,,,1,Clear,0,No,0000000,Not Applicable,16,4:00pm-4:59pm,51,51,16,4:00pm-4:59pm,55,55,88,"Not Applicable (Not Transported) ",88,Not Applicable (Not Transported),,,,,,,1,0
2020,26,260415,Michigan,2,2,0,0,0,5,5,97,MACKINAC (97),0,NOT APPLICABLE,25,25,7,July,2020,7,Saturday,14,2:00pm-2:59pm,55,55,1,This section IS ON the NHS,1,Rural,3,Principal Arterial - Other,1,State Highway Agency,2,U.S. Highway,US-2,,183,183,46.09873333,46.09873333,-85.483458330,-85.483458330,0,No Special Jurisdiction,12,Motor Vehicle In-Transport,2,Front-to-Front,0,No,1,Non-Junction,1,Not an Intersection,0,None,,,1,On Roadway,1,Daylight,,,,,1,Clear,0,No,0000000,Not Applicable,14,2:00pm-2:59pm,56,56,15,3:00pm-3:59pm,24,24,88,"Not Applicable (Not Transported) ",88,Not Applicable (Not Transported),,,,,,,1,0
2020,26,260416,Michigan,2,2,0,0,0,4,4,163,WAYNE (163),1260,DETROIT,23,23,6,June,2020,3,Tuesday,19,7:00pm-7:59pm,52,52,1,This section IS ON the NHS,2,Urban,3,Principal Arterial - Other,4,City or Municipal Highway Agency,6,Local Street - Municipality,E 7 MILE RD,KEYSTONE ST,195,195,42.43340278,42.43340278,-83.051236110,-83.051236110,0,No Special Jurisdiction,12,Motor Vehicle In-Transport,6,Angle,0,No,2,Intersection,2,Four-Way Intersection,0,None,,,1,On Roadway,1,Daylight,,,,,1,Clear,0,No,0000000,Not Applicable,99,Unknown,99,Unknown,99,Unknown EMS Scene Arrival Hour,99,Unknown EMS Scene Arrival Minutes,99,Unknown,99,Unknown EMS Hospital Arrival Time,,,,,,,1,1
2020,26,260417,Michigan,1,1,0,0,0,1,1,159,VAN BUREN (159),0,NOT APPLICABLE,25,25,6,June,2020,5,Thursday,15,3:00pm-3:59pm,30,30,0,This section IS NOT on the NHS,1,Rural,5,Major Collector,2,County Highway Agency,4,County Road,CR-352,,13,13,42.10588333,42.10588333,-85.945094440,-85.945094440,0,No Special Jurisdiction,42,Tree (Standing Only),0,The First Harmful Event was Not a Collision with a Motor Vehicle in Transport,0,No,1,Non-Junction,1,Not an Intersection,0,None,,,4,On Roadside,1,Daylight,,,,,1,Clear,0,No,0000000,Not Applicable,15,3:00pm-3:59pm,32,32,15,3:00pm-3:59pm,42,42,88,"Not Applicable (Not Transported) ",88,Not Applicable (Not Transported),,,,,,,1,0
2020,26,260418,Michigan,1,1,0,0,0,1,1,163,WAYNE (163),1260,DETROIT,27,27,6,June,2020,7,Saturday,1,1:00am-1:59am,35,35,1,This section IS ON the NHS,2,Urban,3,Principal Arterial - Other,4,City or Municipal Highway Agency,6,Local Street - Municipality,SCHAEFER HWY,,66,66,42.36989444,42.36989444,-83.177858330,-83.177858330,0,No Special Jurisdiction,30,Utility Pole/Light Support,0,The First Harmful Event was Not a Collision with a Motor Vehicle in Transport,0,No,1,Non-Junction,1,Not an Intersection,0,None,,,4,On Roadside,3,Dark - Lighted,,,,,2,Rain,0,No,0000000,Not Applicable,99,Unknown,99,Unknown,99,Unknown EMS Scene Arrival Hour,99,Unknown EMS Scene Arrival Minutes,88,"Not Applicable (Not Transported) ",88,Not Applicable (Not Transported),,,,,,,1,0
2020,26,260419,Michigan,1,1,0,2,2,1,1,115,MONROE (115),0,NOT APPLICABLE,26,26,6,June,2020,6,Friday,16,4:00pm-4:59pm,3,3,0,This section IS NOT on the NHS,1,Rural,4,Minor Arterial,2,County Highway Agency,4,County Road,CR-MILAN OAKVILLE RD,,23,23,42.08401389,42.08401389,-83.637280560,-83.637280560,0,No Special Jurisdiction,9,Pedalcyclist,0,The First Harmful Event was Not a Collision with a Motor Vehicle in Transport,0,No,1,Non-Junction,1,Not an Intersection,0,None,,,4,On Roadside,1,Daylight,,,,,2,Rain,0,No,0000000,Not Applicable,99,Unknown,99,Unknown,99,Unknown EMS Scene Arrival Hour,99,Unknown EMS Scene Arrival Minutes,88,"Not Applicable (Not Transported) ",88,Not Applicable (Not Transported),,,,,,,2,0
2020,26,260420,Michigan,1,1,0,0,0,3,3,115,MONROE (115),1586,ERIE,26,26,6,June,2020,6,Friday,22,10:00pm-10:59pm,40,40,1,This section IS ON the NHS,1,Rural,1,Interstate,1,State Highway Agency,1,Interstate,I-75,,18,18,41.75806389,41.75806389,-83.481666670,-83.481666670,0,No Special Jurisdiction,25,Concrete Traffic Barrier,0,The First Harmful Event was Not a Collision with a Motor Vehicle in Transport,1,Yes,19,Other location within Interchange Area,1,Not an Intersection,1,Construction,,,4,On Roadside,2,Dark - Not Lighted,,,,,10,Cloudy,0,No,0000000,Not Applicable,22,10:00pm-10:59pm,43,43,22,10:00pm-10:59pm,57,57,88,"Not Applicable (Not Transported) ",88,Not Applicable (Not Transported),,,,,,,3,0
2020,26,260421,Michigan,1,1,0,0,0,4,4,163,WAYNE (163),1260,DETROIT,27,27,6,June,2020,7,Saturday,21,9:00pm-9:59pm,0,0,1,This section IS ON the NHS,2,Urban,3,Principal Arterial - Other,4,City or Municipal Highway Agency,6,Local Street - Municipality,JEFFERSON AVE,,183,183,42.28864722,42.28864722,-83.120533330,-83.120533330,0,No Special Jurisdiction,38,Fence,0,The First Harmful Event was Not a Collision with a Motor Vehicle in Transport,0,No,1,Non-Junction,1,Not an Intersection,0,None,,,4,On Roadside,5,Dusk,,,,,1,Clear,0,No,0000000,Not Applicable,99,Unknown,99,Unknown,99,Unknown EMS Scene Arrival Hour,99,Unknown EMS Scene Arrival Minutes,99,Unknown,99,Unknown EMS Hospital Arrival Time,,,,,,,3,0
2020,26,260422,Michigan,2,2,0,0,0,3,3,25,CALHOUN (25),310,BATTLE CREEK,15,15,6,June,2020,2,Monday,0,0:00am-0:59am,25,25,0,This section IS NOT on the NHS,2,Urban,4,Minor Arterial,4,City or Municipal Highway Agency,6,Local Street - Municipality,NE CAPITAL AVE,NE NORTH AVE,2,2,42.32136667,42.32136667,-85.179313890,-85.179313890,0,No Special Jurisdiction,12,Motor Vehicle In-Transport,7,Sideswipe - Same Direction,0,No,3,Intersection-Related,3,T-Intersection,0,None,,,1,On Roadway,3,Dark - Lighted,,,,,1,Clear,0,No,0000000,Not Applicable,99,Unknown,99,Unknown,99,Unknown EMS Scene Arrival Hour,99,Unknown EMS Scene Arrival Minutes,99,Unknown,99,Unknown EMS Hospital Arrival Time,,,,,,,1,2
2020,26,260423,Michigan,3,3,0,0,0,3,3,163,WAYNE (163),1260,DETROIT,6,6,7,July,2020,2,Monday,18,6:00pm-6:59pm,30,30,1,This section IS ON the NHS,2,Urban,1,Interstate,1,State Highway Agency,1,Interstate,I-96,,39,39,42.34505278,42.34505278,-83.096047220,-83.096047220,0,No Special Jurisdiction,12,Motor Vehicle In-Transport,1,Front-to-Rear,0,No,1,Non-Junction,1,Not an Intersection,0,None,,,1,On Roadway,1,Daylight,,,,,1,Clear,0,No,0000000,Not Applicable,18,6:00pm-6:59pm,33,33,18,6:00pm-6:59pm,35,35,88,"Not Applicable (Not Transported) ",88,Not Applicable (Not Transported),,,,,,,1,0
2020,26,260424,Michigan,1,1,0,1,1,2,2,61,HOUGHTON (61),0,NOT APPLICABLE,17,17,7,July,2020,6,Friday,14,2:00pm-2:59pm,21,21,1,This section IS ON the NHS,2,Urban,3,Principal Arterial - Other,1,State Highway Agency,2,U.S. Highway,US-41,,132,132,47.10403056,47.10403056,-88.517616670,-88.517616670,0,No Special Jurisdiction,9,Pedalcyclist,0,The First Harmful Event was Not a Collision with a Motor Vehicle in Transport,0,No,8,Driveway Access Related,1,Not an Intersection,0,None,,,1,On Roadway,1,Daylight,,,,,1,Clear,0,No,0000000,Not Applicable,14,2:00pm-2:59pm,25,25,14,2:00pm-2:59pm,33,33,88,"Not Applicable (Not Transported) ",88,Not Applicable (Not Transported),,,,,,,1,0
2020,26,260425,Michigan,2,2,0,0,0,4,4,65,INGHAM (65),2700,LANSING,17,17,7,July,2020,6,Friday,15,3:00pm-3:59pm,23,23,0,This section IS NOT on the NHS,2,Urban,7,Local,4,City or Municipal Highway Agency,6,Local Street - Municipality,STIRLING AVE,MOUNT HOPE AVE,4,4,42.71198056,42.71198056,-84.565258330,-84.565258330,0,No Special Jurisdiction,1,Rollover/Overturn,0,The First Harmful Event was Not a Collision with a Motor Vehicle in Transport,0,No,2,Intersection,2,Four-Way Intersection,0,None,,,1,On Roadway,1,Daylight,,,,,1,Clear,0,No,0000000,Not Applicable,15,3:00pm-3:59pm,23,23,15,3:00pm-3:59pm,30,30,99,Unknown,99,Unknown EMS Hospital Arrival Time,,,,,,,2,0
2020,26,260426,Michigan,1,1,0,0,0,3,3,11,ARENAC (11),0,NOT APPLICABLE,6,6,6,June,2020,7,Saturday,21,9:00pm-9:59pm,49,49,1,This section IS ON the NHS,1,Rural,1,Interstate,1,State Highway Agency,1,Interstate,I-75,,88,88,44.02754167,44.02754167,-84.053688890,-84.053688890,0,No Special Jurisdiction,1,Rollover/Overturn,0,The First Harmful Event was Not a Collision with a Motor Vehicle in Transport,0,No,1,Non-Junction,1,Not an Intersection,0,None,,,1,On Roadway,2,Dark - Not Lighted,,,,,1,Clear,0,No,0000000,Not Applicable,21,9:00pm-9:59pm,50,50,22,10:00pm-10:59pm,4,4,99,Unknown,99,Unknown EMS Hospital Arrival Time,,,,,,,1,0
2020,26,260427,Michigan,2,2,0,0,0,2,2,45,EATON (45),0,NOT APPLICABLE,29,29,6,June,2020,2,Monday,14,2:00pm-2:59pm,40,40,0,This section IS NOT on the NHS,1,Rural,4,Minor Arterial,1,State Highway Agency,3,State Highway,SR-99 MICHIGAN RD,COLUMBIA RD,117,117,42.58192778,42.58192778,-84.621938890,-84.621938890,0,No Special Jurisdiction,12,Motor Vehicle In-Transport,6,Angle,0,No,2,Intersection,2,Four-Way Intersection,0,None,,,1,On Roadway,1,Daylight,,,,,1,Clear,0,No,0000000,Not Applicable,14,2:00pm-2:59pm,40,40,14,2:00pm-2:59pm,48,48,88,"Not Applicable (Not Transported) ",88,Not Applicable (Not Transported),,,,,,,1,0
2020,26,260428,Michigan,2,2,0,0,0,2,2,21,BERRIEN (21),0,NOT APPLICABLE,19,19,7,July,2020,1,Sunday,1,1:00am-1:59am,9,9,1,This section IS ON the NHS,2,Urban,1,Interstate,1,State Highway Agency,1,Interstate,I-94,,194,194,41.98076667,41.98076667,-86.543413890,-86.543413890,0,No Special Jurisdiction,12,Motor Vehicle In-Transport,1,Front-to-Rear,0,No,1,Non-Junction,1,Not an Intersection,0,None,,,1,On Roadway,2,Dark - Not Lighted,,,,,1,Clear,0,No,0000000,Not Applicable,1,1:00am-1:59am,9,9,1,1:00am-1:59am,20,20,99,Unknown,99,Unknown EMS Hospital Arrival Time,,,,,,,1,1