caseyear,state,st_case,statename,ve_total,ve_forms,pvh_invl,peds,pernotmvit,permvit,persons,county,countyname,city,cityname,day,dayname,month,monthname,year,day_week,day_weekname,hour,hourname,minute,minutename,nhs,nhsname,rur_urb,rur_urbname,func_sys,func_sysname,rd_owner,rd_ownername,route,routename,tway_id,tway_id2,milept,mileptname,latitude,latitudename,longitud,longitudname,sp_jur,sp_jurname,harm_ev,harm_evname,man_coll,man_collname,reljct1,reljct1name,reljct2,reljct2name,typ_int,typ_intname,wrk_zone,wrk_zonename,road_fnc,road_fncname,rel_road,rel_roadname,lgt_cond,lgt_condname,weather1,weather1name,weather2,weather2name,weather,weathername,sch_bus,sch_busname,rail,railname,not_hour,not_hourname,not_min,not_minname,arr_hour,arr_hourname,arr_min,arr_minname,hosp_hr,hosp_hrname,hosp_mn,hosp_mnname,cf1,cf1name,cf2,cf2name,cf3,cf3name,fatals,drunk_dr
2020,26,260467,Michigan,1,1,0,1,1,3,3,125,OAKLAND (125),440,BERKLEY,20,20,7,July,2020,2,Monday,12,12:00pm-12:59pm,36,36,0,This section IS NOT on the NHS,2,Urban,4,Minor Arterial,4,City or Municipal Highway Agency,6,Local Street - Municipality,COOLIDGE HWY,,33,33,42.49414167,42.49414167,-83.183569440,-83.183569440,0,No Special Jurisdiction,8,Pedestrian,0,The First Harmful Event was Not a Collision with a Motor Vehicle in Transport,0,No,8,Driveway Access Related,1,Not an Intersection,0,None,,,1,On Roadway,1,Daylight,,,,,1,Clear,0,No,0000000,Not Applicable,99,Unknown,99,Unknown,99,Unknown EMS Scene Arrival Hour,99,Unknown EMS Scene Arrival Minutes,99,Unknown,99,Unknown EMS Hospital Arrival Time,,,,,,,1,0
2020,26,260468,Michigan,2,2,0,0,0,3,3,81,KENT (81),0,NOT APPLICABLE,31,31,7,July,2020,6,Friday,15,3:00pm-3:59pm,25,25,0,This section IS NOT on the NHS,1,Rural,5,Major Collector,2,County Highway Agency,4,County Road,CR-LINCOLN LAKE AVE,BEARDSLEE RD,190,190,43.14030833,43.14030833,-85.352397220,-85.352397220,0,No Special Jurisdiction,12,Motor Vehicle In-Transport,6,Angle,0,No,2,Intersection,3,T-Intersection,0,None,,,1,On Roadway,1,Daylight,,,,,1,Clear,0,No,0000000,Not Applicable,15,3:00pm-3:59pm,26,26,15,3:00pm-3:59pm,32,32,99,Unknown,99,Unknown EMS Hospital Arrival Time,,,,,,,1,0
2020,26,260469,Michigan,1,1,0,0,0,3,3,163,WAYNE (163),2430,INKSTER,28,28,7,July,2020,3,Tuesday,2,2:00am-2:59am,45,45,0,This section IS NOT on the NHS,2,Urban,7,Local,4,City or Municipal Highway Agency,6,Local Street - Municipality,MAGNOLIA DR,,1,1,42.30020278,42.30020278,-83.316769440,-83.316769440,0,No Special Jurisdiction,42,Tree (Standing Only),0,The First Harmful Event was Not a Collision with a Motor Vehicle in Transport,0,No,1,Non-Junction,1,Not an Intersection,0,None,,,4,On Roadside,6,Dark - Unknown Lighting,,,,,1,Clear,0,No,0000000,Not Applicable,99,Unknown,99,Unknown,99,Unknown EMS Scene Arrival Hour,99,Unknown EMS Scene Arrival Minutes,99,Unknown,99,Unknown EMS Hospital Arrival Time,,,,,,,1,1
2020,26,260470,Michigan,2,2,0,0,0,3,3,163,WAYNE (163),0,NOT APPLICABLE,25,25,7,July,2020,7,Saturday,11,11:00am-11:59am,5,5,0,This section IS NOT on the NHS,2,Urban,4,Minor Arterial,2,County Highway Agency,4,County Road,CR-RAWSONVILLE RD,AUGUSTA WOODS BLVD,59,59,42.16650556,42.16650556,-83.541836110,-83.541836110,0,No Special Jurisdiction,12,Motor Vehicle In-Transport,6,Angle,0,No,2,Intersection,3,T-Intersection,0,None,,,1,On Roadway,1,Daylight,,,,,1,Clear,0,No,0000000,Not Applicable,99,Unknown,99,Unknown,99,Unknown EMS Scene Arrival Hour,99,Unknown EMS Scene Arrival Minutes,99,Unknown,99,Unknown EMS Hospital Arrival Time,,,,,,,1,0
2020,26,260472,Michigan,3,3,0,0,0,6,6,163,WAYNE (163),1260,DETROIT,1,1,8,August,2020,7,Saturday,16,4:00pm-4:59pm,47,47,0,This section IS NOT on the NHS,2,Urban,4,Minor Arterial,4,City or Municipal Highway Agency,6,Local Street - Municipality,CHALMERS ST,SEYMOUR ST,41,41,42.42705000,42.42705000,-82.975058330,-82.975058330,0,No Special Jurisdiction,12,Motor Vehicle In-Transport,6,Angle,0,No,2,Intersection,2,Four-Way Intersection,0,None,,,1,On Roadway,1,Daylight,,,,,2,Rain,0,No,0000000,Not Applicable,99,Unknown,99,Unknown,99,Unknown EMS Scene Arrival Hour,99,Unknown EMS Scene Arrival Minutes,99,Unknown,99,Unknown EMS Hospital Arrival Time,,,,,,,1,0
2020,26,260473,Michigan,1,1,0,1,1,1,1,75,JACKSON (75),0,NOT APPLICABLE,3,3,8,August,2020,2,Monday,8,8:00am-8:59am,45,45,0,This section IS NOT on the NHS,1,Rural,7,Local,2,County Highway Agency,4,County Road,CR-CROSS RD,,42,42,42.18620278,42.18620278,-84.573908330,-84.573908330,0,No Special Jurisdiction,9,Pedalcyclist,0,The First Harmful Event was Not a Collision with a Motor Vehicle in Transport,0,No,16,Shared-Use Path Crossing,1,Not an Intersection,0,None,,,1,On Roadway,1,Daylight,,,,,1,Clear,0,No,0000000,Not Applicable,8,8:00am-8:59am,45,45,8,8:00am-8:59am,53,53,99,Unknown,99,Unknown EMS Hospital Arrival Time,,,,,,,1,0
2020,26,260474,Michigan,2,2,0,0,0,3,3,163,WAYNE (163),1260,DETROIT,4,4,8,August,2020,3,Tuesday,8,8:00am-8:59am,15,15,1,This section IS ON the NHS,2,Urban,3,Principal Arterial - Other,4,City or Municipal Highway Agency,6,Local Street - Municipality,E WARREN AVE,SAINT AUBIN ST,20,20,42.36440000,42.36440000,-83.044327780,-83.044327780,0,No Special Jurisdiction,12,Motor Vehicle In-Transport,6,Angle,0,No,2,Intersection,2,Four-Way Intersection,0,None,,,1,On Roadway,1,Daylight,,,,,1,Clear,0,No,0000000,Not Applicable,99,Unknown,99,Unknown,99,Unknown EMS Scene Arrival Hour,99,Unknown EMS Scene Arrival Minutes,99,Unknown,99,Unknown EMS Hospital Arrival Time,,,,,,,1,0
2020,26,260475,Michigan,1,1,0,1,1,3,3,163,WAYNE (163),1260,DETROIT,4,4,7,July,2020,7,Saturday,14,2:00pm-2:59pm,25,25,1,This section IS ON the NHS,2,Urban,3,Principal Arterial - Other,4,City or Municipal Highway Agency,6,Local Street - Municipality,LIVERNOIS AVE,,58,58,42.38170556,42.38170556,-83.139244440,-83.139244440,0,No Special Jurisdiction,8,Pedestrian,0,The First Harmful Event was Not a Collision with a Motor Vehicle in Transport,0,No,1,Non-Junction,1,Not an Intersection,0,None,,,1,On Roadway,1,Daylight,,,,,1,Clear,0,No,0000000,Not Applicable,99,Unknown,99,Unknown,99,Unknown EMS Scene Arrival Hour,99,Unknown EMS Scene Arrival Minutes,99,Unknown,99,Unknown EMS Hospital Arrival Time,,,,,,,1,0
2020,26,260476,Michigan,4,4,0,0,0,6,6,73,ISABELLA (73),0,NOT APPLICABLE,16,16,7,July,2020,5,Thursday,16,4:00pm-4:59pm,56,56,0,This section IS NOT on the NHS,2,Urban,7,Local,2,County Highway Agency,4,County Road,CR-SUMMERTON RD,BROADWAY RD,95,95,43.60430000,43.60430000,-84.727630560,-84.727630560,0,No Special Jurisdiction,12,Motor Vehicle In-Transport,6,Angle,0,No,2,Intersection,2,Four-Way Intersection,0,None,,,1,On Roadway,1,Daylight,,,,,1,Clear,0,No,0000000,Not Applicable,99,Unknown,99,Unknown,99,Unknown EMS Scene Arrival Hour,99,Unknown EMS Scene Arrival Minutes,99,Unknown,99,Unknown EMS Hospital Arrival Time,,,,,,,1,0
2020,26,260477,Michigan,2,2,0,0,0,2,2,81,KENT (81),0,NOT APPLICABLE,15,15,7,July,2020,4,Wednesday,9,9:00am-9:59am,23,23,1,This section IS ON the NHS,1,Rural,1,Interstate,1,State Highway Agency,1,Interstate,I-96,,268,268,42.87880000,42.87880000,-85.378611110,-85.378611110,0,No Special Jurisdiction,12,Motor Vehicle In-Transport,1,Front-to-Rear,0,No,1,Non-Junction,1,Not an Intersection,0,None,,,1,On Roadway,1,Daylight,,,,,1,Clear,0,No,0000000,Not Applicable,9,9:00am-9:59am,21,21,9,9:00am-9:59am,32,32,88,"Not Applicable (Not Transported) ",88,Not Applicable (Not Transported),,,,,,,1,0
2020,26,260478,Michigan,1,1,0,0,0,1,1,121,MUSKEGON (121),0,NOT APPLICABLE,22,22,7,July,2020,4,Wednesday,4,4:00am-4:59am,48,48,0,This section IS NOT on the NHS,1,Rural,7,Local,2,County Highway Agency,4,County Road,CR-CROCKER RD,,0,None,43.38058333,43.38058333,-86.039994440,-86.039994440,0,No Special Jurisdiction,42,Tree (Standing Only),0,The First Harmful Event was Not a Collision with a Motor Vehicle in Transport,0,No,1,Non-Junction,1,Not an Intersection,0,None,,,4,On Roadside,2,Dark - Not Lighted,,,,,1,Clear,0,No,0000000,Not Applicable,99,Unknown,99,Unknown,99,Unknown EMS Scene Arrival Hour,99,Unknown EMS Scene Arrival Minutes,88,"Not Applicable (Not Transported) ",88,Not Applicable (Not Transported),,,,,,,1,1
2020,26,260479,Michigan,2,2,0,0,0,4,4,13,BARAGA (13),280,BARAGA,31,31,7,July,2020,6,Friday,16,4:00pm-4:59pm,10,10,1,This section IS ON the NHS,1,Rural,3,Principal Arterial - Other,1,State Highway Agency,2,U.S. Highway,US-41,,360,360,46.79663056,46.79663056,-88.473941670,-88.473941670,0,No Special Jurisdiction,12,Motor Vehicle In-Transport,6,Angle,0,No,8,Driveway Access Related,1,Not an Intersection,0,None,,,1,On Roadway,1,Daylight,,,,,1,Clear,0,No,0000000,Not Applicable,16,4:00pm-4:59pm,9,9,16,4:00pm-4:59pm,13,13,99,Unknown,99,Unknown EMS Hospital Arrival Time,,,,,,,1,1
2020,26,260480,Michigan,1,1,0,0,0,1,1,129,OGEMAW (129),0,NOT APPLICABLE,10,10,7,July,2020,6,Friday,23,11:00pm-11:59pm,25,25,0,This section IS NOT on the NHS,1,Rural,5,Major Collector,2,County Highway Agency,4,County Road,CR-GREENWOOD RD,,9,9,44.19085556,44.19085556,-83.987191670,-83.987191670,0,No Special Jurisdiction,42,Tree (Standing Only),0,The First Harmful Event was Not a Collision with a Motor Vehicle in Transport,0,No,1,Non-Junction,1,Not an Intersection,0,None,,,4,On Roadside,2,Dark - Not Lighted,,,,,1,Clear,0,No,0000000,Not Applicable,23,11:00pm-11:59pm,26,26,99,Unknown EMS Scene Arrival Hour,99,Unknown EMS Scene Arrival Minutes,88,"Not Applicable (Not Transported) ",88,Not Applicable (Not Transported),,,,,,,1,1
2020,26,260481,Michigan,1,1,0,1,1,1,1,87,LAPEER (87),2420,IMLAY CITY,17,17,7,July,2020,6,Friday,4,4:00am-4:59am,5,5,1,This section IS ON the NHS,1,Rural,3,Principal Arterial - Other,1,State Highway Agency,3,State Highway,SR-53 S CEDAR ST,E BORLAND RD,90,90,43.01435556,43.01435556,-83.071813890,-83.071813890,0,No Special Jurisdiction,8,Pedestrian,0,The First Harmful Event was Not a Collision with a Motor Vehicle in Transport,0,No,3,Intersection-Related,2,Four-Way Intersection,0,None,,,1,On Roadway,2,Dark - Not Lighted,,,,,1,Clear,0,No,0000000,Not Applicable,99,Unknown,99,Unknown,99,Unknown EMS Scene Arrival Hour,99,Unknown EMS Scene Arrival Minutes,88,"Not Applicable (Not Transported) ",88,Not Applicable (Not Transported),,,,,,,1,0
2020,26,260482,Michigan,2,2,0,0,0,3,3,163,WAYNE (163),1260,DETROIT,18,18,7,July,2020,7,Saturday,0,0:00am-0:59am,57,57,1,This section IS ON the NHS,2,Urban,3,Principal Arterial - Other,4,City or Municipal Highway Agency,6,Local Street - Municipality,GREENFIELD RD,CURTIS RD,108,108,42.42321944,42.42321944,-83.199580560,-83.199580560,0,No Special Jurisdiction,12,Motor Vehicle In-Transport,6,Angle,0,No,3,Intersection-Related,2,Four-Way Intersection,0,None,,,1,On Roadway,3,Dark - Lighted,,,,,1,Clear,0,No,0000000,Not Applicable,99,Unknown,99,Unknown,99,Unknown EMS Scene Arrival Hour,99,Unknown EMS Scene Arrival Minutes,99,Unknown,99,Unknown EMS Hospital Arrival Time,,,,,,,2,1
2020,26,260483,Michigan,2,2,0,0,0,3,3,47,EMMET (47),0,NOT APPLICABLE,6,6,8,August,2020,5,Thursday,19,7:00pm-7:59pm,6,6,1,This section IS ON the NHS,1,Rural,3,Principal Arterial - Other,1,State Highway Agency,2,U.S. Highway,US-31,N INDUSTRIAL DR,193,193,45.56534167,45.56534167,-84.783966670,-84.783966670,0,No Special Jurisdiction,12,Motor Vehicle In-Transport,6,Angle,0,No,2,Intersection,3,T-Intersection,0,None,,,1,On Roadway,1,Daylight,,,,,1,Clear,0,No,0000000,Not Applicable,19,7:00pm-7:59pm,6,6,19,7:00pm-7:59pm,21,21,99,Unknown,99,Unknown EMS Hospital Arrival Time,,,,,,,1,0
2020,26,260484,Michigan,1,1,0,1,1,1,1,163,WAYNE (163),1260,DETROIT,7,7,8,August,2020,6,Friday,19,7:00pm-7:59pm,39,39,1,This section IS ON the NHS,2,Urban,3,Principal Arterial - Other,4,City or Municipal Highway Agency,6,Local Street - Municipality,GREENFIELD,JOY,63,63,42.35813056,42.35813056,-83.196966670,-83.196966670,0,No Special Jurisdiction,8,Pedestrian,0,The First Harmful Event was Not a Collision with a Motor Vehicle in Transport,0,No,3,Intersection-Related,2,Four-Way Intersection,0,None,,,1,On Roadway,5,Dusk,,,,,1,Clear,0,No,0000000,Not Applicable,99,Unknown,99,Unknown,99,Unknown EMS Scene Arrival Hour,99,Unknown EMS Scene Arrival Minutes,88,"Not Applicable (Not Transported) ",88,Not Applicable (Not Transported),,,,,,,1,0
2020,26,260485,Michigan,2,2,0,0,0,3,3,163,WAYNE (163),1260,DETROIT,10,10,8,August,2020,2,Monday,4,4:00am-4:59am,50,50,1,This section IS ON the NHS,2,Urban,3,Principal Arterial - Other,1,State Highway Agency,3,State Highway,SR-96 GRAND RIVER AVE,ILENE ST,61,61,42.37756944,42.37756944,-83.160841670,-83.160841670,0,No Special Jurisdiction,12,Motor Vehicle In-Transport,2,Front-to-Front,0,No,3,Intersection-Related,2,Four-Way Intersection,0,None,,,1,On Roadway,3,Dark - Lighted,,,,,1,Clear,0,No,0000000,Not Applicable,99,Unknown,99,Unknown,99,Unknown EMS Scene Arrival Hour,99,Unknown EMS Scene Arrival Minutes,99,Unknown,99,Unknown EMS Hospital Arrival Time,,,,,,,1,2
2020,26,260486,Michigan,1,1,0,0,0,1,1,73,ISABELLA (73),0,NOT APPLICABLE,5,5,8,August,2020,4,Wednesday,17,5:00pm-5:59pm,45,45,0,This section IS NOT on the NHS,1,Rural,5,Major Collector,2,County Highway Agency,4,County Road,CR-WISE RD,,0,None,43.46650556,43.46650556,-84.647080560,-84.647080560,0,No Special Jurisdiction,35,Embankment,0,The First Harmful Event was Not a Collision with a Motor Vehicle in Transport,0,No,1,Non-Junction,1,Not an Intersection,0,None,,,4,On Roadside,1,Daylight,,,,,1,Clear,0,No,0000000,Not Applicable,18,6:00pm-6:59pm,30,30,99,Unknown EMS Scene Arrival Hour,99,Unknown EMS Scene Arrival Minutes,99,Unknown,99,Unknown EMS Hospital Arrival Time,,,,,,,1,1
2020,26,260487,Michigan,2,2,0,0,0,3,3,35,CLARE (35),0,NOT APPLICABLE,14,14,8,August,2020,6,Friday,18,6:00pm-6:59pm,5,5,0,This section IS NOT on the NHS,1,Rural,5,Major Collector,2,County Highway Agency,4,County Road,CR-S LAKE STATION AVE,,30,30,43.89940833,43.89940833,-85.008513890,-85.008513890,0,No Special Jurisdiction,12,Motor Vehicle In-Transport,2,Front-to-Front,0,No,1,Non-Junction,1,Not an Intersection,0,None,,,1,On Roadway,1,Daylight,,,,,1,Clear,0,No,0000000,Not Applicable,18,6:00pm-6:59pm,7,7,18,6:00pm-6:59pm,25,25,88,"Not Applicable (Not Transported) ",88,Not Applicable (Not Transported),,,,,,,2,0
2020,26,260488,Michigan,1,1,0,0,0,1,1,89,LEELANAU (89),0,NOT APPLICABLE,16,16,8,August,2020,1,Sunday,13,1:00pm-1:59pm,2,2,0,This section IS NOT on the NHS,1,Rural,5,Major Collector,2,County Highway Agency,4,County Road,CR-N LIGHTHOUSE POINT RD,,57,57,45.19050278,45.19050278,-85.544900000,-85.544900000,0,No Special Jurisdiction,1,Rollover/Overturn,0,The First Harmful Event was Not a Collision with a Motor Vehicle in Transport,0,No,1,Non-Junction,1,Not an Intersection,0,None,,,4,On Roadside,1,Daylight,,,,,1,Clear,0,No,0000000,Not Applicable,13,1:00pm-1:59pm,2,2,13,1:00pm-1:59pm,10,10,88,"Not Applicable (Not Transported) ",88,Not Applicable (Not Transported),,,,,,,1,0
2020,26,260489,Michigan,1,1,0,0,0,1,1,59,HILLSDALE (59),0,NOT APPLICABLE,10,10,8,August,2020,2,Monday,12,12:00pm-12:59pm,7,7,0,This section IS NOT on the NHS,2,Urban,7,Local,2,County Highway Agency,4,County Road,CR-STEAMBURG RD,,51,51,41.89902500,41.89902500,-84.617236110,-84.617236110,0,No Special Jurisdiction,1,Rollover/Overturn,0,The First Harmful Event was Not a Collision with a Motor Vehicle in Transport,0,No,1,Non-Junction,1,Not an Intersection,0,None,,,4,On Roadside,1,Daylight,,,,,1,Clear,0,No,0000000,Not Applicable,88,Not Applicable (Not Notified),88,Not Applicable (Not Notified),88,Not Applicable,88,Not Applicable,88,"Not Applicable (Not Transported) ",88,Not Applicable (Not Transported),,,,,,,1,0
2020,26,260490,Michigan,5,5,0,0,0,6,6,163,WAYNE (163),90,ALLEN PARK,18,18,8,August,2020,3,Tuesday,15,3:00pm-3:59pm,14,14,1,This section IS ON the NHS,2,Urban,3,Principal Arterial - Other,1,State Highway Agency,3,State Highway,SR-39 W SOUTHFIELD RD,W ALLEN RD,16,16,42.25900000,42.25900000,-83.205438890,-83.205438890,0,No Special Jurisdiction,12,Motor Vehicle In-Transport,1,Front-to-Rear,0,No,2,Intersection,2,Four-Way Intersection,0,None,,,1,On Roadway,1,Daylight,,,,,1,Clear,0,No,0000000,Not Applicable,15,3:00pm-3:59pm,14,14,15,3:00pm-3:59pm,18,18,99,Unknown,99,Unknown EMS Hospital Arrival Time,,,,,,,1,0
2020,26,260491,Michigan,1,1,0,0,0,2,2,133,OSCEOLA (133),0,NOT APPLICABLE,1,1,8,August,2020,7,Saturday,21,9:00pm-9:59pm,50,50,0,This section IS NOT on the NHS,1,Rural,5,Major Collector,2,County Highway Agency,4,County Road,CR-20 MILE RD,,23,23,44.10308056,44.10308056,-85.516025000,-85.516025000,0,No Special Jurisdiction,42,Tree (Standing Only),0,The First Harmful Event was Not a Collision with a Motor Vehicle in Transport,0,No,1,Non-Junction,1,Not an Intersection,0,None,,,4,On Roadside,2,Dark - Not Lighted,,,,,1,Clear,0,No,0000000,Not Applicable,21,9:00pm-9:59pm,52,52,22,10:00pm-10:59pm,7,7,99,Unknown,99,Unknown EMS Hospital Arrival Time,,,,,,,1,1
2020,26,260492,Michigan,2,2,0,0,0,2,2,21,BERRIEN (21),0,NOT APPLICABLE,3,3,8,August,2020,2,Monday,21,9:00pm-9:59pm,33,33,0,This section IS NOT on the NHS,2,Urban,4,Minor Arterial,2,County Highway Agency,4,County Road,CR-GLENLORD RD,MICHELLE DR,30,30,42.04353333,42.04353333,-86.467377780,-86.467377780,0,No Special Jurisdiction,12,Motor Vehicle In-Transport,6,Angle,0,No,2,Intersection,3,T-Intersection,0,None,,,1,On Roadway,2,Dark - Not Lighted,,,,,10,Cloudy,0,No,0000000,Not Applicable,21,9:00pm-9:59pm,35,35,21,9:00pm-9:59pm,41,41,88,"Not Applicable (Not Transported) ",88,Not Applicable (Not Transported),,,,,,,1,1
2020,26,260493,Michigan,3,3,0,0,0,3,3,21,BERRIEN (21),0,NOT APPLICABLE,5,5,8,August,2020,4,Wednesday,19,7:00pm-7:59pm,21,21,1,This section IS ON the NHS,1,Rural,1,Interstate,1,State Highway Agency,1,Interstate,I-94,,133,133,41.90210556,41.90210556,-86.587644440,-86.587644440,0,No Special Jurisdiction,12,Motor Vehicle In-Transport,2,Front-to-Front,0,No,1,Non-Junction,1,Not an Intersection,0,None,,,1,On Roadway,1,Daylight,,,,,1,Clear,0,No,0000000,Not Applicable,19,7:00pm-7:59pm,22,22,19,7:00pm-7:59pm,27,27,99,Unknown,99,Unknown EMS Hospital Arrival Time,,,,,,,1,0
2020,26,260494,Michigan,1,1,0,0,0,1,1,5,ALLEGAN (5),0,NOT APPLICABLE,14,14,8,August,2020,6,Friday,14,2:00pm-2:59pm,33,33,0,This section IS NOT on the NHS,1,Rural,7,Local,2,County Highway Agency,4,County Road,CR-24TH ST,,2,2,42.49185278,42.49185278,-85.779061110,-85.779061110,0,No Special Jurisdiction,5,Fell/Jumped from Vehicle,0,The First Harmful Event was Not a Collision with a Motor Vehicle in Transport,0,No,1,Non-Junction,1,Not an Intersection,0,None,,,5,Outside Trafficway,1,Daylight,,,,,1,Clear,0,No,0000000,Not Applicable,99,Unknown,99,Unknown,99,Unknown EMS Scene Arrival Hour,99,Unknown EMS Scene Arrival Minutes,88,"Not Applicable (Not Transported) ",88,Not Applicable (Not Transported),,,,,,,1,0
2020,26,260495,Michigan,1,1,0,0,0,1,1,115,MONROE (115),3320,MONROE,4,4,8,August,2020,3,Tuesday,20,8:00pm-8:59pm,9,9,0,This section IS NOT on the NHS,2,Urban,5,Major Collector,4,City or Municipal Highway Agency,6,Local Street - Municipality,FRONT ST,,227,227,41.89200833,41.89200833,-83.351125000,-83.351125000,0,No Special Jurisdiction,31,"Post, Pole or Other Supports",0,The First Harmful Event was Not a Collision with a Motor Vehicle in Transport,0,No,1,Non-Junction,1,Not an Intersection,0,None,,,4,On Roadside,3,Dark - Lighted,,,,,1,Clear,0,No,0000000,Not Applicable,20,8:00pm-8:59pm,15,15,20,8:00pm-8:59pm,22,22,88,"Not Applicable (Not Transported) ",88,Not Applicable (Not Transported),,,,,,,1,1
2020,26,260496,Michigan,1,1,0,1,1,1,1,163,WAYNE (163),1260,DETROIT,4,4,8,August,2020,3,Tuesday,23,11:00pm-11:59pm,34,34,0,This section IS NOT on the NHS,2,Urban,6,Minor Collector,4,City or Municipal Highway Agency,6,Local Street - Municipality,NEVADA ST,,20,20,42.42581667,42.42581667,-83.069716670,-83.069716670,0,No Special Jurisdiction,8,Pedestrian,0,The First Harmful Event was Not a Collision with a Motor Vehicle in Transport,0,No,1,Non-Junction,1,Not an Intersection,0,None,,,1,On Roadway,3,Dark - Lighted,,,,,1,Clear,0,No,0000000,Not Applicable,99,Unknown,99,Unknown,99,Unknown EMS Scene Arrival Hour,99,Unknown EMS Scene Arrival Minutes,88,"Not Applicable (Not Transported) ",88,Not Applicable (Not Transported),,,,,,,1,0
2020,26,260497,Michigan,1,1,0,1,1,1,1,25,CALHOUN (25),0,NOT APPLICABLE,9,9,8,August,2020,1,Sunday,0,0:00am-0:59am,5,5,1,This section IS ON the NHS,2,Urban,3,Principal Arterial - Other,1,State Highway Agency,3,State Highway,SR-96 COLUMBIA AVE,,55,55,42.29963333,42.29963333,-85.172591670,-85.172591670,0,No Special Jurisdiction,8,Pedestrian,0,The First Harmful Event was Not a Collision with a Motor Vehicle in Transport,0,No,1,Non-Junction,1,Not an Intersection,0,None,,,1,On Roadway,2,Dark - Not Lighted,,,,,1,Clear,0,No,0000000,Not Applicable,99,Unknown,99,Unknown,99,Unknown EMS Scene Arrival Hour,99,Unknown EMS Scene Arrival Minutes,88,"Not Applicable (Not Transported) ",88,Not Applicable (Not Transported),,,,,,,1,0
2020,26,260498,Michigan,2,2,0,0,0,5,5,75,JACKSON (75),0,NOT APPLICABLE,14,14,8,August,2020,6,Friday,12,12:00pm-12:59pm,13,13,1,This section IS ON the NHS,2,Urban,1,Interstate,1,State Highway Agency,1,Interstate,I-94,,135,135,42.26893056,42.26893056,-84.455458330,-84.455458330,0,No Special Jurisdiction,12,Motor Vehicle In-Transport,1,Front-to-Rear,1,Yes,18,Through Roadway,1,Not an Intersection,1,Construction,,,1,On Roadway,1,Daylight,,,,,10,Cloudy,0,No,0000000,Not Applicable,12,12:00pm-12:59pm,13,13,12,12:00pm-12:59pm,15,15,99,Unknown,99,Unknown EMS Hospital Arrival Time,,,,,,,1,0
2020,26,260499,Michigan,2,2,0,0,0,4,4,75,JACKSON (75),0,NOT APPLICABLE,14,14,8,August,2020,6,Friday,19,7:00pm-7:59pm,16,16,0,This section IS NOT on the NHS,1,Rural,5,Major Collector,2,County Highway Agency,4,County Road,CR-CONCORD RD,KING RD,22,22,42.21813889,42.21813889,-84.637280560,-84.637280560,0,No Special Jurisdiction,12,Motor Vehicle In-Transport,6,Angle,0,No,2,Intersection,2,Four-Way Intersection,0,None,,,1,On Roadway,1,Daylight,,,,,10,Cloudy,0,No,0000000,Not Applicable,19,7:00pm-7:59pm,16,16,19,7:00pm-7:59pm,21,21,88,"Not Applicable (Not Transported) ",88,Not Applicable (Not Transported),,,,,,,2,0
2020,26,260500,Michigan,1,1,0,0,0,1,1,111,MIDLAND (111),0,NOT APPLICABLE,16,16,8,August,2020,1,Sunday,10,10:00am-10:59am,35,35,0,This section IS NOT on the NHS,1,Rural,7,Local,2,County Highway Agency,4,County Road,CR-GORDONVILLE RD,,32,32,43.56787500,43.56787500,-84.462702780,-84.462702780,0,No Special Jurisdiction,34,Ditch,0,The First Harmful Event was Not a Collision with a Motor Vehicle in Transport,0,No,1,Non-Junction,1,Not an Intersection,0,None,,,4,On Roadside,1,Daylight,,,,,1,Clear,0,No,0000000,Not Applicable,10,10:00am-10:59am,41,41,10,10:00am-10:59am,55,55,88,"Not Applicable (Not Transported) ",88,Not Applicable (Not Transported),,,,,,,1,0
2020,26,260501,Michigan,1,1,0,1,1,1,1,77,KALAMAZOO (77),2520,KALAMAZOO,13,13,8,August,2020,5,Thursday,22,10:00pm-10:59pm,0,0,1,This section IS ON the NHS,2,Urban,3,Principal Arterial - Other,1,State Highway Agency,3,State Highway,SR-MAIN ST,,65,65,42.29626111,42.29626111,-85.638188890,-85.638188890,0,No Special Jurisdiction,15,Non-Motorist on Personal Conveyance,0,The First Harmful Event was Not a Collision with a Motor Vehicle in Transport,0,No,1,Non-Junction,1,Not an Intersection,0,None,,,1,On Roadway,2,Dark - Not Lighted,,,,,1,Clear,0,No,0000000,Not Applicable,99,Unknown,99,Unknown,99,Unknown EMS Scene Arrival Hour,99,Unknown EMS Scene Arrival Minutes,99,Unknown,99,Unknown EMS Hospital Arrival Time,,,,,,,1,1
2020,26,260502,Michigan,1,1,0,0,0,1,1,163,WAYNE (163),1260,DETROIT,11,11,8,August,2020,3,Tuesday,13,1:00pm-1:59pm,42,42,1,This section IS ON the NHS,2,Urban,3,Principal Arterial - Other,4,City or Municipal Highway Agency,6,Local Street - Municipality,EVERGREEN RD,,44,44,42.37161389,42.37161389,-83.236208330,-83.236208330,0,No Special Jurisdiction,31,"Post, Pole or Other Supports",0,The First Harmful Event was Not a Collision with a Motor Vehicle in Transport,0,No,1,Non-Junction,1,Not an Intersection,0,None,,,4,On Roadside,1,Daylight,,,,,1,Clear,0,No,0000000,Not Applicable,99,Unknown,99,Unknown,99,Unknown EMS Scene Arrival Hour,99,Unknown EMS Scene Arrival Minutes,99,Unknown,99,Unknown EMS Hospital Arrival Time,,,,,,,1,0