caseyear,state,st_case,statename,ve_total,ve_forms,pvh_invl,peds,pernotmvit,permvit,persons,county,countyname,city,cityname,day,dayname,month,monthname,year,day_week,day_weekname,hour,hourname,minute,minutename,nhs,nhsname,rur_urb,rur_urbname,func_sys,func_sysname,rd_owner,rd_ownername,route,routename,tway_id,tway_id2,milept,mileptname,latitude,latitudename,longitud,longitudname,sp_jur,sp_jurname,harm_ev,harm_evname,man_coll,man_collname,reljct1,reljct1name,reljct2,reljct2name,typ_int,typ_intname,wrk_zone,wrk_zonename,road_fnc,road_fncname,rel_road,rel_roadname,lgt_cond,lgt_condname,weather1,weather1name,weather2,weather2name,weather,weathername,sch_bus,sch_busname,rail,railname,not_hour,not_hourname,not_min,not_minname,arr_hour,arr_hourname,arr_min,arr_minname,hosp_hr,hosp_hrname,hosp_mn,hosp_mnname,cf1,cf1name,cf2,cf2name,cf3,cf3name,fatals,drunk_dr
2020,26,260576,Michigan,1,1,0,0,0,1,1,63,HURON (63),0,NOT APPLICABLE,19,19,8,August,2020,4,Wednesday,20,8:00pm-8:59pm,18,18,0,This section IS NOT on the NHS,1,Rural,7,Local,2,County Highway Agency,4,County Road,CR-GETTEL RD,,26,26,43.70663889,43.70663889,-83.395194440,-83.395194440,0,No Special Jurisdiction,31,"Post, Pole or Other Supports",0,The First Harmful Event was Not a Collision with a Motor Vehicle in Transport,0,No,8,Driveway Access Related,1,Not an Intersection,0,None,,,4,On Roadside,1,Daylight,,,,,1,Clear,0,No,0000000,Not Applicable,99,Unknown,99,Unknown,99,Unknown EMS Scene Arrival Hour,99,Unknown EMS Scene Arrival Minutes,99,Unknown,99,Unknown EMS Hospital Arrival Time,,,,,,,1,0
2020,26,260577,Michigan,1,1,0,0,0,1,1,49,GENESEE (49),686,BURTON,29,29,8,August,2020,7,Saturday,3,3:00am-3:59am,45,45,1,This section IS ON the NHS,2,Urban,3,Principal Arterial - Other,4,City or Municipal Highway Agency,6,Local Street - Municipality,S CENTER RD,,50,50,43.00158333,43.00158333,-83.634366670,-83.634366670,0,No Special Jurisdiction,42,Tree (Standing Only),0,The First Harmful Event was Not a Collision with a Motor Vehicle in Transport,0,No,1,Non-Junction,1,Not an Intersection,0,None,,,4,On Roadside,3,Dark - Lighted,,,,,1,Clear,0,No,0000000,Not Applicable,3,3:00am-3:59am,45,45,3,3:00am-3:59am,50,50,88,"Not Applicable (Not Transported) ",88,Not Applicable (Not Transported),,,,,,,1,0
2020,26,260578,Michigan,2,2,0,0,0,4,4,3,ALGER (3),0,NOT APPLICABLE,12,12,8,August,2020,4,Wednesday,18,6:00pm-6:59pm,28,28,1,This section IS ON the NHS,1,Rural,3,Principal Arterial - Other,1,State Highway Agency,3,State Highway,SR-28,STAR SIDING RD,145,145,46.34680833,46.34680833,-86.386075000,-86.386075000,0,No Special Jurisdiction,12,Motor Vehicle In-Transport,6,Angle,0,No,3,Intersection-Related,3,T-Intersection,0,None,,,1,On Roadway,1,Daylight,,,,,1,Clear,0,No,0000000,Not Applicable,99,Unknown,99,Unknown,99,Unknown EMS Scene Arrival Hour,99,Unknown EMS Scene Arrival Minutes,99,Unknown,99,Unknown EMS Hospital Arrival Time,,,,,,,1,0
2020,26,260579,Michigan,2,2,0,0,0,6,6,81,KENT (81),0,NOT APPLICABLE,16,16,8,August,2020,1,Sunday,22,10:00pm-10:59pm,0,0,0,This section IS NOT on the NHS,1,Rural,4,Minor Arterial,1,State Highway Agency,3,State Highway,SR-46 17 MILE RD,,82,82,43.21945833,43.21945833,-85.626522220,-85.626522220,0,No Special Jurisdiction,12,Motor Vehicle In-Transport,2,Front-to-Front,0,No,1,Non-Junction,1,Not an Intersection,0,None,,,1,On Roadway,2,Dark - Not Lighted,,,,,1,Clear,0,No,0000000,Not Applicable,22,10:00pm-10:59pm,0,0,22,10:00pm-10:59pm,5,5,99,Unknown,99,Unknown EMS Hospital Arrival Time,,,,,,,1,1
2020,26,260580,Michigan,2,2,0,0,0,3,3,139,OTTAWA (139),0,NOT APPLICABLE,31,31,8,August,2020,2,Monday,13,1:00pm-1:59pm,25,25,0,This section IS NOT on the NHS,2,Urban,4,Minor Arterial,2,County Highway Agency,4,County Road,CR-120TH AVE,RILEY ST,40,40,42.82663056,42.82663056,-86.078161110,-86.078161110,0,No Special Jurisdiction,12,Motor Vehicle In-Transport,6,Angle,0,No,2,Intersection,2,Four-Way Intersection,0,None,,,1,On Roadway,1,Daylight,,,,,10,Cloudy,0,No,0000000,Not Applicable,13,1:00pm-1:59pm,26,26,13,1:00pm-1:59pm,35,35,99,Unknown,99,Unknown EMS Hospital Arrival Time,,,,,,,1,0
2020,26,260581,Michigan,2,2,0,0,0,3,3,163,WAYNE (163),1260,DETROIT,23,23,8,August,2020,1,Sunday,19,7:00pm-7:59pm,13,13,0,This section IS NOT on the NHS,2,Urban,4,Minor Arterial,4,City or Municipal Highway Agency,6,Local Street - Municipality,SCHOOLCRAFT ST,OUTER DR,100,100,42.38596944,42.38596944,-83.256438890,-83.256438890,0,No Special Jurisdiction,12,Motor Vehicle In-Transport,6,Angle,0,No,2,Intersection,2,Four-Way Intersection,0,None,,,1,On Roadway,1,Daylight,,,,,1,Clear,0,No,0000000,Not Applicable,99,Unknown,99,Unknown,99,Unknown EMS Scene Arrival Hour,99,Unknown EMS Scene Arrival Minutes,99,Unknown,99,Unknown EMS Hospital Arrival Time,,,,,,,1,0
2020,26,260582,Michigan,2,1,1,0,1,2,3,121,MUSKEGON (121),2307,HOLTON,25,25,8,August,2020,3,Tuesday,8,8:00am-8:59am,59,59,0,This section IS NOT on the NHS,1,Rural,5,Major Collector,2,County Highway Agency,4,County Road,CR-MARVIN RD,,5,5,43.40996944,43.40996944,-86.074111110,-86.074111110,0,No Special Jurisdiction,45,"Working Motor Vehicle ",0,The First Harmful Event was Not a Collision with a Motor Vehicle in Transport,0,No,1,Non-Junction,1,Not an Intersection,2,Maintenance,,,1,On Roadway,1,Daylight,,,,,1,Clear,0,No,0000000,Not Applicable,8,8:00am-8:59am,59,59,9,9:00am-9:59am,10,10,99,Unknown,99,Unknown EMS Hospital Arrival Time,,,,,,,1,0
2020,26,260583,Michigan,7,7,0,0,0,13,13,121,MUSKEGON (121),0,NOT APPLICABLE,29,29,8,August,2020,7,Saturday,12,12:00pm-12:59pm,38,38,1,This section IS ON the NHS,2,Urban,2,Principal Arterial - Other Freeways and Expressways,1,State Highway Agency,2,U.S. Highway,US-31,,76,76,43.22819444,43.22819444,-86.204697220,-86.204697220,0,No Special Jurisdiction,12,Motor Vehicle In-Transport,1,Front-to-Rear,0,No,1,Non-Junction,1,Not an Intersection,0,None,,,1,On Roadway,1,Daylight,,,,,1,Clear,0,No,0000000,Not Applicable,12,12:00pm-12:59pm,38,38,12,12:00pm-12:59pm,38,38,99,Unknown,99,Unknown EMS Hospital Arrival Time,,,,,,,1,0
2020,26,260584,Michigan,2,2,0,1,1,3,3,129,OGEMAW (129),0,NOT APPLICABLE,28,28,8,August,2020,6,Friday,8,8:00am-8:59am,50,50,1,This section IS ON the NHS,1,Rural,3,Principal Arterial - Other,1,State Highway Agency,3,State Highway,SR-33,,102,102,44.31010556,44.31010556,-84.125738890,-84.125738890,0,No Special Jurisdiction,12,Motor Vehicle In-Transport,6,Angle,0,No,8,Driveway Access Related,1,Not an Intersection,0,None,,,1,On Roadway,1,Daylight,,,,,10,Cloudy,0,No,0000000,Not Applicable,8,8:00am-8:59am,49,49,8,8:00am-8:59am,54,54,99,Unknown,99,Unknown EMS Hospital Arrival Time,,,,,,,1,0
2020,26,260585,Michigan,2,2,0,0,0,2,2,39,CRAWFORD (39),0,NOT APPLICABLE,1,1,8,August,2020,7,Saturday,1,1:00am-1:59am,0,0,0,This section IS NOT on the NHS,1,Rural,5,Major Collector,2,County Highway Agency,4,County Road,CR-LOVELLS RD,,78,78,44.80558333,44.80558333,-84.469550000,-84.469550000,0,No Special Jurisdiction,12,Motor Vehicle In-Transport,1,Front-to-Rear,0,No,1,Non-Junction,1,Not an Intersection,0,None,,,1,On Roadway,2,Dark - Not Lighted,,,,,1,Clear,0,No,0000000,Not Applicable,99,Unknown,99,Unknown,99,Unknown EMS Scene Arrival Hour,99,Unknown EMS Scene Arrival Minutes,99,Unknown,99,Unknown EMS Hospital Arrival Time,,,,,,,1,2
2020,26,260586,Michigan,2,2,0,0,0,2,2,3,ALGER (3),0,NOT APPLICABLE,28,28,8,August,2020,6,Friday,13,1:00pm-1:59pm,10,10,0,This section IS NOT on the NHS,1,Rural,4,Minor Arterial,1,State Highway Agency,3,State Highway,SR-67,COLD SPRINGS RD,114,114,46.31848611,46.31848611,-86.928650000,-86.928650000,0,No Special Jurisdiction,12,Motor Vehicle In-Transport,6,Angle,0,No,2,Intersection,2,Four-Way Intersection,0,None,,,1,On Roadway,1,Daylight,,,,,2,Rain,0,No,0000000,Not Applicable,99,Unknown,99,Unknown,99,Unknown EMS Scene Arrival Hour,99,Unknown EMS Scene Arrival Minutes,99,Unknown,99,Unknown EMS Hospital Arrival Time,,,,,,,1,0
2020,26,260587,Michigan,2,2,0,0,0,2,2,17,BAY (17),0,NOT APPLICABLE,27,27,8,August,2020,5,Thursday,15,3:00pm-3:59pm,5,5,0,This section IS NOT on the NHS,2,Urban,4,Minor Arterial,2,County Highway Agency,4,County Road,CR-CASS AVE,N TUSCOLA RD,29,29,43.56557778,43.56557778,-83.844530560,-83.844530560,0,No Special Jurisdiction,12,Motor Vehicle In-Transport,6,Angle,0,No,2,Intersection,2,Four-Way Intersection,0,None,,,1,On Roadway,1,Daylight,,,,,1,Clear,0,No,0000000,Not Applicable,15,3:00pm-3:59pm,6,6,15,3:00pm-3:59pm,9,9,99,Unknown,99,Unknown EMS Hospital Arrival Time,,,,,,,1,0
2020,26,260588,Michigan,1,1,0,0,0,4,4,27,CASS (27),0,NOT APPLICABLE,31,31,8,August,2020,2,Monday,23,11:00pm-11:59pm,51,51,0,This section IS NOT on the NHS,1,Rural,5,Major Collector,2,County Highway Agency,4,County Road,CR-BROWNSVILLE ST,,44,44,41.88286667,41.88286667,-85.989677780,-85.989677780,0,No Special Jurisdiction,1,Rollover/Overturn,0,The First Harmful Event was Not a Collision with a Motor Vehicle in Transport,0,No,1,Non-Junction,1,Not an Intersection,0,None,,,4,On Roadside,2,Dark - Not Lighted,,,,,1,Clear,0,No,0000000,Not Applicable,99,Unknown,99,Unknown,99,Unknown EMS Scene Arrival Hour,99,Unknown EMS Scene Arrival Minutes,99,Unknown,99,Unknown EMS Hospital Arrival Time,,,,,,,1,1
2020,26,260589,Michigan,1,1,0,0,0,2,2,125,OAKLAND (125),0,NOT APPLICABLE,31,31,8,August,2020,2,Monday,18,6:00pm-6:59pm,8,8,1,This section IS ON the NHS,2,Urban,3,Principal Arterial - Other,2,County Highway Agency,4,County Road,CR-S WILLIAMS LAKE RD,,26,26,42.65230556,42.65230556,-83.443691670,-83.443691670,0,No Special Jurisdiction,16,Thrown or Falling Object,0,The First Harmful Event was Not a Collision with a Motor Vehicle in Transport,0,No,1,Non-Junction,1,Not an Intersection,0,None,,,1,On Roadway,1,Daylight,,,,,1,Clear,0,No,0000000,Not Applicable,99,Unknown,99,Unknown,99,Unknown EMS Scene Arrival Hour,99,Unknown EMS Scene Arrival Minutes,99,Unknown,99,Unknown EMS Hospital Arrival Time,,,,,,,1,0
2020,26,260590,Michigan,1,1,0,0,0,1,1,163,WAYNE (163),1260,DETROIT,2,2,9,September,2020,4,Wednesday,17,5:00pm-5:59pm,0,0,0,This section IS NOT on the NHS,2,Urban,4,Minor Arterial,4,City or Municipal Highway Agency,6,Local Street - Municipality,PURITAN ST,,28,28,42.40945000,42.40945000,-83.174002780,-83.174002780,0,No Special Jurisdiction,19,Building,0,The First Harmful Event was Not a Collision with a Motor Vehicle in Transport,0,No,1,Non-Junction,1,Not an Intersection,0,None,,,5,Outside Trafficway,1,Daylight,,,,,1,Clear,0,No,0000000,Not Applicable,99,Unknown,99,Unknown,99,Unknown EMS Scene Arrival Hour,99,Unknown EMS Scene Arrival Minutes,99,Unknown,99,Unknown EMS Hospital Arrival Time,,,,,,,1,0
2020,26,260591,Michigan,1,1,0,0,0,1,1,125,OAKLAND (125),2935,MADISON HEIGHTS,3,3,9,September,2020,5,Thursday,21,9:00pm-9:59pm,41,41,1,This section IS ON the NHS,2,Urban,1,Interstate,1,State Highway Agency,1,Interstate,I-696,,51,51,42.47705000,42.47705000,-83.101402780,-83.101402780,0,No Special Jurisdiction,25,Concrete Traffic Barrier,0,The First Harmful Event was Not a Collision with a Motor Vehicle in Transport,0,No,1,Non-Junction,1,Not an Intersection,4,"Work Zone, Type Unknown",,,3,On Median,2,Dark - Not Lighted,,,,,1,Clear,0,No,0000000,Not Applicable,99,Unknown,99,Unknown,99,Unknown EMS Scene Arrival Hour,99,Unknown EMS Scene Arrival Minutes,88,"Not Applicable (Not Transported) ",88,Not Applicable (Not Transported),,,,,,,1,0
2020,26,260592,Michigan,4,4,0,0,0,5,5,163,WAYNE (163),1260,DETROIT,5,5,9,September,2020,7,Saturday,2,2:00am-2:59am,20,20,1,This section IS ON the NHS,2,Urban,1,Interstate,1,State Highway Agency,1,Interstate,I-94,,280,280,42.36476944,42.36476944,-83.066794440,-83.066794440,0,No Special Jurisdiction,12,Motor Vehicle In-Transport,2,Front-to-Front,0,No,1,Non-Junction,1,Not an Intersection,0,None,,,1,On Roadway,3,Dark - Lighted,,,,,1,Clear,0,No,0000000,Not Applicable,99,Unknown,99,Unknown,99,Unknown EMS Scene Arrival Hour,99,Unknown EMS Scene Arrival Minutes,99,Unknown,99,Unknown EMS Hospital Arrival Time,,,,,,,1,1
2020,26,260593,Michigan,2,1,1,0,0,1,1,163,WAYNE (163),1210,DEARBORN,7,7,9,September,2020,2,Monday,0,0:00am-0:59am,21,21,0,This section IS NOT on the NHS,2,Urban,5,Major Collector,4,City or Municipal Highway Agency,6,Local Street - Municipality,GULLEY RD,,33,33,42.31273333,42.31273333,-83.286383330,-83.286383330,0,No Special Jurisdiction,33,Curb,0,The First Harmful Event was Not a Collision with a Motor Vehicle in Transport,0,No,1,Non-Junction,1,Not an Intersection,0,None,,,4,On Roadside,3,Dark - Lighted,,,,,10,Cloudy,0,No,0000000,Not Applicable,0,0:00am-0:59am,21,21,0,0:00am-0:59am,24,24,88,"Not Applicable (Not Transported) ",88,Not Applicable (Not Transported),,,,,,,1,0
2020,26,260594,Michigan,2,2,0,0,0,5,5,125,OAKLAND (125),0,NOT APPLICABLE,14,14,2,February,2020,6,Friday,20,8:00pm-8:59pm,44,44,1,This section IS ON the NHS,2,Urban,3,Principal Arterial - Other,1,State Highway Agency,3,State Highway,SR-102 8 MILE RD,WYOMING AVE,82,82,42.44596111,42.44596111,-83.161505560,-83.161505560,0,No Special Jurisdiction,12,Motor Vehicle In-Transport,6,Angle,0,No,2,Intersection,2,Four-Way Intersection,0,None,,,1,On Roadway,3,Dark - Lighted,,,,,1,Clear,0,No,0000000,Not Applicable,20,8:00pm-8:59pm,44,44,20,8:00pm-8:59pm,48,48,99,Unknown,99,Unknown EMS Hospital Arrival Time,,,,,,,1,0
2020,26,260595,Michigan,3,1,2,3,3,2,2,163,WAYNE (163),1260,DETROIT,8,8,8,August,2020,7,Saturday,4,4:00am-4:59am,46,46,1,This section IS ON the NHS,2,Urban,3,Principal Arterial - Other,1,State Highway Agency,3,State Highway,SR-96 GRAND RIVER AVE,,65,65,42.37472222,42.37472222,-83.153777780,-83.153777780,0,No Special Jurisdiction,14,Parked Motor Vehicle,0,The First Harmful Event was Not a Collision with a Motor Vehicle in Transport,0,No,1,Non-Junction,1,Not an Intersection,0,None,,,4,On Roadside,3,Dark - Lighted,,,,,1,Clear,0,No,0000000,Not Applicable,99,Unknown,99,Unknown,99,Unknown EMS Scene Arrival Hour,99,Unknown EMS Scene Arrival Minutes,99,Unknown,99,Unknown EMS Hospital Arrival Time,,,,,,,1,0
2020,26,260596,Michigan,2,2,0,0,0,2,2,99,MACOMB (99),4521,SHELBY,8,8,6,June,2020,2,Monday,22,10:00pm-10:59pm,51,51,1,This section IS ON the NHS,2,Urban,3,Principal Arterial - Other,2,County Highway Agency,4,County Road,CR-SCHOENHERR RD,GREENVILLE DR,40,40,42.64654167,42.64654167,-82.993738890,-82.993738890,0,No Special Jurisdiction,12,Motor Vehicle In-Transport,6,Angle,0,No,2,Intersection,3,T-Intersection,0,None,,,1,On Roadway,2,Dark - Not Lighted,,,,,1,Clear,0,No,0000000,Not Applicable,22,10:00pm-10:59pm,53,53,22,10:00pm-10:59pm,57,57,88,"Not Applicable (Not Transported) ",88,Not Applicable (Not Transported),,,,,,,1,0
2020,26,260597,Michigan,1,1,0,1,1,2,2,81,KENT (81),2010,GRAND RAPIDS,20,20,8,August,2020,5,Thursday,21,9:00pm-9:59pm,57,57,1,This section IS ON the NHS,2,Urban,3,Principal Arterial - Other,4,City or Municipal Highway Agency,6,Local Street - Municipality,FULLER AVE,,34,34,42.98798333,42.98798333,-85.639888890,-85.639888890,0,No Special Jurisdiction,8,Pedestrian,0,The First Harmful Event was Not a Collision with a Motor Vehicle in Transport,0,No,1,Non-Junction,1,Not an Intersection,0,None,,,1,On Roadway,2,Dark - Not Lighted,,,,,1,Clear,0,No,0000000,Not Applicable,21,9:00pm-9:59pm,59,59,22,10:00pm-10:59pm,2,2,88,"Not Applicable (Not Transported) ",88,Not Applicable (Not Transported),,,,,,,1,1
2020,26,260598,Michigan,1,1,0,1,1,1,1,69,IOSCO (69),1450,EAST TAWAS,31,31,8,August,2020,2,Monday,15,3:00pm-3:59pm,31,31,0,This section IS NOT on the NHS,1,Rural,5,Major Collector,4,City or Municipal Highway Agency,6,Local Street - Municipality,TAWAS BEACH RD,BAY RD,2,2,44.28195278,44.28195278,-83.474355560,-83.474355560,0,No Special Jurisdiction,9,Pedalcyclist,0,The First Harmful Event was Not a Collision with a Motor Vehicle in Transport,0,No,3,Intersection-Related,3,T-Intersection,0,None,,,1,On Roadway,1,Daylight,,,,,1,Clear,0,No,0000000,Not Applicable,15,3:00pm-3:59pm,41,41,15,3:00pm-3:59pm,48,48,99,Unknown,99,Unknown EMS Hospital Arrival Time,,,,,,,1,0
2020,26,260599,Michigan,2,1,1,2,2,1,1,163,WAYNE (163),1260,DETROIT,16,16,8,August,2020,1,Sunday,15,3:00pm-3:59pm,40,40,0,This section IS NOT on the NHS,2,Urban,7,Local,4,City or Municipal Highway Agency,6,Local Street - Municipality,CONNER ST,,3,3,42.36454167,42.36454167,-82.955413890,-82.955413890,0,No Special Jurisdiction,14,Parked Motor Vehicle,0,The First Harmful Event was Not a Collision with a Motor Vehicle in Transport,0,No,1,Non-Junction,1,Not an Intersection,0,None,,,7,In Parking Lane/Zone,1,Daylight,,,,,1,Clear,0,No,0000000,Not Applicable,99,Unknown,99,Unknown,99,Unknown EMS Scene Arrival Hour,99,Unknown EMS Scene Arrival Minutes,99,Unknown,99,Unknown EMS Hospital Arrival Time,,,,,,,1,0
2020,26,260600,Michigan,2,2,0,0,0,2,2,123,NEWAYGO (123),0,NOT APPLICABLE,18,18,8,August,2020,3,Tuesday,14,2:00pm-2:59pm,5,5,0,This section IS NOT on the NHS,1,Rural,4,Minor Arterial,1,State Highway Agency,3,State Highway,SR-37 N WOODBRIDGE AVE,,91,91,43.77353056,43.77353056,-85.850341670,-85.850341670,0,No Special Jurisdiction,12,Motor Vehicle In-Transport,6,Angle,0,No,8,Driveway Access Related,1,Not an Intersection,0,None,,,1,On Roadway,1,Daylight,,,,,1,Clear,0,No,0000000,Not Applicable,14,2:00pm-2:59pm,5,5,14,2:00pm-2:59pm,15,15,88,"Not Applicable (Not Transported) ",88,Not Applicable (Not Transported),,,,,,,1,0
2020,26,260601,Michigan,2,1,1,0,0,1,1,163,WAYNE (163),1260,DETROIT,20,20,8,August,2020,5,Thursday,1,1:00am-1:59am,50,50,0,This section IS NOT on the NHS,2,Urban,4,Minor Arterial,4,City or Municipal Highway Agency,6,Local Street - Municipality,MORANG DR,,18,18,42.43331944,42.43331944,-82.960563890,-82.960563890,0,No Special Jurisdiction,14,Parked Motor Vehicle,0,The First Harmful Event was Not a Collision with a Motor Vehicle in Transport,0,No,1,Non-Junction,1,Not an Intersection,0,None,,,4,On Roadside,3,Dark - Lighted,,,,,1,Clear,0,No,0000000,Not Applicable,99,Unknown,99,Unknown,99,Unknown EMS Scene Arrival Hour,99,Unknown EMS Scene Arrival Minutes,88,"Not Applicable (Not Transported) ",88,Not Applicable (Not Transported),,,,,,,1,0
2020,26,260602,Michigan,1,1,0,1,1,1,1,163,WAYNE (163),1260,DETROIT,23,23,8,August,2020,1,Sunday,22,10:00pm-10:59pm,25,25,0,This section IS NOT on the NHS,2,Urban,4,Minor Arterial,4,City or Municipal Highway Agency,6,Local Street - Municipality,FENKELL ST,,73,73,42.40220833,42.40220833,-83.170527780,-83.170527780,0,No Special Jurisdiction,8,Pedestrian,0,The First Harmful Event was Not a Collision with a Motor Vehicle in Transport,0,No,1,Non-Junction,1,Not an Intersection,0,None,,,1,On Roadway,2,Dark - Not Lighted,,,,,1,Clear,0,No,0000000,Not Applicable,99,Unknown,99,Unknown,99,Unknown EMS Scene Arrival Hour,99,Unknown EMS Scene Arrival Minutes,99,Unknown,99,Unknown EMS Hospital Arrival Time,,,,,,,1,0
2020,26,260603,Michigan,2,2,0,0,0,7,7,123,NEWAYGO (123),0,NOT APPLICABLE,20,20,8,August,2020,5,Thursday,19,7:00pm-7:59pm,43,43,0,This section IS NOT on the NHS,1,Rural,4,Minor Arterial,2,County Highway Agency,4,County Road,CR-MAPLE ISLAND RD,80TH AVE,80,80,43.40956944,43.40956944,-86.039219440,-86.039219440,0,No Special Jurisdiction,12,Motor Vehicle In-Transport,6,Angle,0,No,2,Intersection,2,Four-Way Intersection,0,None,,,1,On Roadway,1,Daylight,,,,,1,Clear,0,No,0000000,Not Applicable,19,7:00pm-7:59pm,43,43,19,7:00pm-7:59pm,45,45,99,Unknown,99,Unknown EMS Hospital Arrival Time,,,,,,,2,0
2020,26,260604,Michigan,1,1,0,1,1,1,1,163,WAYNE (163),1260,DETROIT,22,22,8,August,2020,7,Saturday,3,3:00am-3:59am,25,25,1,This section IS ON the NHS,2,Urban,3,Principal Arterial - Other,1,State Highway Agency,3,State Highway,SR-3 GRATIOT AVE,HARPER AVE,51,51,42.39312500,42.39312500,-83.005202780,-83.005202780,0,No Special Jurisdiction,9,Pedalcyclist,0,The First Harmful Event was Not a Collision with a Motor Vehicle in Transport,0,No,2,Intersection,2,Four-Way Intersection,0,None,,,1,On Roadway,3,Dark - Lighted,,,,,1,Clear,0,No,0000000,Not Applicable,99,Unknown,99,Unknown,99,Unknown EMS Scene Arrival Hour,99,Unknown EMS Scene Arrival Minutes,99,Unknown,99,Unknown EMS Hospital Arrival Time,,,,,,,1,0
2020,26,260605,Michigan,1,1,0,1,1,1,1,99,MACOMB (99),2934,"MACOMB, TOWNSHIP",27,27,8,August,2020,5,Thursday,21,9:00pm-9:59pm,22,22,1,This section IS ON the NHS,2,Urban,3,Principal Arterial - Other,1,State Highway Agency,3,State Highway,SR-59 WILLIAM P ROSSO HWY,N GRATIOT AVE,118,118,42.63076944,42.63076944,-82.859566670,-82.859566670,0,No Special Jurisdiction,8,Pedestrian,0,The First Harmful Event was Not a Collision with a Motor Vehicle in Transport,0,No,3,Intersection-Related,2,Four-Way Intersection,0,None,,,1,On Roadway,2,Dark - Not Lighted,,,,,1,Clear,0,No,0000000,Not Applicable,99,Unknown,99,Unknown,99,Unknown EMS Scene Arrival Hour,99,Unknown EMS Scene Arrival Minutes,88,"Not Applicable (Not Transported) ",88,Not Applicable (Not Transported),,,,,,,1,1
2020,26,260606,Michigan,1,1,0,0,0,1,1,117,MONTCALM (117),0,NOT APPLICABLE,1,1,9,September,2020,3,Tuesday,21,9:00pm-9:59pm,58,58,0,This section IS NOT on the NHS,1,Rural,6,Minor Collector,2,County Highway Agency,4,County Road,CR-W BRIGGS RD,,26,26,43.32357222,43.32357222,-85.405869440,-85.405869440,0,No Special Jurisdiction,35,Embankment,0,The First Harmful Event was Not a Collision with a Motor Vehicle in Transport,0,No,1,Non-Junction,1,Not an Intersection,0,None,,,4,On Roadside,2,Dark - Not Lighted,,,,,1,Clear,0,No,0000000,Not Applicable,21,9:00pm-9:59pm,58,58,22,10:00pm-10:59pm,14,14,88,"Not Applicable (Not Transported) ",88,Not Applicable (Not Transported),,,,,,,1,1
2020,26,260607,Michigan,1,1,0,0,0,1,1,115,MONROE (115),0,NOT APPLICABLE,4,4,9,September,2020,6,Friday,1,1:00am-1:59am,6,6,0,This section IS NOT on the NHS,2,Urban,7,Local,2,County Highway Agency,4,County Road,CR-E DEAN RD,,44,44,41.76508333,41.76508333,-83.546258330,-83.546258330,0,No Special Jurisdiction,53,Mail Box,0,The First Harmful Event was Not a Collision with a Motor Vehicle in Transport,0,No,1,Non-Junction,1,Not an Intersection,0,None,,,4,On Roadside,2,Dark - Not Lighted,,,,,1,Clear,0,No,0000000,Not Applicable,1,1:00am-1:59am,11,11,1,1:00am-1:59am,19,19,88,"Not Applicable (Not Transported) ",88,Not Applicable (Not Transported),,,,,,,1,1
2020,26,260608,Michigan,1,1,0,0,0,1,1,25,CALHOUN (25),0,NOT APPLICABLE,5,5,9,September,2020,7,Saturday,3,3:00am-3:59am,30,30,0,This section IS NOT on the NHS,1,Rural,7,Local,2,County Highway Agency,4,County Road,CR-24 MILE RD,,37,37,42.35621944,42.35621944,-84.829008330,-84.829008330,0,No Special Jurisdiction,1,Rollover/Overturn,0,The First Harmful Event was Not a Collision with a Motor Vehicle in Transport,0,No,1,Non-Junction,1,Not an Intersection,0,None,,,1,On Roadway,2,Dark - Not Lighted,,,,,1,Clear,0,No,0000000,Not Applicable,3,3:00am-3:59am,30,30,3,3:00am-3:59am,40,40,88,"Not Applicable (Not Transported) ",88,Not Applicable (Not Transported),,,,,,,1,1
2020,26,260609,Michigan,2,2,0,0,0,5,5,163,WAYNE (163),1260,DETROIT,4,4,9,September,2020,6,Friday,13,1:00pm-1:59pm,50,50,1,This section IS ON the NHS,2,Urban,3,Principal Arterial - Other,1,State Highway Agency,3,State Highway,SR-102 8 MILE RD,CHERRYLAWN ST,84,84,42.44578056,42.44578056,-83.156000000,-83.156000000,0,No Special Jurisdiction,12,Motor Vehicle In-Transport,6,Angle,0,No,2,Intersection,2,Four-Way Intersection,0,None,,,1,On Roadway,1,Daylight,,,,,1,Clear,0,No,0000000,Not Applicable,99,Unknown,99,Unknown,99,Unknown EMS Scene Arrival Hour,99,Unknown EMS Scene Arrival Minutes,99,Unknown,99,Unknown EMS Hospital Arrival Time,,,,,,,1,0
2020,26,260610,Michigan,2,2,0,0,0,2,2,163,WAYNE (163),1260,DETROIT,5,5,9,September,2020,7,Saturday,20,8:00pm-8:59pm,44,44,0,This section IS NOT on the NHS,2,Urban,4,Minor Arterial,4,City or Municipal Highway Agency,6,Local Street - Municipality,GRAND BLVD,CHARLEVOIX ST,9,9,42.36011111,42.36011111,-83.010408330,-83.010408330,0,No Special Jurisdiction,12,Motor Vehicle In-Transport,6,Angle,0,No,2,Intersection,2,Four-Way Intersection,0,None,,,1,On Roadway,5,Dusk,,,,,10,Cloudy,0,No,0000000,Not Applicable,99,Unknown,99,Unknown,99,Unknown EMS Scene Arrival Hour,99,Unknown EMS Scene Arrival Minutes,99,Unknown,99,Unknown EMS Hospital Arrival Time,,,,,,,1,1