caseyear,state,st_case,statename,ve_total,ve_forms,pvh_invl,peds,pernotmvit,permvit,persons,county,countyname,city,cityname,day,dayname,month,monthname,year,day_week,day_weekname,hour,hourname,minute,minutename,nhs,nhsname,rur_urb,rur_urbname,func_sys,func_sysname,rd_owner,rd_ownername,route,routename,tway_id,tway_id2,milept,mileptname,latitude,latitudename,longitud,longitudname,sp_jur,sp_jurname,harm_ev,harm_evname,man_coll,man_collname,reljct1,reljct1name,reljct2,reljct2name,typ_int,typ_intname,wrk_zone,wrk_zonename,road_fnc,road_fncname,rel_road,rel_roadname,lgt_cond,lgt_condname,weather1,weather1name,weather2,weather2name,weather,weathername,sch_bus,sch_busname,rail,railname,not_hour,not_hourname,not_min,not_minname,arr_hour,arr_hourname,arr_min,arr_minname,hosp_hr,hosp_hrname,hosp_mn,hosp_mnname,cf1,cf1name,cf2,cf2name,cf3,cf3name,fatals,drunk_dr
2020,26,260683,Michigan,2,1,1,0,0,2,2,163,WAYNE (163),1260,DETROIT,13,13,7,July,2020,2,Monday,0,0:00am-0:59am,20,20,0,This section IS NOT on the NHS,2,Urban,7,Local,4,City or Municipal Highway Agency,6,Local Street - Municipality,EDMORE DR,,6,6,42.44733056,42.44733056,-82.958516670,-82.958516670,0,No Special Jurisdiction,14,Parked Motor Vehicle,0,The First Harmful Event was Not a Collision with a Motor Vehicle in Transport,0,No,1,Non-Junction,1,Not an Intersection,0,None,,,4,On Roadside,3,Dark - Lighted,,,,,1,Clear,0,No,0000000,Not Applicable,99,Unknown,99,Unknown,99,Unknown EMS Scene Arrival Hour,99,Unknown EMS Scene Arrival Minutes,99,Unknown,99,Unknown EMS Hospital Arrival Time,,,,,,,1,1
2020,26,260684,Michigan,1,1,0,0,0,1,1,163,WAYNE (163),1260,DETROIT,2,2,8,August,2020,1,Sunday,3,3:00am-3:59am,49,49,1,This section IS ON the NHS,2,Urban,2,Principal Arterial - Other Freeways and Expressways,4,City or Municipal Highway Agency,6,Local Street - Municipality,RAMP 109E,,0,None,42.39865833,42.39865833,-83.110180560,-83.110180560,0,No Special Jurisdiction,25,Concrete Traffic Barrier,0,The First Harmful Event was Not a Collision with a Motor Vehicle in Transport,1,Yes,5,Entrance/Exit Ramp Related,1,Not an Intersection,0,None,,,4,On Roadside,3,Dark - Lighted,,,,,10,Cloudy,0,No,0000000,Not Applicable,3,3:00am-3:59am,56,56,4,4:00am-4:59am,10,10,88,"Not Applicable (Not Transported) ",88,Not Applicable (Not Transported),,,,,,,1,1
2020,26,260685,Michigan,2,2,0,0,0,2,2,163,WAYNE (163),4815,TAYLOR,17,17,8,August,2020,2,Monday,14,2:00pm-2:59pm,0,0,1,This section IS ON the NHS,2,Urban,1,Interstate,1,State Highway Agency,1,Interstate,I-94,,137,137,42.26178056,42.26178056,-83.289091670,-83.289091670,0,No Special Jurisdiction,7,Other Non-Collision,0,The First Harmful Event was Not a Collision with a Motor Vehicle in Transport,0,No,1,Non-Junction,1,Not an Intersection,0,None,,,1,On Roadway,1,Daylight,,,,,1,Clear,0,No,0000000,Not Applicable,99,Unknown,99,Unknown,99,Unknown EMS Scene Arrival Hour,99,Unknown EMS Scene Arrival Minutes,88,"Not Applicable (Not Transported) ",88,Not Applicable (Not Transported),,,,,,,1,0
2020,26,260686,Michigan,1,1,0,0,0,1,1,27,CASS (27),0,NOT APPLICABLE,23,23,8,August,2020,1,Sunday,19,7:00pm-7:59pm,34,34,0,This section IS NOT on the NHS,1,Rural,4,Minor Arterial,2,County Highway Agency,4,County Road,CR-BARRON LAKE RD,,43,43,41.90050556,41.90050556,-86.175550000,-86.175550000,0,No Special Jurisdiction,30,Utility Pole/Light Support,0,The First Harmful Event was Not a Collision with a Motor Vehicle in Transport,0,No,1,Non-Junction,1,Not an Intersection,0,None,,,4,On Roadside,1,Daylight,,,,,1,Clear,0,No,0000000,Not Applicable,99,Unknown,99,Unknown,99,Unknown EMS Scene Arrival Hour,99,Unknown EMS Scene Arrival Minutes,99,Unknown,99,Unknown EMS Hospital Arrival Time,,,,,,,1,1
2020,26,260687,Michigan,6,6,0,0,0,9,9,125,OAKLAND (125),5255,WIXOM,18,18,9,September,2020,6,Friday,17,5:00pm-5:59pm,50,50,1,This section IS ON the NHS,2,Urban,1,Interstate,1,State Highway Agency,1,Interstate,I-96,,73,73,42.49762778,42.49762778,-83.533772220,-83.533772220,0,No Special Jurisdiction,12,Motor Vehicle In-Transport,1,Front-to-Rear,0,No,1,Non-Junction,1,Not an Intersection,0,None,,,1,On Roadway,1,Daylight,,,,,1,Clear,0,No,0000000,Not Applicable,17,5:00pm-5:59pm,50,50,18,6:00pm-6:59pm,0,0,99,Unknown,99,Unknown EMS Hospital Arrival Time,,,,,,,1,0
2020,26,260688,Michigan,1,1,0,1,1,2,2,49,GENESEE (49),1730,FLINT,28,28,6,June,2020,1,Sunday,2,2:00am-2:59am,51,51,1,This section IS ON the NHS,2,Urban,3,Principal Arterial - Other,4,City or Municipal Highway Agency,6,Local Street - Municipality,ROBERT T LONGWAY BLVD,,0,None,43.02511944,43.02511944,-83.680302780,-83.680302780,0,No Special Jurisdiction,9,Pedalcyclist,0,The First Harmful Event was Not a Collision with a Motor Vehicle in Transport,0,No,1,Non-Junction,1,Not an Intersection,0,None,,,1,On Roadway,3,Dark - Lighted,,,,,1,Clear,0,No,0000000,Not Applicable,99,Unknown,99,Unknown,99,Unknown EMS Scene Arrival Hour,99,Unknown EMS Scene Arrival Minutes,88,"Not Applicable (Not Transported) ",88,Not Applicable (Not Transported),,,,,,,1,0
2020,26,260689,Michigan,1,1,0,0,0,1,1,87,LAPEER (87),2110,HADLEY,4,4,7,July,2020,7,Saturday,17,5:00pm-5:59pm,56,56,0,This section IS NOT on the NHS,1,Rural,7,Local,2,County Highway Agency,4,County Road,CR-GREEN CORNERS RD,,0,None,42.93295278,42.93295278,-83.427677780,-83.427677780,0,No Special Jurisdiction,1,Rollover/Overturn,0,The First Harmful Event was Not a Collision with a Motor Vehicle in Transport,0,No,8,Driveway Access Related,1,Not an Intersection,0,None,,,1,On Roadway,1,Daylight,,,,,1,Clear,0,No,0000000,Not Applicable,99,Unknown,99,Unknown,99,Unknown EMS Scene Arrival Hour,99,Unknown EMS Scene Arrival Minutes,88,"Not Applicable (Not Transported) ",88,Not Applicable (Not Transported),,,,,,,1,0
2020,26,260690,Michigan,2,2,0,0,0,2,2,87,LAPEER (87),0,NOT APPLICABLE,7,7,9,September,2020,2,Monday,17,5:00pm-5:59pm,34,34,0,This section IS NOT on the NHS,1,Rural,4,Minor Arterial,2,County Highway Agency,4,County Road,CR-DAVISON RD,,13,13,43.04146111,43.04146111,-83.443977780,-83.443977780,0,No Special Jurisdiction,12,Motor Vehicle In-Transport,2,Front-to-Front,0,No,8,Driveway Access Related,1,Not an Intersection,0,None,,,1,On Roadway,1,Daylight,,,,,1,Clear,0,No,0000000,Not Applicable,99,Unknown,99,Unknown,99,Unknown EMS Scene Arrival Hour,99,Unknown EMS Scene Arrival Minutes,88,"Not Applicable (Not Transported) ",88,Not Applicable (Not Transported),,,,,,,1,0
2020,26,260691,Michigan,1,1,0,0,0,3,3,147,ST. CLAIR (147),0,NOT APPLICABLE,1,1,10,October,2020,5,Thursday,21,9:00pm-9:59pm,51,51,0,This section IS NOT on the NHS,2,Urban,5,Major Collector,2,County Highway Agency,4,County Road,CR-MARSH RD,,7,7,42.63780278,42.63780278,-82.545300000,-82.545300000,0,No Special Jurisdiction,53,Mail Box,0,The First Harmful Event was Not a Collision with a Motor Vehicle in Transport,0,No,1,Non-Junction,1,Not an Intersection,0,None,,,4,On Roadside,3,Dark - Lighted,,,,,10,Cloudy,0,No,0000000,Not Applicable,21,9:00pm-9:59pm,55,55,22,10:00pm-10:59pm,1,1,88,"Not Applicable (Not Transported) ",88,Not Applicable (Not Transported),,,,,,,1,1
2020,26,260692,Michigan,2,2,0,0,0,3,3,163,WAYNE (163),1260,DETROIT,1,1,10,October,2020,5,Thursday,16,4:00pm-4:59pm,20,20,0,This section IS NOT on the NHS,2,Urban,7,Local,4,City or Municipal Highway Agency,6,Local Street - Municipality,BRINGARD DR,HOYT ST,12,12,42.44593889,42.44593889,-82.980627780,-82.980627780,0,No Special Jurisdiction,12,Motor Vehicle In-Transport,6,Angle,0,No,2,Intersection,2,Four-Way Intersection,0,None,,,1,On Roadway,1,Daylight,,,,,2,Rain,0,No,0000000,Not Applicable,99,Unknown,99,Unknown,99,Unknown EMS Scene Arrival Hour,99,Unknown EMS Scene Arrival Minutes,99,Unknown,99,Unknown EMS Hospital Arrival Time,,,,,,,1,0
2020,26,260693,Michigan,2,2,0,0,0,1,1,163,WAYNE (163),1260,DETROIT,4,4,10,October,2020,1,Sunday,3,3:00am-3:59am,50,50,0,This section IS NOT on the NHS,2,Urban,4,Minor Arterial,2,County Highway Agency,4,County Road,CR-OUTER DR,,41,41,42.44094444,42.44094444,-83.038202780,-83.038202780,0,No Special Jurisdiction,12,Motor Vehicle In-Transport,1,Front-to-Rear,0,No,1,Non-Junction,1,Not an Intersection,0,None,,,1,On Roadway,3,Dark - Lighted,,,,,2,Rain,0,No,0000000,Not Applicable,99,Unknown,99,Unknown,99,Unknown EMS Scene Arrival Hour,99,Unknown EMS Scene Arrival Minutes,88,"Not Applicable (Not Transported) ",88,Not Applicable (Not Transported),,,,,,,1,0
2020,26,260694,Michigan,1,1,0,1,1,1,1,105,MASON (105),0,NOT APPLICABLE,6,6,10,October,2020,3,Tuesday,16,4:00pm-4:59pm,27,27,1,This section IS ON the NHS,1,Rural,3,Principal Arterial - Other,1,State Highway Agency,2,U.S. Highway,US-10,,51,51,43.95571944,43.95571944,-86.349291670,-86.349291670,0,No Special Jurisdiction,9,Pedalcyclist,0,The First Harmful Event was Not a Collision with a Motor Vehicle in Transport,0,No,1,Non-Junction,1,Not an Intersection,0,None,,,1,On Roadway,1,Daylight,,,,,10,Cloudy,0,No,0000000,Not Applicable,16,4:00pm-4:59pm,27,27,16,4:00pm-4:59pm,32,32,88,"Not Applicable (Not Transported) ",88,Not Applicable (Not Transported),,,,,,,1,0
2020,26,260695,Michigan,1,1,0,1,1,1,1,163,WAYNE (163),1260,DETROIT,1,1,10,October,2020,5,Thursday,21,9:00pm-9:59pm,25,25,1,This section IS ON the NHS,2,Urban,3,Principal Arterial - Other,4,City or Municipal Highway Agency,6,Local Street - Municipality,PLYMOUTH RD,,180,180,42.37252778,42.37252778,-83.201461110,-83.201461110,0,No Special Jurisdiction,8,Pedestrian,0,The First Harmful Event was Not a Collision with a Motor Vehicle in Transport,0,No,1,Non-Junction,1,Not an Intersection,0,None,,,1,On Roadway,3,Dark - Lighted,,,,,1,Clear,0,No,0000000,Not Applicable,99,Unknown,99,Unknown,99,Unknown EMS Scene Arrival Hour,99,Unknown EMS Scene Arrival Minutes,99,Unknown,99,Unknown EMS Hospital Arrival Time,,,,,,,1,0
2020,26,260696,Michigan,3,3,0,0,0,5,5,99,MACOMB (99),5110,WARREN,25,25,7,July,2020,7,Saturday,9,9:00am-9:59am,56,56,0,This section IS NOT on the NHS,2,Urban,4,Minor Arterial,4,City or Municipal Highway Agency,6,Local Street - Municipality,RYAN RD,10 MILE RD,20,20,42.47672778,42.47672778,-83.065200000,-83.065200000,0,No Special Jurisdiction,12,Motor Vehicle In-Transport,7,Sideswipe - Same Direction,0,No,2,Intersection,2,Four-Way Intersection,0,None,,,1,On Roadway,1,Daylight,,,,,1,Clear,0,No,0000000,Not Applicable,99,Unknown,99,Unknown,99,Unknown EMS Scene Arrival Hour,99,Unknown EMS Scene Arrival Minutes,88,"Not Applicable (Not Transported) ",88,Not Applicable (Not Transported),,,,,,,1,0
2020,26,260697,Michigan,1,1,0,1,1,1,1,163,WAYNE (163),1260,DETROIT,11,11,8,August,2020,3,Tuesday,8,8:00am-8:59am,30,30,1,This section IS ON the NHS,2,Urban,3,Principal Arterial - Other,1,State Highway Agency,3,State Highway,SR-102 E 8 MILE RD,KELLY RD,73,73,42.45022778,42.45022778,-82.941252780,-82.941252780,0,No Special Jurisdiction,9,Pedalcyclist,0,The First Harmful Event was Not a Collision with a Motor Vehicle in Transport,0,No,2,Intersection,2,Four-Way Intersection,0,None,,,1,On Roadway,1,Daylight,,,,,1,Clear,0,No,0000000,Not Applicable,99,Unknown,99,Unknown,99,Unknown EMS Scene Arrival Hour,99,Unknown EMS Scene Arrival Minutes,99,Unknown,99,Unknown EMS Hospital Arrival Time,,,,,,,1,0
2020,26,260698,Michigan,1,1,0,1,1,1,1,49,GENESEE (49),1730,FLINT,4,4,10,October,2020,1,Sunday,5,5:00am-5:59am,17,17,1,This section IS ON the NHS,2,Urban,3,Principal Arterial - Other,1,State Highway Agency,3,State Highway,SR-54 DORT HWY,,64,64,42.99660278,42.99660278,-83.653722220,-83.653722220,0,No Special Jurisdiction,8,Pedestrian,0,The First Harmful Event was Not a Collision with a Motor Vehicle in Transport,0,No,1,Non-Junction,1,Not an Intersection,0,None,,,1,On Roadway,3,Dark - Lighted,,,,,2,Rain,0,No,0000000,Not Applicable,5,5:00am-5:59am,17,17,5,5:00am-5:59am,25,25,88,"Not Applicable (Not Transported) ",88,Not Applicable (Not Transported),,,,,,,1,0
2020,26,260699,Michigan,2,2,0,0,0,4,4,161,WASHTENAW (161),0,NOT APPLICABLE,4,4,10,October,2020,1,Sunday,19,7:00pm-7:59pm,21,21,0,This section IS NOT on the NHS,2,Urban,5,Major Collector,2,County Highway Agency,4,County Road,CR-STONEY CREEK RD,,90,90,42.17925833,42.17925833,-83.640219440,-83.640219440,0,No Special Jurisdiction,12,Motor Vehicle In-Transport,6,Angle,0,No,1,Non-Junction,1,Not an Intersection,0,None,,,1,On Roadway,5,Dusk,,,,,10,Cloudy,0,No,0000000,Not Applicable,19,7:00pm-7:59pm,23,23,19,7:00pm-7:59pm,27,27,88,"Not Applicable (Not Transported) ",88,Not Applicable (Not Transported),,,,,,,1,0
2020,26,260700,Michigan,2,2,0,0,0,2,2,73,ISABELLA (73),0,NOT APPLICABLE,2,2,10,October,2020,6,Friday,20,8:00pm-8:59pm,33,33,0,This section IS NOT on the NHS,1,Rural,4,Minor Arterial,2,County Highway Agency,4,County Road,CR-SHEPARD RD,,53,53,43.54410278,43.54410278,-84.687569440,-84.687569440,0,No Special Jurisdiction,12,Motor Vehicle In-Transport,2,Front-to-Front,0,No,1,Non-Junction,1,Not an Intersection,0,None,,,1,On Roadway,2,Dark - Not Lighted,,,,,1,Clear,0,No,0000000,Not Applicable,20,8:00pm-8:59pm,34,34,20,8:00pm-8:59pm,40,40,99,Unknown,99,Unknown EMS Hospital Arrival Time,,,,,,,1,1
2020,26,260701,Michigan,2,2,0,0,0,2,2,65,INGHAM (65),2700,LANSING,1,1,10,October,2020,5,Thursday,14,2:00pm-2:59pm,12,12,1,This section IS ON the NHS,2,Urban,3,Principal Arterial - Other,1,State Highway Agency,3,State Highway,SR-99 MARTIN LUTHER KING BLVD,ALSDORF ST,8,8,42.71727778,42.71727778,-84.567758330,-84.567758330,0,No Special Jurisdiction,12,Motor Vehicle In-Transport,6,Angle,0,No,2,Intersection,2,Four-Way Intersection,0,None,,,1,On Roadway,1,Daylight,,,,,2,Rain,0,No,0000000,Not Applicable,14,2:00pm-2:59pm,13,13,14,2:00pm-2:59pm,21,21,99,Unknown,99,Unknown EMS Hospital Arrival Time,,,,,,,1,0
2020,26,260702,Michigan,1,1,0,0,0,1,1,163,WAYNE (163),1260,DETROIT,2,2,10,October,2020,6,Friday,5,5:00am-5:59am,36,36,1,This section IS ON the NHS,2,Urban,3,Principal Arterial - Other,1,State Highway Agency,3,State Highway,SR-1 WOODWARD AVE,,6,6,42.43950278,42.43950278,-83.120000000,-83.120000000,0,No Special Jurisdiction,30,Utility Pole/Light Support,0,The First Harmful Event was Not a Collision with a Motor Vehicle in Transport,0,No,1,Non-Junction,1,Not an Intersection,0,None,,,4,On Roadside,3,Dark - Lighted,,,,,1,Clear,0,No,0000000,Not Applicable,99,Unknown,99,Unknown,99,Unknown EMS Scene Arrival Hour,99,Unknown EMS Scene Arrival Minutes,99,Unknown,99,Unknown EMS Hospital Arrival Time,,,,,,,1,0
2020,26,260703,Michigan,2,2,0,0,0,6,6,163,WAYNE (163),1260,DETROIT,5,5,10,October,2020,2,Monday,18,6:00pm-6:59pm,28,28,0,This section IS NOT on the NHS,2,Urban,4,Minor Arterial,2,County Highway Agency,4,County Road,CR-JOY RD,ARTESIAN ST,74,74,42.35771944,42.35771944,-83.226166670,-83.226166670,0,No Special Jurisdiction,12,Motor Vehicle In-Transport,6,Angle,0,No,2,Intersection,2,Four-Way Intersection,0,None,,,1,On Roadway,1,Daylight,,,,,1,Clear,0,No,0000000,Not Applicable,99,Unknown,99,Unknown,99,Unknown EMS Scene Arrival Hour,99,Unknown EMS Scene Arrival Minutes,99,Unknown,99,Unknown EMS Hospital Arrival Time,,,,,,,1,1
2020,26,260704,Michigan,4,1,3,0,0,1,1,163,WAYNE (163),1260,DETROIT,4,4,10,October,2020,1,Sunday,21,9:00pm-9:59pm,36,36,0,This section IS NOT on the NHS,2,Urban,5,Major Collector,4,City or Municipal Highway Agency,6,Local Street - Municipality,FITZPATRICK ST,,0,None,42.36401944,42.36401944,-83.217313890,-83.217313890,0,No Special Jurisdiction,14,Parked Motor Vehicle,0,The First Harmful Event was Not a Collision with a Motor Vehicle in Transport,0,No,1,Non-Junction,1,Not an Intersection,0,None,,,7,In Parking Lane/Zone,3,Dark - Lighted,,,,,1,Clear,0,No,0000000,Not Applicable,99,Unknown,99,Unknown,99,Unknown EMS Scene Arrival Hour,99,Unknown EMS Scene Arrival Minutes,99,Unknown,99,Unknown EMS Hospital Arrival Time,,,,,,,1,0
2020,26,260705,Michigan,1,1,0,0,0,2,2,79,KALKASKA (79),0,NOT APPLICABLE,7,7,10,October,2020,4,Wednesday,20,8:00pm-8:59pm,42,42,0,This section IS NOT on the NHS,1,Rural,7,Local,2,County Highway Agency,4,County Road,CR-TYLER RD,,55,55,44.69936667,44.69936667,-85.101963890,-85.101963890,0,No Special Jurisdiction,34,Ditch,0,The First Harmful Event was Not a Collision with a Motor Vehicle in Transport,0,No,1,Non-Junction,1,Not an Intersection,0,None,,,4,On Roadside,2,Dark - Not Lighted,,,,,1,Clear,0,No,0000000,Not Applicable,20,8:00pm-8:59pm,48,48,99,Unknown EMS Scene Arrival Hour,99,Unknown EMS Scene Arrival Minutes,99,Unknown,99,Unknown EMS Hospital Arrival Time,,,,,,,1,1
2020,26,260706,Michigan,1,1,0,1,1,1,1,163,WAYNE (163),1260,DETROIT,6,6,10,October,2020,3,Tuesday,14,2:00pm-2:59pm,25,25,1,This section IS ON the NHS,2,Urban,3,Principal Arterial - Other,1,State Highway Agency,3,State Highway,SR-102 8 MILE RD,,52,52,42.44937778,42.44937778,-82.981883330,-82.981883330,0,No Special Jurisdiction,40,Fire Hydrant,0,The First Harmful Event was Not a Collision with a Motor Vehicle in Transport,0,No,1,Non-Junction,1,Not an Intersection,0,None,,,4,On Roadside,1,Daylight,,,,,1,Clear,0,No,0000000,Not Applicable,99,Unknown,99,Unknown,99,Unknown EMS Scene Arrival Hour,99,Unknown EMS Scene Arrival Minutes,99,Unknown,99,Unknown EMS Hospital Arrival Time,,,,,,,1,0
2020,26,260707,Michigan,2,2,0,0,0,2,2,25,CALHOUN (25),0,NOT APPLICABLE,4,4,10,October,2020,1,Sunday,16,4:00pm-4:59pm,25,25,0,This section IS NOT on the NHS,1,Rural,4,Minor Arterial,1,State Highway Agency,3,State Highway,SR-60,10 1/2 MILE RD,32,32,42.09971667,42.09971667,-85.094697220,-85.094697220,0,No Special Jurisdiction,12,Motor Vehicle In-Transport,6,Angle,0,No,2,Intersection,2,Four-Way Intersection,0,None,,,1,On Roadway,1,Daylight,,,,,1,Clear,0,No,0000000,Not Applicable,16,4:00pm-4:59pm,27,27,16,4:00pm-4:59pm,40,40,99,Unknown,99,Unknown EMS Hospital Arrival Time,,,,,,,1,0
2020,26,260708,Michigan,2,2,0,0,0,2,2,99,MACOMB (99),4210,RICHMOND,9,9,10,October,2020,6,Friday,18,6:00pm-6:59pm,40,40,0,This section IS NOT on the NHS,2,Urban,5,Major Collector,2,County Highway Agency,4,County Road,CR-COUNTY LINE RD,MUTTONVILLE LN,63,63,42.79742778,42.79742778,-82.733566670,-82.733566670,0,No Special Jurisdiction,12,Motor Vehicle In-Transport,6,Angle,0,No,2,Intersection,3,T-Intersection,0,None,,,1,On Roadway,1,Daylight,,,,,1,Clear,0,No,0000000,Not Applicable,18,6:00pm-6:59pm,40,40,18,6:00pm-6:59pm,49,49,99,Unknown,99,Unknown EMS Hospital Arrival Time,,,,,,,1,0
2020,26,260709,Michigan,1,1,0,1,1,1,1,49,GENESEE (49),1731,FLINT TOWNSHIP,7,7,10,October,2020,4,Wednesday,23,11:00pm-11:59pm,57,57,0,This section IS NOT on the NHS,2,Urban,4,Minor Arterial,4,City or Municipal Highway Agency,6,Local Street - Municipality,S BALLENGER HWY,,1,1,42.99044167,42.99044167,-83.713466670,-83.713466670,0,No Special Jurisdiction,8,Pedestrian,0,The First Harmful Event was Not a Collision with a Motor Vehicle in Transport,0,No,1,Non-Junction,1,Not an Intersection,0,None,,,1,On Roadway,2,Dark - Not Lighted,,,,,1,Clear,0,No,0000000,Not Applicable,99,Unknown,99,Unknown,99,Unknown EMS Scene Arrival Hour,99,Unknown EMS Scene Arrival Minutes,88,"Not Applicable (Not Transported) ",88,Not Applicable (Not Transported),,,,,,,1,0
2020,26,260710,Michigan,2,2,0,0,0,3,3,163,WAYNE (163),1260,DETROIT,10,10,10,October,2020,7,Saturday,22,10:00pm-10:59pm,27,27,1,This section IS ON the NHS,2,Urban,3,Principal Arterial - Other,1,State Highway Agency,3,State Highway,SR-3 GRATIOT AVE,VAN DYKE ST,40,40,42.37878333,42.37878333,-83.014666670,-83.014666670,0,No Special Jurisdiction,12,Motor Vehicle In-Transport,6,Angle,0,No,2,Intersection,2,Four-Way Intersection,0,None,,,1,On Roadway,1,Daylight,,,,,1,Clear,0,No,0000000,Not Applicable,99,Unknown,99,Unknown,99,Unknown EMS Scene Arrival Hour,99,Unknown EMS Scene Arrival Minutes,99,Unknown,99,Unknown EMS Hospital Arrival Time,,,,,,,1,1
2020,26,260711,Michigan,4,2,2,0,0,3,3,159,VAN BUREN (159),0,NOT APPLICABLE,12,12,10,October,2020,2,Monday,11,11:00am-11:59am,59,59,0,This section IS NOT on the NHS,1,Rural,7,Local,2,County Highway Agency,4,County Road,CR-BASELINE RD,CR-681,64,64,42.41910000,42.41910000,-86.129344440,-86.129344440,0,No Special Jurisdiction,12,Motor Vehicle In-Transport,1,Front-to-Rear,0,No,3,Intersection-Related,2,Four-Way Intersection,0,None,,,1,On Roadway,1,Daylight,,,,,10,Cloudy,0,No,0000000,Not Applicable,12,12:00pm-12:59pm,1,1,12,12:00pm-12:59pm,4,4,88,"Not Applicable (Not Transported) ",88,Not Applicable (Not Transported),,,,,,,3,0
2020,26,260712,Michigan,2,2,0,0,0,4,4,155,SHIAWASSEE (155),0,NOT APPLICABLE,10,10,10,October,2020,7,Saturday,14,2:00pm-2:59pm,31,31,0,This section IS NOT on the NHS,1,Rural,6,Minor Collector,2,County Highway Agency,4,County Road,CR-HIBBARD RD,,70,70,42.95454167,42.95454167,-84.233075000,-84.233075000,0,No Special Jurisdiction,12,Motor Vehicle In-Transport,2,Front-to-Front,0,No,1,Non-Junction,1,Not an Intersection,0,None,,,1,On Roadway,1,Daylight,,,,,10,Cloudy,0,No,0000000,Not Applicable,99,Unknown,99,Unknown,99,Unknown EMS Scene Arrival Hour,99,Unknown EMS Scene Arrival Minutes,99,Unknown,99,Unknown EMS Hospital Arrival Time,,,,,,,1,0
2020,26,260713,Michigan,2,2,0,0,0,5,5,15,BARRY (15),2220,HASTINGS,3,3,10,October,2020,7,Saturday,21,9:00pm-9:59pm,48,48,0,This section IS NOT on the NHS,2,Urban,4,Minor Arterial,4,City or Municipal Highway Agency,6,Local Street - Municipality,STATE RD,,92,92,42.65363333,42.65363333,-85.272638890,-85.272638890,0,No Special Jurisdiction,12,Motor Vehicle In-Transport,2,Front-to-Front,0,No,1,Non-Junction,1,Not an Intersection,0,None,,,1,On Roadway,1,Daylight,,,,,10,Cloudy,0,No,0000000,Not Applicable,21,9:00pm-9:59pm,51,51,21,9:00pm-9:59pm,56,56,99,Unknown,99,Unknown EMS Hospital Arrival Time,,,,,,,2,0
2020,26,260714,Michigan,1,1,0,0,0,4,4,163,WAYNE (163),1260,DETROIT,12,12,10,October,2020,2,Monday,22,10:00pm-10:59pm,51,51,0,This section IS NOT on the NHS,2,Urban,4,Minor Arterial,4,City or Municipal Highway Agency,6,Local Street - Municipality,JOS CAMPAU,,17,17,42.40764444,42.40764444,-83.065141670,-83.065141670,0,No Special Jurisdiction,30,Utility Pole/Light Support,0,The First Harmful Event was Not a Collision with a Motor Vehicle in Transport,0,No,1,Non-Junction,1,Not an Intersection,0,None,,,4,On Roadside,3,Dark - Lighted,,,,,2,Rain,0,No,0000000,Not Applicable,99,Unknown,99,Unknown,99,Unknown EMS Scene Arrival Hour,99,Unknown EMS Scene Arrival Minutes,99,Unknown,99,Unknown EMS Hospital Arrival Time,,,,,,,1,0
2020,26,260715,Michigan,2,2,0,0,0,2,2,65,INGHAM (65),2700,LANSING,8,8,10,October,2020,5,Thursday,11,11:00am-11:59am,13,13,1,This section IS ON the NHS,2,Urban,1,Interstate,1,State Highway Agency,2,U.S. Highway,US-127,,61,61,42.70750278,42.70750278,-84.505288890,-84.505288890,0,No Special Jurisdiction,12,Motor Vehicle In-Transport,1,Front-to-Rear,0,No,1,Non-Junction,1,Not an Intersection,0,None,,,1,On Roadway,1,Daylight,,,,,1,Clear,0,No,0000000,Not Applicable,99,Unknown,99,Unknown,99,Unknown EMS Scene Arrival Hour,99,Unknown EMS Scene Arrival Minutes,88,"Not Applicable (Not Transported) ",88,Not Applicable (Not Transported),,,,,,,1,0
2020,26,260716,Michigan,2,2,0,0,0,2,2,45,EATON (45),0,NOT APPLICABLE,11,11,10,October,2020,1,Sunday,16,4:00pm-4:59pm,45,45,0,This section IS NOT on the NHS,1,Rural,4,Minor Arterial,1,State Highway Agency,3,State Highway,SR-50 CLINTON RD,EATON RAPIDS RD,0,None,42.42268056,42.42268056,-84.649238890,-84.649238890,0,No Special Jurisdiction,12,Motor Vehicle In-Transport,6,Angle,0,No,2,Intersection,4,Y-Intersection,0,None,,,1,On Roadway,1,Daylight,,,,,1,Clear,0,No,0000000,Not Applicable,16,4:00pm-4:59pm,44,44,16,4:00pm-4:59pm,59,59,99,Unknown,99,Unknown EMS Hospital Arrival Time,,,,,,,1,0
2020,26,260717,Michigan,1,1,0,1,1,1,1,81,KENT (81),5319,WYOMING,5,5,10,October,2020,2,Monday,15,3:00pm-3:59pm,14,14,1,This section IS ON the NHS,2,Urban,3,Principal Arterial - Other,4,City or Municipal Highway Agency,6,Local Street - Municipality,DIVISION AVE,39TH ST,91,91,42.89313889,42.89313889,-85.665097220,-85.665097220,0,No Special Jurisdiction,8,Pedestrian,0,The First Harmful Event was Not a Collision with a Motor Vehicle in Transport,0,No,3,Intersection-Related,3,T-Intersection,0,None,,,1,On Roadway,1,Daylight,,,,,1,Clear,0,No,0000000,Not Applicable,99,Unknown,99,Unknown,99,Unknown EMS Scene Arrival Hour,99,Unknown EMS Scene Arrival Minutes,99,Unknown,99,Unknown EMS Hospital Arrival Time,,,,,,,1,1
2020,26,260718,Michigan,1,1,0,0,0,1,1,161,WASHTENAW (161),0,NOT APPLICABLE,12,12,10,October,2020,2,Monday,9,9:00am-9:59am,56,56,1,This section IS ON the NHS,2,Urban,1,Interstate,1,State Highway Agency,1,Interstate,I-94,,131,131,42.29860833,42.29860833,-83.878052780,-83.878052780,0,No Special Jurisdiction,21,Bridge Pier or Support,0,The First Harmful Event was Not a Collision with a Motor Vehicle in Transport,0,No,1,Non-Junction,1,Not an Intersection,0,None,,,4,On Roadside,1,Daylight,,,,,1,Clear,0,No,0000000,Not Applicable,99,Unknown,99,Unknown,99,Unknown EMS Scene Arrival Hour,99,Unknown EMS Scene Arrival Minutes,88,"Not Applicable (Not Transported) ",88,Not Applicable (Not Transported),,,,,,,1,0