caseyear,state,st_case,statename,ve_total,ve_forms,pvh_invl,peds,pernotmvit,permvit,persons,county,countyname,city,cityname,day,dayname,month,monthname,year,day_week,day_weekname,hour,hourname,minute,minutename,nhs,nhsname,rur_urb,rur_urbname,func_sys,func_sysname,rd_owner,rd_ownername,route,routename,tway_id,tway_id2,milept,mileptname,latitude,latitudename,longitud,longitudname,sp_jur,sp_jurname,harm_ev,harm_evname,man_coll,man_collname,reljct1,reljct1name,reljct2,reljct2name,typ_int,typ_intname,wrk_zone,wrk_zonename,road_fnc,road_fncname,rel_road,rel_roadname,lgt_cond,lgt_condname,weather1,weather1name,weather2,weather2name,weather,weathername,sch_bus,sch_busname,rail,railname,not_hour,not_hourname,not_min,not_minname,arr_hour,arr_hourname,arr_min,arr_minname,hosp_hr,hosp_hrname,hosp_mn,hosp_mnname,cf1,cf1name,cf2,cf2name,cf3,cf3name,fatals,drunk_dr
2020,26,260719,Michigan,1,1,0,0,0,1,1,43,DICKINSON (43),4352,SAGOLA,13,13,10,October,2020,3,Tuesday,6,6:00am-6:59am,40,40,1,This section IS ON the NHS,1,Rural,3,Principal Arterial - Other,1,State Highway Agency,3,State Highway,SR-95,,86,86,45.95256389,45.95256389,-88.036969440,-88.036969440,0,No Special Jurisdiction,1,Rollover/Overturn,0,The First Harmful Event was Not a Collision with a Motor Vehicle in Transport,0,No,1,Non-Junction,1,Not an Intersection,0,None,,,4,On Roadside,2,Dark - Not Lighted,,,,,1,Clear,0,No,0000000,Not Applicable,7,7:00am-7:59am,40,40,8,8:00am-8:59am,0,0,88,"Not Applicable (Not Transported) ",88,Not Applicable (Not Transported),,,,,,,1,0
2020,26,260720,Michigan,2,2,0,0,0,2,2,99,MACOMB (99),1009,CLINTON TOWNSHIP,13,13,10,October,2020,3,Tuesday,15,3:00pm-3:59pm,26,26,0,This section IS NOT on the NHS,2,Urban,5,Major Collector,2,County Highway Agency,4,County Road,CR-LITTLE MACK AVE,FINLEY ST,4,4,42.54607500,42.54607500,-82.910425000,-82.910425000,0,No Special Jurisdiction,12,Motor Vehicle In-Transport,1,Front-to-Rear,0,No,3,Intersection-Related,2,Four-Way Intersection,0,None,,,1,On Roadway,1,Daylight,,,,,1,Clear,0,No,0000000,Not Applicable,15,3:00pm-3:59pm,27,27,15,3:00pm-3:59pm,31,31,99,Unknown,99,Unknown EMS Hospital Arrival Time,,,,,,,1,0
2020,26,260721,Michigan,4,4,0,0,0,6,6,125,OAKLAND (125),0,NOT APPLICABLE,14,14,10,October,2020,4,Wednesday,16,4:00pm-4:59pm,30,30,1,This section IS ON the NHS,2,Urban,3,Principal Arterial - Other,1,State Highway Agency,3,State Highway,SR-59 HIGHLAND RD,AIRPORT RD,146,146,42.65988333,42.65988333,-83.405863890,-83.405863890,0,No Special Jurisdiction,12,Motor Vehicle In-Transport,1,Front-to-Rear,0,No,3,Intersection-Related,2,Four-Way Intersection,0,None,,,1,On Roadway,1,Daylight,,,,,10,Cloudy,0,No,0000000,Not Applicable,16,4:00pm-4:59pm,31,31,16,4:00pm-4:59pm,35,35,99,Unknown,99,Unknown EMS Hospital Arrival Time,,,,,,,2,1
2020,26,260722,Michigan,2,2,0,0,0,4,4,163,WAYNE (163),1260,DETROIT,7,7,10,October,2020,4,Wednesday,11,11:00am-11:59am,6,6,1,This section IS ON the NHS,2,Urban,3,Principal Arterial - Other,1,State Highway Agency,3,State Highway,SR-3 GRATIOT AVE,OUTER DR,60,60,42.40635833,42.40635833,-82.996544440,-82.996544440,0,No Special Jurisdiction,12,Motor Vehicle In-Transport,6,Angle,0,No,2,Intersection,2,Four-Way Intersection,0,None,,,1,On Roadway,1,Daylight,,,,,1,Clear,0,No,0000000,Not Applicable,99,Unknown,99,Unknown,99,Unknown EMS Scene Arrival Hour,99,Unknown EMS Scene Arrival Minutes,88,"Not Applicable (Not Transported) ",88,Not Applicable (Not Transported),,,,,,,1,0
2020,26,260723,Michigan,1,1,0,0,0,1,1,37,CLINTON (37),0,NOT APPLICABLE,16,16,10,October,2020,6,Friday,3,3:00am-3:59am,0,0,0,This section IS NOT on the NHS,2,Urban,7,Local,2,County Highway Agency,4,County Road,CR-COLEMAN RD,,8,8,42.77513611,42.77513611,-84.426775000,-84.426775000,0,No Special Jurisdiction,42,Tree (Standing Only),0,The First Harmful Event was Not a Collision with a Motor Vehicle in Transport,0,No,1,Non-Junction,1,Not an Intersection,0,None,,,4,On Roadside,2,Dark - Not Lighted,,,,,1,Clear,0,No,0000000,Not Applicable,3,3:00am-3:59am,11,11,3,3:00am-3:59am,24,24,88,"Not Applicable (Not Transported) ",88,Not Applicable (Not Transported),,,,,,,1,1
2020,26,260724,Michigan,1,1,0,0,0,1,1,25,CALHOUN (25),310,BATTLE CREEK,17,17,10,October,2020,7,Saturday,3,3:00am-3:59am,1,1,0,This section IS NOT on the NHS,2,Urban,6,Minor Collector,2,County Highway Agency,4,County Road,CR-N ULDRICKS RD,,3,3,42.36274444,42.36274444,-85.279183330,-85.279183330,0,No Special Jurisdiction,59,"Traffic Sign Support ",0,The First Harmful Event was Not a Collision with a Motor Vehicle in Transport,0,No,1,Non-Junction,1,Not an Intersection,0,None,,,4,On Roadside,2,Dark - Not Lighted,,,,,2,Rain,0,No,0000000,Not Applicable,3,3:00am-3:59am,5,5,3,3:00am-3:59am,16,16,88,"Not Applicable (Not Transported) ",88,Not Applicable (Not Transported),,,,,,,1,1
2020,26,260725,Michigan,1,1,0,0,0,1,1,147,ST. CLAIR (147),0,NOT APPLICABLE,19,19,10,October,2020,2,Monday,21,9:00pm-9:59pm,47,47,0,This section IS NOT on the NHS,1,Rural,5,Major Collector,1,State Highway Agency,3,State Highway,SR-136 BEARD RD,NORTH RD,124,124,43.04485556,43.04485556,-82.524294440,-82.524294440,0,No Special Jurisdiction,91,Unknown Object Not Fixed,0,The First Harmful Event was Not a Collision with a Motor Vehicle in Transport,0,No,3,Intersection-Related,3,T-Intersection,0,None,,,4,On Roadside,3,Dark - Lighted,,,,,2,Rain,0,No,0000000,Not Applicable,21,9:00pm-9:59pm,51,51,21,9:00pm-9:59pm,57,57,88,"Not Applicable (Not Transported) ",88,Not Applicable (Not Transported),,,,,,,1,1
2020,26,260726,Michigan,2,2,0,0,0,3,3,149,ST JOSEPH (149),0,NOT APPLICABLE,13,13,10,October,2020,3,Tuesday,12,12:00pm-12:59pm,45,45,1,This section IS ON the NHS,1,Rural,3,Principal Arterial - Other,1,State Highway Agency,2,U.S. Highway,US-12,,216,216,41.80209722,41.80209722,-85.346852780,-85.346852780,0,No Special Jurisdiction,12,Motor Vehicle In-Transport,2,Front-to-Front,0,No,1,Non-Junction,1,Not an Intersection,0,None,,,1,On Roadway,1,Daylight,,,,,1,Clear,0,No,0000000,Not Applicable,12,12:00pm-12:59pm,49,49,13,1:00pm-1:59pm,10,10,99,Unknown,99,Unknown EMS Hospital Arrival Time,,,,,,,1,0
2020,26,260727,Michigan,2,2,0,0,0,2,2,165,WEXFORD (165),0,NOT APPLICABLE,19,19,10,October,2020,2,Monday,21,9:00pm-9:59pm,30,30,1,This section IS ON the NHS,1,Rural,3,Principal Arterial - Other,1,State Highway Agency,3,State Highway,SR-37,W 16 RD,20,20,44.41014167,44.41014167,-85.699177780,-85.699177780,0,No Special Jurisdiction,12,Motor Vehicle In-Transport,6,Angle,0,No,2,Intersection,2,Four-Way Intersection,0,None,,,1,On Roadway,2,Dark - Not Lighted,,,,,2,Rain,0,No,0000000,Not Applicable,21,9:00pm-9:59pm,33,33,21,9:00pm-9:59pm,48,48,88,"Not Applicable (Not Transported) ",88,Not Applicable (Not Transported),,,,,,,1,0
2020,26,260728,Michigan,2,2,0,0,0,2,2,67,IONIA (67),0,NOT APPLICABLE,14,14,10,October,2020,4,Wednesday,10,10:00am-10:59am,50,50,0,This section IS NOT on the NHS,1,Rural,4,Minor Arterial,1,State Highway Agency,3,State Highway,SR-21 BLUEWATER HWY,HAWLEY HWY,51,51,42.93828056,42.93828056,-85.213813890,-85.213813890,0,No Special Jurisdiction,12,Motor Vehicle In-Transport,6,Angle,0,No,2,Intersection,2,Four-Way Intersection,0,None,,,1,On Roadway,1,Daylight,,,,,10,Cloudy,0,No,0000000,Not Applicable,99,Unknown,99,Unknown,99,Unknown EMS Scene Arrival Hour,99,Unknown EMS Scene Arrival Minutes,88,"Not Applicable (Not Transported) ",88,Not Applicable (Not Transported),,,,,,,1,0
2020,26,260729,Michigan,1,1,0,1,1,1,1,125,OAKLAND (125),0,NOT APPLICABLE,21,21,10,October,2020,4,Wednesday,5,5:00am-5:59am,56,56,1,This section IS ON the NHS,2,Urban,3,Principal Arterial - Other,1,State Highway Agency,3,State Highway,SR-59 HIGHLAND RD,,110,110,42.65612500,42.65612500,-83.474783330,-83.474783330,0,No Special Jurisdiction,8,Pedestrian,0,The First Harmful Event was Not a Collision with a Motor Vehicle in Transport,0,No,1,Non-Junction,1,Not an Intersection,0,None,,,1,On Roadway,2,Dark - Not Lighted,,,,,2,Rain,0,No,0000000,Not Applicable,99,Unknown,99,Unknown,99,Unknown EMS Scene Arrival Hour,99,Unknown EMS Scene Arrival Minutes,88,"Not Applicable (Not Transported) ",88,Not Applicable (Not Transported),,,,,,,1,0
2020,26,260730,Michigan,1,1,0,0,0,2,2,5,ALLEGAN (5),0,NOT APPLICABLE,25,25,10,October,2020,1,Sunday,1,1:00am-1:59am,11,11,0,This section IS NOT on the NHS,1,Rural,4,Minor Arterial,1,State Highway Agency,3,State Highway,SR-12TH ST,129TH AVE,5,5,42.63042500,42.63042500,-85.663755560,-85.663755560,0,No Special Jurisdiction,24,Guardrail Face,0,The First Harmful Event was Not a Collision with a Motor Vehicle in Transport,0,No,3,Intersection-Related,2,Four-Way Intersection,0,None,,,4,On Roadside,2,Dark - Not Lighted,,,,,1,Clear,0,No,0000000,Not Applicable,1,1:00am-1:59am,14,14,1,1:00am-1:59am,23,23,99,Unknown,99,Unknown EMS Hospital Arrival Time,,,,,,,1,1
2020,26,260731,Michigan,1,1,0,1,1,1,1,75,JACKSON (75),0,NOT APPLICABLE,14,14,10,October,2020,4,Wednesday,7,7:00am-7:59am,38,38,0,This section IS NOT on the NHS,1,Rural,7,Local,2,County Highway Agency,4,County Road,CR-GIBBS,,46,46,42.30547222,42.30547222,-84.678966670,-84.678966670,0,No Special Jurisdiction,8,Pedestrian,0,The First Harmful Event was Not a Collision with a Motor Vehicle in Transport,0,No,1,Non-Junction,1,Not an Intersection,0,None,,,1,On Roadway,4,Dawn,,,,,10,Cloudy,0,No,0000000,Not Applicable,99,Unknown,99,Unknown,99,Unknown EMS Scene Arrival Hour,99,Unknown EMS Scene Arrival Minutes,99,Unknown,99,Unknown EMS Hospital Arrival Time,,,,,,,1,0
2020,26,260732,Michigan,2,2,0,0,0,2,2,145,SAGINAW (145),0,NOT APPLICABLE,9,9,10,October,2020,6,Friday,20,8:00pm-8:59pm,34,34,0,This section IS NOT on the NHS,1,Rural,4,Minor Arterial,1,State Highway Agency,3,State Highway,SR-13 ALBEE RD,EAST RD,19,19,43.26631944,43.26631944,-83.952511110,-83.952511110,0,No Special Jurisdiction,12,Motor Vehicle In-Transport,6,Angle,0,No,2,Intersection,3,T-Intersection,0,None,,,1,On Roadway,2,Dark - Not Lighted,,,,,1,Clear,0,No,0000000,Not Applicable,99,Unknown,99,Unknown,99,Unknown EMS Scene Arrival Hour,99,Unknown EMS Scene Arrival Minutes,88,"Not Applicable (Not Transported) ",88,Not Applicable (Not Transported),,,,,,,1,0
2020,26,260733,Michigan,2,2,0,0,0,7,7,103,MARQUETTE (103),0,NOT APPLICABLE,23,23,10,October,2020,6,Friday,17,5:00pm-5:59pm,30,30,0,This section IS NOT on the NHS,2,Urban,4,Minor Arterial,1,State Highway Agency,3,State Highway,SR-553,,170,170,46.50879444,46.50879444,-87.419961110,-87.419961110,0,No Special Jurisdiction,12,Motor Vehicle In-Transport,6,Angle,0,No,1,Non-Junction,1,Not an Intersection,0,None,,,1,On Roadway,1,Daylight,,,,,4,Snow,0,No,0000000,Not Applicable,99,Unknown,99,Unknown,99,Unknown EMS Scene Arrival Hour,99,Unknown EMS Scene Arrival Minutes,99,Unknown,99,Unknown EMS Hospital Arrival Time,,,,,,,1,1
2020,26,260734,Michigan,1,1,0,0,0,2,2,67,IONIA (67),0,NOT APPLICABLE,14,14,10,October,2020,4,Wednesday,21,9:00pm-9:59pm,40,40,0,This section IS NOT on the NHS,1,Rural,5,Major Collector,2,County Highway Agency,4,County Road,CR-SAYLES RD,,7,7,42.96582778,42.96582778,-85.296350000,-85.296350000,0,No Special Jurisdiction,1,Rollover/Overturn,0,The First Harmful Event was Not a Collision with a Motor Vehicle in Transport,0,No,1,Non-Junction,1,Not an Intersection,0,None,,,1,On Roadway,2,Dark - Not Lighted,,,,,1,Clear,0,No,0000000,Not Applicable,21,9:00pm-9:59pm,45,45,21,9:00pm-9:59pm,59,59,99,Unknown,99,Unknown EMS Hospital Arrival Time,,,,,,,1,0
2020,26,260735,Michigan,2,2,0,2,2,1,1,49,GENESEE (49),0,NOT APPLICABLE,26,26,10,October,2020,2,Monday,3,3:00am-3:59am,12,12,1,This section IS ON the NHS,1,Rural,1,Interstate,1,State Highway Agency,1,Interstate,I-69,,25,25,42.96461389,42.96461389,-83.879244440,-83.879244440,0,No Special Jurisdiction,8,Pedestrian,0,The First Harmful Event was Not a Collision with a Motor Vehicle in Transport,0,No,1,Non-Junction,1,Not an Intersection,0,None,,,1,On Roadway,2,Dark - Not Lighted,,,,,10,Cloudy,0,No,0000000,Not Applicable,99,Unknown,99,Unknown,99,Unknown EMS Scene Arrival Hour,99,Unknown EMS Scene Arrival Minutes,99,Unknown,99,Unknown EMS Hospital Arrival Time,,,,,,,1,0
2020,26,260736,Michigan,2,2,0,0,0,2,2,139,OTTAWA (139),0,NOT APPLICABLE,16,16,10,October,2020,6,Friday,7,7:00am-7:59am,20,20,1,This section IS ON the NHS,2,Urban,3,Principal Arterial - Other,1,State Highway Agency,3,State Highway,SR-121 CHICAGO DR,,121,121,42.90310278,42.90310278,-85.791405560,-85.791405560,0,No Special Jurisdiction,12,Motor Vehicle In-Transport,2,Front-to-Front,0,No,1,Non-Junction,1,Not an Intersection,0,None,,,1,On Roadway,4,Dawn,,,,,1,Clear,0,No,0000000,Not Applicable,7,7:00am-7:59am,20,20,7,7:00am-7:59am,25,25,99,Unknown,99,Unknown EMS Hospital Arrival Time,,,,,,,1,0
2020,26,260737,Michigan,2,2,0,0,0,3,3,65,INGHAM (65),0,NOT APPLICABLE,16,16,10,October,2020,6,Friday,17,5:00pm-5:59pm,38,38,0,This section IS NOT on the NHS,1,Rural,4,Minor Arterial,2,County Highway Agency,4,County Road,CR-COLUMBIA RD,EDGAR RD,51,51,42.58226111,42.58226111,-84.503197220,-84.503197220,0,No Special Jurisdiction,12,Motor Vehicle In-Transport,6,Angle,0,No,2,Intersection,2,Four-Way Intersection,0,None,,,1,On Roadway,1,Daylight,,,,,10,Cloudy,0,No,0000000,Not Applicable,17,5:00pm-5:59pm,38,38,17,5:00pm-5:59pm,45,45,99,Unknown,99,Unknown EMS Hospital Arrival Time,,,,,,,1,0
2020,26,260738,Michigan,2,1,1,0,0,1,1,121,MUSKEGON (121),3450,MUSKEGON,12,12,10,October,2020,2,Monday,15,3:00pm-3:59pm,21,21,0,This section IS NOT on the NHS,2,Urban,5,Major Collector,4,City or Municipal Highway Agency,6,Local Street - Municipality,7TH ST,,6,6,43.22889167,43.22889167,-86.255027780,-86.255027780,0,No Special Jurisdiction,42,Tree (Standing Only),0,The First Harmful Event was Not a Collision with a Motor Vehicle in Transport,0,No,1,Non-Junction,1,Not an Intersection,0,None,,,4,On Roadside,1,Daylight,,,,,10,Cloudy,0,No,0000000,Not Applicable,99,Unknown,99,Unknown,99,Unknown EMS Scene Arrival Hour,99,Unknown EMS Scene Arrival Minutes,88,"Not Applicable (Not Transported) ",88,Not Applicable (Not Transported),,,,,,,1,0
2020,26,260739,Michigan,2,2,0,0,0,5,5,99,MACOMB (99),1810,FRASER,16,16,10,October,2020,6,Friday,15,3:00pm-3:59pm,20,20,0,This section IS NOT on the NHS,2,Urban,4,Minor Arterial,2,County Highway Agency,4,County Road,CR-16 MILE RD,GARFIELD RD,70,70,42.55355833,42.55355833,-82.950350000,-82.950350000,0,No Special Jurisdiction,12,Motor Vehicle In-Transport,6,Angle,0,No,2,Intersection,2,Four-Way Intersection,0,None,,,1,On Roadway,1,Daylight,,,,,1,Clear,0,No,0000000,Not Applicable,15,3:00pm-3:59pm,21,21,15,3:00pm-3:59pm,28,28,99,Unknown,99,Unknown EMS Hospital Arrival Time,,,,,,,1,0
2020,26,260740,Michigan,2,2,0,0,0,2,2,93,LIVINGSTON (93),0,NOT APPLICABLE,19,19,10,October,2020,2,Monday,14,2:00pm-2:59pm,56,56,0,This section IS NOT on the NHS,1,Rural,6,Minor Collector,2,County Highway Agency,4,County Road,CR-GRAND RIIVER AVE,CEMETERY RD,9,9,42.66078056,42.66078056,-84.053761110,-84.053761110,0,No Special Jurisdiction,12,Motor Vehicle In-Transport,6,Angle,0,No,2,Intersection,2,Four-Way Intersection,0,None,,,1,On Roadway,1,Daylight,,,,,10,Cloudy,0,No,0000000,Not Applicable,14,2:00pm-2:59pm,57,57,15,3:00pm-3:59pm,4,4,88,"Not Applicable (Not Transported) ",88,Not Applicable (Not Transported),,,,,,,1,0
2020,26,260741,Michigan,1,1,0,0,0,3,3,77,KALAMAZOO (77),4200,RICHLAND,20,20,10,October,2020,3,Tuesday,5,5:00am-5:59am,12,12,0,This section IS NOT on the NHS,1,Rural,4,Minor Arterial,1,State Highway Agency,3,State Highway,SR-89 RICHPLAIN RD,,4,4,42.41675000,42.41675000,-85.519411110,-85.519411110,0,No Special Jurisdiction,42,Tree (Standing Only),0,The First Harmful Event was Not a Collision with a Motor Vehicle in Transport,0,No,1,Non-Junction,1,Not an Intersection,0,None,,,4,On Roadside,4,Dawn,,,,,10,Cloudy,0,No,0000000,Not Applicable,5,5:00am-5:59am,15,15,5,5:00am-5:59am,30,30,88,"Not Applicable (Not Transported) ",88,Not Applicable (Not Transported),,,,,,,1,1
2020,26,260742,Michigan,1,1,0,1,1,2,2,81,KENT (81),2010,GRAND RAPIDS,8,8,10,October,2020,5,Thursday,19,7:00pm-7:59pm,45,45,0,This section IS NOT on the NHS,2,Urban,4,Minor Arterial,2,County Highway Agency,4,County Road,CR-KNAPP ST,,37,37,42.99883056,42.99883056,-85.597516670,-85.597516670,0,No Special Jurisdiction,8,Pedestrian,0,The First Harmful Event was Not a Collision with a Motor Vehicle in Transport,0,No,1,Non-Junction,1,Not an Intersection,0,None,,,1,On Roadway,2,Dark - Not Lighted,,,,,1,Clear,0,No,0000000,Not Applicable,99,Unknown,99,Unknown,99,Unknown EMS Scene Arrival Hour,99,Unknown EMS Scene Arrival Minutes,99,Unknown,99,Unknown EMS Hospital Arrival Time,,,,,,,1,0
2020,26,260743,Michigan,2,2,0,0,0,2,2,163,WAYNE (163),1260,DETROIT,8,8,10,October,2020,5,Thursday,21,9:00pm-9:59pm,40,40,0,This section IS NOT on the NHS,2,Urban,4,Minor Arterial,4,City or Municipal Highway Agency,6,Local Street - Municipality,SPRINGWEELLS BLVD,LONGWORTH,1,1,42.30597778,42.30597778,-83.123277780,-83.123277780,0,No Special Jurisdiction,12,Motor Vehicle In-Transport,6,Angle,0,No,2,Intersection,3,T-Intersection,0,None,,,1,On Roadway,3,Dark - Lighted,,,,,1,Clear,0,No,0000000,Not Applicable,99,Unknown,99,Unknown,99,Unknown EMS Scene Arrival Hour,99,Unknown EMS Scene Arrival Minutes,99,Unknown,99,Unknown EMS Hospital Arrival Time,,,,,,,1,0
2020,26,260744,Michigan,1,1,0,1,1,1,1,35,CLARE (35),0,NOT APPLICABLE,21,21,10,October,2020,4,Wednesday,6,6:00am-6:59am,10,10,0,This section IS NOT on the NHS,1,Rural,4,Minor Arterial,1,State Highway Agency,3,State Highway,SR-61 GLADWIN RD,,257,257,43.98877500,43.98877500,-84.611030560,-84.611030560,0,No Special Jurisdiction,8,Pedestrian,0,The First Harmful Event was Not a Collision with a Motor Vehicle in Transport,0,No,1,Non-Junction,1,Not an Intersection,0,None,,,1,On Roadway,2,Dark - Not Lighted,,,,,2,Rain,0,No,0000000,Not Applicable,6,6:00am-6:59am,13,13,6,6:00am-6:59am,21,21,88,"Not Applicable (Not Transported) ",88,Not Applicable (Not Transported),,,,,,,1,0
2020,26,260745,Michigan,2,2,0,0,0,4,4,99,MACOMB (99),5110,WARREN,5,5,10,October,2020,2,Monday,12,12:00pm-12:59pm,40,40,0,This section IS NOT on the NHS,2,Urban,4,Minor Arterial,4,City or Municipal Highway Agency,6,Local Street - Municipality,HOOVER RD,,45,45,42.51384722,42.51384722,-83.007236110,-83.007236110,0,No Special Jurisdiction,12,Motor Vehicle In-Transport,2,Front-to-Front,0,No,1,Non-Junction,1,Not an Intersection,0,None,,,1,On Roadway,1,Daylight,,,,,1,Clear,0,No,0000000,Not Applicable,99,Unknown,99,Unknown,99,Unknown EMS Scene Arrival Hour,99,Unknown EMS Scene Arrival Minutes,99,Unknown,99,Unknown EMS Hospital Arrival Time,,,,,,,1,0
2020,26,260746,Michigan,2,2,0,0,0,2,2,123,NEWAYGO (123),0,NOT APPLICABLE,22,22,10,October,2020,5,Thursday,7,7:00am-7:59am,30,30,0,This section IS NOT on the NHS,1,Rural,5,Major Collector,2,County Highway Agency,4,County Road,CR-SPRUCE AVE,120TH ST,29,29,43.33675000,43.33675000,-85.741277780,-85.741277780,0,No Special Jurisdiction,12,Motor Vehicle In-Transport,6,Angle,0,No,2,Intersection,2,Four-Way Intersection,0,None,,,1,On Roadway,2,Dark - Not Lighted,,,,,2,Rain,0,No,0000000,Not Applicable,7,7:00am-7:59am,22,22,7,7:00am-7:59am,45,45,88,"Not Applicable (Not Transported) ",88,Not Applicable (Not Transported),,,,,,,1,1
2020,26,260747,Michigan,1,1,0,0,0,1,1,87,LAPEER (87),0,NOT APPLICABLE,25,25,10,October,2020,1,Sunday,8,8:00am-8:59am,43,43,0,This section IS NOT on the NHS,1,Rural,5,Major Collector,2,County Highway Agency,4,County Road,CR-SILVERWOOD RD,,7,7,43.24784722,43.24784722,-83.245341670,-83.245341670,0,No Special Jurisdiction,31,"Post, Pole or Other Supports",0,The First Harmful Event was Not a Collision with a Motor Vehicle in Transport,0,No,1,Non-Junction,1,Not an Intersection,0,None,,,4,On Roadside,9,Reported as Unknown,,,,,99,Reported as Unknown,0,No,0000000,Not Applicable,99,Unknown,99,Unknown,99,Unknown EMS Scene Arrival Hour,99,Unknown EMS Scene Arrival Minutes,88,"Not Applicable (Not Transported) ",88,Not Applicable (Not Transported),,,,,,,1,0
2020,26,260748,Michigan,1,1,0,1,1,3,3,125,OAKLAND (125),4905,TROY,27,27,10,October,2020,3,Tuesday,19,7:00pm-7:59pm,0,0,1,This section IS ON the NHS,2,Urban,3,Principal Arterial - Other,2,County Highway Agency,4,County Road,CR-MAPLE RD,JOHN R RD,192,192,42.54921111,42.54921111,-83.107538890,-83.107538890,0,No Special Jurisdiction,8,Pedestrian,0,The First Harmful Event was Not a Collision with a Motor Vehicle in Transport,0,No,3,Intersection-Related,2,Four-Way Intersection,0,None,,,1,On Roadway,3,Dark - Lighted,,,,,10,Cloudy,0,No,0000000,Not Applicable,19,7:00pm-7:59pm,2,2,19,7:00pm-7:59pm,7,7,99,Unknown,99,Unknown EMS Hospital Arrival Time,,,,,,,1,0
2020,26,260749,Michigan,2,2,0,0,0,2,2,163,WAYNE (163),4270,ROCKWOOD,26,26,10,October,2020,2,Monday,7,7:00am-7:59am,12,12,1,This section IS ON the NHS,2,Urban,1,Interstate,1,State Highway Agency,1,Interstate,I-75,,9,9,42.08070833,42.08070833,-83.243752780,-83.243752780,0,No Special Jurisdiction,20,Impact Attenuator/Crash Cushion,0,The First Harmful Event was Not a Collision with a Motor Vehicle in Transport,1,Yes,19,Other location within Interchange Area,1,Not an Intersection,0,None,,,8,Gore,2,Dark - Not Lighted,,,,,10,Cloudy,0,No,0000000,Not Applicable,99,Unknown,99,Unknown,99,Unknown EMS Scene Arrival Hour,99,Unknown EMS Scene Arrival Minutes,99,Unknown,99,Unknown EMS Hospital Arrival Time,,,,,,,1,0
2020,26,260750,Michigan,2,2,0,1,1,3,3,115,MONROE (115),0,NOT APPLICABLE,30,30,10,October,2020,6,Friday,2,2:00am-2:59am,5,5,1,This section IS ON the NHS,2,Urban,3,Principal Arterial - Other,1,State Highway Agency,2,U.S. Highway,US-24 TELEGRAPH RD,,13,13,41.74645278,41.74645278,-83.536366670,-83.536366670,0,No Special Jurisdiction,12,Motor Vehicle In-Transport,1,Front-to-Rear,0,No,1,Non-Junction,1,Not an Intersection,0,None,,,1,On Roadway,2,Dark - Not Lighted,,,,,10,Cloudy,0,No,0000000,Not Applicable,2,2:00am-2:59am,13,13,2,2:00am-2:59am,18,18,99,Unknown,99,Unknown EMS Hospital Arrival Time,,,,,,,1,1
2020,26,260751,Michigan,2,2,0,0,0,3,3,49,GENESEE (49),1731,FLINT TOWNSHIP,21,21,10,October,2020,4,Wednesday,17,5:00pm-5:59pm,50,50,1,This section IS ON the NHS,2,Urban,3,Principal Arterial - Other,2,County Highway Agency,4,County Road,CR-MILLER RD,CLAUDE AVE,101,101,42.98854167,42.98854167,-83.741169440,-83.741169440,0,No Special Jurisdiction,12,Motor Vehicle In-Transport,6,Angle,0,No,2,Intersection,3,T-Intersection,0,None,,,1,On Roadway,1,Daylight,,,,,1,Clear,0,No,0000000,Not Applicable,99,Unknown,99,Unknown,99,Unknown EMS Scene Arrival Hour,99,Unknown EMS Scene Arrival Minutes,99,Unknown,99,Unknown EMS Hospital Arrival Time,,,,,,,1,0
2020,26,260752,Michigan,2,2,0,0,0,3,3,93,LIVINGSTON (93),0,NOT APPLICABLE,28,28,10,October,2020,4,Wednesday,11,11:00am-11:59am,57,57,1,This section IS ON the NHS,2,Urban,3,Principal Arterial - Other,2,County Highway Agency,4,County Road,CR-GRAND RIVER AVE,MERIDIAN RD,244,244,42.51808611,42.51808611,-83.745738890,-83.745738890,0,No Special Jurisdiction,12,Motor Vehicle In-Transport,6,Angle,0,No,2,Intersection,98,Not Reported,0,None,,,1,On Roadway,1,Daylight,,,,,1,Clear,0,No,0000000,Not Applicable,11,11:00am-11:59am,58,58,12,12:00pm-12:59pm,14,14,99,Unknown,99,Unknown EMS Hospital Arrival Time,,,,,,,1,0
2020,26,260753,Michigan,2,2,0,0,0,3,3,99,MACOMB (99),4521,SHELBY,17,17,10,October,2020,7,Saturday,20,8:00pm-8:59pm,34,34,0,This section IS NOT on the NHS,2,Urban,4,Minor Arterial,2,County Highway Agency,4,County Road,CR-MOUND RD,,29,29,42.70126944,42.70126944,-83.054633330,-83.054633330,0,No Special Jurisdiction,12,Motor Vehicle In-Transport,2,Front-to-Front,0,No,1,Non-Junction,1,Not an Intersection,0,None,,,1,On Roadway,3,Dark - Lighted,,,,,1,Clear,0,No,0000000,Not Applicable,20,8:00pm-8:59pm,41,41,20,8:00pm-8:59pm,43,43,99,Unknown,99,Unknown EMS Hospital Arrival Time,,,,,,,1,1
2020,26,260754,Michigan,2,2,0,0,0,3,3,125,OAKLAND (125),0,NOT APPLICABLE,18,18,10,October,2020,1,Sunday,3,3:00am-3:59am,13,13,1,This section IS ON the NHS,2,Urban,1,Interstate,1,State Highway Agency,1,Interstate,I-75,,269,269,42.71101389,42.71101389,-83.335230560,-83.335230560,0,No Special Jurisdiction,12,Motor Vehicle In-Transport,1,Front-to-Rear,0,No,1,Non-Junction,1,Not an Intersection,0,None,,,1,On Roadway,2,Dark - Not Lighted,,,,,1,Clear,0,No,0000000,Not Applicable,99,Unknown,99,Unknown,99,Unknown EMS Scene Arrival Hour,99,Unknown EMS Scene Arrival Minutes,99,Unknown,99,Unknown EMS Hospital Arrival Time,,,,,,,1,1