caseyear,state,st_case,statename,ve_total,ve_forms,pvh_invl,peds,pernotmvit,permvit,persons,county,countyname,city,cityname,day,dayname,month,monthname,year,day_week,day_weekname,hour,hourname,minute,minutename,nhs,nhsname,rur_urb,rur_urbname,func_sys,func_sysname,rd_owner,rd_ownername,route,routename,tway_id,tway_id2,milept,mileptname,latitude,latitudename,longitud,longitudname,sp_jur,sp_jurname,harm_ev,harm_evname,man_coll,man_collname,reljct1,reljct1name,reljct2,reljct2name,typ_int,typ_intname,wrk_zone,wrk_zonename,road_fnc,road_fncname,rel_road,rel_roadname,lgt_cond,lgt_condname,weather1,weather1name,weather2,weather2name,weather,weathername,sch_bus,sch_busname,rail,railname,not_hour,not_hourname,not_min,not_minname,arr_hour,arr_hourname,arr_min,arr_minname,hosp_hr,hosp_hrname,hosp_mn,hosp_mnname,cf1,cf1name,cf2,cf2name,cf3,cf3name,fatals,drunk_dr
2020,26,260862,Michigan,1,1,0,1,1,1,1,121,MUSKEGON (121),0,NOT APPLICABLE,1,1,12,December,2020,3,Tuesday,17,5:00pm-5:59pm,52,52,0,This section IS NOT on the NHS,2,Urban,7,Local,2,County Highway Agency,4,County Road,CR-N BEAR LAKE RD,,11,11,43.25810000,43.25810000,-86.292405560,-86.292405560,0,No Special Jurisdiction,8,Pedestrian,0,The First Harmful Event was Not a Collision with a Motor Vehicle in Transport,0,No,1,Non-Junction,1,Not an Intersection,0,None,,,1,On Roadway,2,Dark - Not Lighted,,,,,1,Clear,0,No,0000000,Not Applicable,17,5:00pm-5:59pm,52,52,18,6:00pm-6:59pm,3,3,99,Unknown,99,Unknown EMS Hospital Arrival Time,,,,,,,1,0
2020,26,260863,Michigan,1,1,0,1,1,1,1,99,MACOMB (99),919,CHESTERFIELD TOWNSHIP,5,5,12,December,2020,7,Saturday,23,11:00pm-11:59pm,24,24,1,This section IS ON the NHS,2,Urban,3,Principal Arterial - Other,2,County Highway Agency,4,County Road,CR-23 MILE RD,,134,134,42.67480833,42.67480833,-82.835038890,-82.835038890,0,No Special Jurisdiction,8,Pedestrian,0,The First Harmful Event was Not a Collision with a Motor Vehicle in Transport,0,No,1,Non-Junction,1,Not an Intersection,0,None,,,1,On Roadway,3,Dark - Lighted,,,,,1,Clear,0,No,0000000,Not Applicable,23,11:00pm-11:59pm,25,25,23,11:00pm-11:59pm,29,29,88,"Not Applicable (Not Transported) ",88,Not Applicable (Not Transported),,,,,,,1,0
2020,26,260864,Michigan,1,1,0,0,0,2,2,29,CHARLEVOIX (29),0,NOT APPLICABLE,6,6,12,December,2020,1,Sunday,21,9:00pm-9:59pm,28,28,0,This section IS NOT on the NHS,1,Rural,7,Local,2,County Highway Agency,4,County Road,CR-CAMP DAGGETT RD,,20,20,45.30167778,45.30167778,-85.058966670,-85.058966670,0,No Special Jurisdiction,1,Rollover/Overturn,0,The First Harmful Event was Not a Collision with a Motor Vehicle in Transport,0,No,1,Non-Junction,1,Not an Intersection,0,None,,,5,Outside Trafficway,2,Dark - Not Lighted,,,,,1,Clear,0,No,0000000,Not Applicable,21,9:00pm-9:59pm,28,28,21,9:00pm-9:59pm,29,29,99,Unknown,99,Unknown EMS Hospital Arrival Time,,,,,,,1,0
2020,26,260865,Michigan,1,1,0,3,3,1,1,163,WAYNE (163),1260,DETROIT,4,4,12,December,2020,6,Friday,23,11:00pm-11:59pm,24,24,1,This section IS ON the NHS,2,Urban,3,Principal Arterial - Other,1,State Highway Agency,3,State Highway,SR- GRATIOT AVE,,61,61,42.40631111,42.40631111,-82.996569440,-82.996569440,0,No Special Jurisdiction,33,Curb,0,The First Harmful Event was Not a Collision with a Motor Vehicle in Transport,0,No,1,Non-Junction,1,Not an Intersection,0,None,,,4,On Roadside,2,Dark - Not Lighted,,,,,10,Cloudy,0,No,0000000,Not Applicable,99,Unknown,99,Unknown,99,Unknown EMS Scene Arrival Hour,99,Unknown EMS Scene Arrival Minutes,99,Unknown,99,Unknown EMS Hospital Arrival Time,,,,,,,1,1
2020,26,260866,Michigan,2,2,0,0,0,3,3,149,ST JOSEPH (149),0,NOT APPLICABLE,9,9,12,December,2020,4,Wednesday,4,4:00am-4:59am,30,30,1,This section IS ON the NHS,1,Rural,3,Principal Arterial - Other,1,State Highway Agency,2,U.S. Highway,US-12,,210,210,41.79888056,41.79888056,-85.359338890,-85.359338890,0,No Special Jurisdiction,12,Motor Vehicle In-Transport,6,Angle,0,No,1,Non-Junction,1,Not an Intersection,0,None,,,1,On Roadway,2,Dark - Not Lighted,,,,,10,Cloudy,0,No,0000000,Not Applicable,4,4:00am-4:59am,33,33,4,4:00am-4:59am,41,41,99,Unknown,99,Unknown EMS Hospital Arrival Time,,,,,,,2,0
2020,26,260867,Michigan,1,1,0,1,1,1,1,155,SHIAWASSEE (155),0,NOT APPLICABLE,9,9,12,December,2020,4,Wednesday,18,6:00pm-6:59pm,1,1,0,This section IS NOT on the NHS,2,Urban,4,Minor Arterial,1,State Highway Agency,3,State Highway,SR-21,,118,118,42.99801944,42.99801944,-84.133705560,-84.133705560,0,No Special Jurisdiction,9,Pedalcyclist,0,The First Harmful Event was Not a Collision with a Motor Vehicle in Transport,0,No,1,Non-Junction,1,Not an Intersection,0,None,,,1,On Roadway,2,Dark - Not Lighted,,,,,1,Clear,0,No,0000000,Not Applicable,18,6:00pm-6:59pm,0,0,18,6:00pm-6:59pm,7,7,88,"Not Applicable (Not Transported) ",88,Not Applicable (Not Transported),,,,,,,1,0
2020,26,260868,Michigan,2,2,0,0,0,3,3,147,ST. CLAIR (147),0,NOT APPLICABLE,3,3,12,December,2020,5,Thursday,13,1:00pm-1:59pm,40,40,1,This section IS ON the NHS,2,Urban,3,Principal Arterial - Other,1,State Highway Agency,3,State Highway,SR-25 KIMBALL DR,,114,114,43.15230833,43.15230833,-82.502261110,-82.502261110,0,No Special Jurisdiction,12,Motor Vehicle In-Transport,2,Front-to-Front,0,No,8,Driveway Access Related,1,Not an Intersection,0,None,,,1,On Roadway,1,Daylight,,,,,1,Clear,0,No,0000000,Not Applicable,13,1:00pm-1:59pm,41,41,13,1:00pm-1:59pm,50,50,99,Unknown,99,Unknown EMS Hospital Arrival Time,,,,,,,1,0
2020,26,260869,Michigan,1,1,0,1,1,1,1,45,EATON (45),0,NOT APPLICABLE,6,6,12,December,2020,1,Sunday,18,6:00pm-6:59pm,29,29,0,This section IS NOT on the NHS,2,Urban,4,Minor Arterial,2,County Highway Agency,4,County Road,CR-CANAL RD,,139,139,42.73953056,42.73953056,-84.661977780,-84.661977780,0,No Special Jurisdiction,8,Pedestrian,0,The First Harmful Event was Not a Collision with a Motor Vehicle in Transport,0,No,1,Non-Junction,1,Not an Intersection,0,None,,,1,On Roadway,2,Dark - Not Lighted,,,,,1,Clear,0,No,0000000,Not Applicable,18,6:00pm-6:59pm,30,30,18,6:00pm-6:59pm,32,32,99,Unknown,99,Unknown EMS Hospital Arrival Time,,,,,,,1,0
2020,26,260870,Michigan,1,1,0,0,0,2,2,163,WAYNE (163),1260,DETROIT,10,10,12,December,2020,5,Thursday,2,2:00am-2:59am,40,40,1,This section IS ON the NHS,2,Urban,2,Principal Arterial - Other Freeways and Expressways,4,City or Municipal Highway Agency,6,Local Street - Municipality,JOHN C LODGE FWY RAMP 105A,,1,1,42.40536111,42.40536111,-83.161038890,-83.161038890,0,No Special Jurisdiction,58,Ground,0,The First Harmful Event was Not a Collision with a Motor Vehicle in Transport,1,Yes,5,Entrance/Exit Ramp Related,1,Not an Intersection,0,None,,,5,Outside Trafficway,3,Dark - Lighted,,,,,1,Clear,0,No,0000000,Not Applicable,99,Unknown,99,Unknown,99,Unknown EMS Scene Arrival Hour,99,Unknown EMS Scene Arrival Minutes,99,Unknown,99,Unknown EMS Hospital Arrival Time,,,,,,,1,0
2020,26,260871,Michigan,1,1,0,1,1,2,2,121,MUSKEGON (121),3615,NORTON SHORES,11,11,12,December,2020,6,Friday,19,7:00pm-7:59pm,58,58,1,This section IS ON the NHS,2,Urban,3,Principal Arterial - Other,1,State Highway Agency,3,State Highway,SR-BR US-31 W SEAWAY DR,W NORTON AVE,32,32,43.19075000,43.19075000,-86.259491670,-86.259491670,0,No Special Jurisdiction,9,Pedalcyclist,0,The First Harmful Event was Not a Collision with a Motor Vehicle in Transport,0,No,3,Intersection-Related,2,Four-Way Intersection,0,None,,,1,On Roadway,3,Dark - Lighted,,,,,2,Rain,0,No,0000000,Not Applicable,99,Unknown,99,Unknown,99,Unknown EMS Scene Arrival Hour,99,Unknown EMS Scene Arrival Minutes,88,"Not Applicable (Not Transported) ",88,Not Applicable (Not Transported),,,,,,,1,0
2020,26,260872,Michigan,5,5,0,0,0,5,5,5,ALLEGAN (5),0,NOT APPLICABLE,10,10,12,December,2020,5,Thursday,13,1:00pm-1:59pm,47,47,1,This section IS ON the NHS,1,Rural,2,Principal Arterial - Other Freeways and Expressways,1,State Highway Agency,2,U.S. Highway,US-31,,65,65,42.51427778,42.51427778,-85.655469440,-85.655469440,0,No Special Jurisdiction,12,Motor Vehicle In-Transport,1,Front-to-Rear,0,No,1,Non-Junction,1,Not an Intersection,0,None,,,1,On Roadway,1,Daylight,,,,,1,Clear,0,No,0000000,Not Applicable,99,Unknown,99,Unknown,99,Unknown EMS Scene Arrival Hour,99,Unknown EMS Scene Arrival Minutes,88,"Not Applicable (Not Transported) ",88,Not Applicable (Not Transported),,,,,,,1,0
2020,26,260873,Michigan,2,2,0,0,0,2,2,163,WAYNE (163),1260,DETROIT,5,5,12,December,2020,7,Saturday,0,0:00am-0:59am,5,5,0,This section IS NOT on the NHS,2,Urban,4,Minor Arterial,2,County Highway Agency,4,County Road,CR-OUTER DR,MOUND RD,19,19,42.44091389,42.44091389,-83.044150000,-83.044150000,0,No Special Jurisdiction,12,Motor Vehicle In-Transport,6,Angle,0,No,2,Intersection,2,Four-Way Intersection,0,None,,,1,On Roadway,3,Dark - Lighted,,,,,1,Clear,0,No,0000000,Not Applicable,99,Unknown,99,Unknown,99,Unknown EMS Scene Arrival Hour,99,Unknown EMS Scene Arrival Minutes,99,Unknown,99,Unknown EMS Hospital Arrival Time,,,,,,,1,0
2020,26,260874,Michigan,1,1,0,1,1,1,1,125,OAKLAND (125),4020,PONTIAC,7,7,12,December,2020,2,Monday,17,5:00pm-5:59pm,48,48,0,This section IS NOT on the NHS,2,Urban,3,Principal Arterial - Other,1,State Highway Agency,3,State Highway,SR-24/I-75 BR  PERRY ST,,16,16,42.65635278,42.65635278,-83.276822220,-83.276822220,0,No Special Jurisdiction,8,Pedestrian,0,The First Harmful Event was Not a Collision with a Motor Vehicle in Transport,0,No,1,Non-Junction,1,Not an Intersection,0,None,,,1,On Roadway,3,Dark - Lighted,,,,,1,Clear,0,No,0000000,Not Applicable,17,5:00pm-5:59pm,50,50,18,6:00pm-6:59pm,4,4,99,Unknown,99,Unknown EMS Hospital Arrival Time,,,,,,,1,0
2020,26,260875,Michigan,1,1,0,1,1,1,1,125,OAKLAND (125),5113,WATERFORD,11,11,12,December,2020,6,Friday,19,7:00pm-7:59pm,20,20,1,This section IS ON the NHS,2,Urban,3,Principal Arterial - Other,1,State Highway Agency,3,State Highway,SR-59 HIGHLAND RD,,146,146,42.65993056,42.65993056,-83.404066670,-83.404066670,0,No Special Jurisdiction,8,Pedestrian,0,The First Harmful Event was Not a Collision with a Motor Vehicle in Transport,0,No,1,Non-Junction,1,Not an Intersection,0,None,,,1,On Roadway,2,Dark - Not Lighted,,,,,1,Clear,0,No,0000000,Not Applicable,19,7:00pm-7:59pm,19,19,19,7:00pm-7:59pm,23,23,88,"Not Applicable (Not Transported) ",88,Not Applicable (Not Transported),,,,,,,1,0
2020,26,260876,Michigan,1,1,0,0,0,1,1,93,LIVINGSTON (93),0,NOT APPLICABLE,11,11,12,December,2020,6,Friday,23,11:00pm-11:59pm,35,35,0,This section IS NOT on the NHS,1,Rural,5,Major Collector,2,County Highway Agency,4,County Road,CR-FOWLERVILLE RD,ALLEN RD,59,59,42.68524722,42.68524722,-84.074761110,-84.074761110,0,No Special Jurisdiction,42,Tree (Standing Only),0,The First Harmful Event was Not a Collision with a Motor Vehicle in Transport,0,No,3,Intersection-Related,2,Four-Way Intersection,0,None,,,4,On Roadside,2,Dark - Not Lighted,,,,,2,Rain,0,No,0000000,Not Applicable,23,11:00pm-11:59pm,39,39,23,11:00pm-11:59pm,48,48,88,"Not Applicable (Not Transported) ",88,Not Applicable (Not Transported),,,,,,,1,1
2020,26,260877,Michigan,2,2,0,0,0,7,7,65,INGHAM (65),0,NOT APPLICABLE,13,13,12,December,2020,1,Sunday,14,2:00pm-2:59pm,55,55,0,This section IS NOT on the NHS,1,Rural,6,Minor Collector,2,County Highway Agency,4,County Road,CR-BROGAN RD,,6,6,42.46265833,42.46265833,-84.164297220,-84.164297220,0,No Special Jurisdiction,12,Motor Vehicle In-Transport,2,Front-to-Front,0,No,1,Non-Junction,1,Not an Intersection,0,None,,,1,On Roadway,1,Daylight,,,,,10,Cloudy,0,No,0000000,Not Applicable,14,2:00pm-2:59pm,54,54,14,2:00pm-2:59pm,58,58,99,Unknown,99,Unknown EMS Hospital Arrival Time,,,,,,,1,0
2020,26,260878,Michigan,2,2,0,0,0,2,2,5,ALLEGAN (5),0,NOT APPLICABLE,15,15,12,December,2020,3,Tuesday,18,6:00pm-6:59pm,19,19,0,This section IS NOT on the NHS,1,Rural,5,Major Collector,2,County Highway Agency,4,County Road,CR-135TH AVE,4TH ST,105,105,42.67428056,42.67428056,-85.584450000,-85.584450000,0,No Special Jurisdiction,12,Motor Vehicle In-Transport,6,Angle,0,No,2,Intersection,2,Four-Way Intersection,0,None,,,1,On Roadway,2,Dark - Not Lighted,,,,,10,Cloudy,0,No,0000000,Not Applicable,18,6:00pm-6:59pm,19,19,18,6:00pm-6:59pm,28,28,88,"Not Applicable (Not Transported) ",88,Not Applicable (Not Transported),,,,,,,1,0
2020,26,260879,Michigan,2,2,0,0,0,3,3,99,MACOMB (99),3500,NEW BALTIMORE,11,11,12,December,2020,6,Friday,10,10:00am-10:59am,26,26,0,This section IS NOT on the NHS,2,Urban,4,Minor Arterial,1,State Highway Agency,3,State Highway,SR-29 GREEN ST,ASHLEY ST,187,187,42.68393889,42.68393889,-82.732750000,-82.732750000,0,No Special Jurisdiction,12,Motor Vehicle In-Transport,6,Angle,0,No,2,Intersection,2,Four-Way Intersection,0,None,,,1,On Roadway,1,Daylight,,,,,1,Clear,0,No,0000000,Not Applicable,99,Unknown,99,Unknown,99,Unknown EMS Scene Arrival Hour,99,Unknown EMS Scene Arrival Minutes,99,Unknown,99,Unknown EMS Hospital Arrival Time,,,,,,,1,0
2020,26,260880,Michigan,2,2,0,1,1,3,3,107,MECOSTA (107),0,NOT APPLICABLE,27,27,8,August,2020,5,Thursday,22,10:00pm-10:59pm,22,22,0,This section IS NOT on the NHS,1,Rural,4,Minor Arterial,1,State Highway Agency,3,State Highway,SR-20 9 MILE RD,,60,60,43.59639722,43.59639722,-85.139825000,-85.139825000,0,No Special Jurisdiction,8,Pedestrian,0,The First Harmful Event was Not a Collision with a Motor Vehicle in Transport,0,No,1,Non-Junction,1,Not an Intersection,0,None,,,1,On Roadway,3,Dark - Lighted,,,,,10,Cloudy,0,No,0000000,Not Applicable,99,Unknown,99,Unknown,99,Unknown EMS Scene Arrival Hour,99,Unknown EMS Scene Arrival Minutes,88,"Not Applicable (Not Transported) ",88,Not Applicable (Not Transported),,,,,,,1,0
2020,26,260881,Michigan,1,1,0,0,0,2,2,155,SHIAWASSEE (155),0,NOT APPLICABLE,13,13,12,December,2020,1,Sunday,23,11:00pm-11:59pm,50,50,0,This section IS NOT on the NHS,1,Rural,7,Local,2,County Highway Agency,4,County Road,CR-N HINTZ,,29,29,43.04373611,43.04373611,-84.148097220,-84.148097220,0,No Special Jurisdiction,32,Culvert,0,The First Harmful Event was Not a Collision with a Motor Vehicle in Transport,0,No,1,Non-Junction,1,Not an Intersection,0,None,,,4,On Roadside,2,Dark - Not Lighted,,,,,1,Clear,0,No,0000000,Not Applicable,23,11:00pm-11:59pm,52,52,23,11:00pm-11:59pm,59,59,99,Unknown,99,Unknown EMS Hospital Arrival Time,,,,,,,1,0
2020,26,260882,Michigan,2,2,0,0,0,3,3,163,WAYNE (163),1260,DETROIT,14,14,12,December,2020,2,Monday,1,1:00am-1:59am,40,40,1,This section IS ON the NHS,2,Urban,1,Interstate,1,State Highway Agency,1,Interstate,I-94,,345,345,42.40595556,42.40595556,-82.956922220,-82.956922220,0,No Special Jurisdiction,12,Motor Vehicle In-Transport,1,Front-to-Rear,0,No,1,Non-Junction,1,Not an Intersection,0,None,,,1,On Roadway,2,Dark - Not Lighted,,,,,1,Clear,0,No,0000000,Not Applicable,99,Unknown,99,Unknown,99,Unknown EMS Scene Arrival Hour,99,Unknown EMS Scene Arrival Minutes,99,Unknown,99,Unknown EMS Hospital Arrival Time,,,,,,,3,1
2020,26,260883,Michigan,2,2,0,0,0,4,4,163,WAYNE (163),2850,LIVONIA,16,16,12,December,2020,4,Wednesday,16,4:00pm-4:59pm,27,27,1,This section IS ON the NHS,2,Urban,3,Principal Arterial - Other,2,County Highway Agency,4,County Road,CR-SEVEN MILE RD,,45,45,42.42687500,42.42687500,-83.343650000,-83.343650000,0,No Special Jurisdiction,12,Motor Vehicle In-Transport,6,Angle,0,No,1,Non-Junction,1,Not an Intersection,0,None,,,1,On Roadway,2,Dark - Not Lighted,,,,,4,Snow,0,No,0000000,Not Applicable,16,4:00pm-4:59pm,28,28,16,4:00pm-4:59pm,34,34,99,Unknown,99,Unknown EMS Hospital Arrival Time,,,,,,,1,0
2020,26,260884,Michigan,1,1,0,0,0,1,1,163,WAYNE (163),4900,TRENTON,13,13,12,December,2020,1,Sunday,3,3:00am-3:59am,26,26,0,This section IS NOT on the NHS,2,Urban,7,Local,4,City or Municipal Highway Agency,6,Local Street - Municipality,RIVERSIDE DR,TRUAX ST,8,8,42.14851111,42.14851111,-83.174855560,-83.174855560,0,No Special Jurisdiction,33,Curb,0,The First Harmful Event was Not a Collision with a Motor Vehicle in Transport,0,No,3,Intersection-Related,3,T-Intersection,0,None,,,4,On Roadside,2,Dark - Not Lighted,,,,,1,Clear,0,No,0000000,Not Applicable,3,3:00am-3:59am,31,31,3,3:00am-3:59am,35,35,99,Unknown,99,Unknown EMS Hospital Arrival Time,,,,,,,1,0
2020,26,260885,Michigan,2,2,0,0,0,5,5,37,CLINTON (37),1360,EAGLE,16,16,12,December,2020,4,Wednesday,15,3:00pm-3:59pm,15,15,0,This section IS NOT on the NHS,1,Rural,7,Local,2,County Highway Agency,4,County Road,CR-W CLARK RD,W WRIGHT RD,25,25,42.81385833,42.81385833,-84.739325000,-84.739325000,0,No Special Jurisdiction,12,Motor Vehicle In-Transport,6,Angle,0,No,2,Intersection,2,Four-Way Intersection,0,None,,,1,On Roadway,1,Daylight,,,,,10,Cloudy,0,No,0000000,Not Applicable,15,3:00pm-3:59pm,18,18,15,3:00pm-3:59pm,28,28,99,Unknown,99,Unknown EMS Hospital Arrival Time,,,,,,,1,0
2020,26,260886,Michigan,2,2,0,0,0,3,3,135,OSCODA (135),0,NOT APPLICABLE,13,13,12,December,2020,1,Sunday,20,8:00pm-8:59pm,40,40,1,This section IS ON the NHS,1,Rural,3,Principal Arterial - Other,1,State Highway Agency,3,State Highway,SR-33 MT TOM RD,,67,67,44.60604722,44.60604722,-84.129975000,-84.129975000,0,No Special Jurisdiction,12,Motor Vehicle In-Transport,6,Angle,0,No,1,Non-Junction,1,Not an Intersection,0,None,,,1,On Roadway,2,Dark - Not Lighted,,,,,1,Clear,0,No,0000000,Not Applicable,20,8:00pm-8:59pm,41,41,20,8:00pm-8:59pm,47,47,99,Unknown,99,Unknown EMS Hospital Arrival Time,,,,,,,1,1
2020,26,260887,Michigan,3,3,0,0,0,4,4,163,WAYNE (163),1260,DETROIT,21,21,12,December,2020,2,Monday,15,3:00pm-3:59pm,34,34,0,This section IS NOT on the NHS,2,Urban,4,Minor Arterial,4,City or Municipal Highway Agency,6,Local Street - Municipality,CASS AVE,GRAND RIVER AVE,5,5,42.33457778,42.33457778,-83.054458330,-83.054458330,0,No Special Jurisdiction,12,Motor Vehicle In-Transport,6,Angle,0,No,2,Intersection,7,"Five Point, or More",0,None,,,1,On Roadway,1,Daylight,,,,,1,Clear,0,No,0000000,Not Applicable,99,Unknown,99,Unknown,99,Unknown EMS Scene Arrival Hour,99,Unknown EMS Scene Arrival Minutes,99,Unknown,99,Unknown EMS Hospital Arrival Time,,,,,,,1,1
2020,26,260888,Michigan,1,1,0,0,0,1,1,125,OAKLAND (125),3628,NOVI,2,2,12,December,2020,4,Wednesday,5,5:00am-5:59am,29,29,1,This section IS ON the NHS,2,Urban,1,Interstate,1,State Highway Agency,1,Interstate,I-696,,2,2,42.48299444,42.48299444,-83.439466670,-83.439466670,0,No Special Jurisdiction,21,Bridge Pier or Support,0,The First Harmful Event was Not a Collision with a Motor Vehicle in Transport,0,No,1,Non-Junction,1,Not an Intersection,0,None,,,4,On Roadside,3,Dark - Lighted,,,,,1,Clear,0,No,0000000,Not Applicable,99,Unknown,99,Unknown,99,Unknown EMS Scene Arrival Hour,99,Unknown EMS Scene Arrival Minutes,88,"Not Applicable (Not Transported) ",88,Not Applicable (Not Transported),,,,,,,1,0
2020,26,260889,Michigan,2,2,0,0,0,5,5,91,LENAWEE (91),20,ADRIAN,17,17,12,December,2020,5,Thursday,19,7:00pm-7:59pm,54,54,1,This section IS ON the NHS,2,Urban,3,Principal Arterial - Other,1,State Highway Agency,2,U.S. Highway,US-223,,192,192,41.89133333,41.89133333,-84.062222220,-84.062222220,0,No Special Jurisdiction,12,Motor Vehicle In-Transport,6,Angle,0,No,1,Non-Junction,1,Not an Intersection,0,None,,,1,On Roadway,2,Dark - Not Lighted,,,,,4,Snow,0,No,0000000,Not Applicable,99,Unknown,99,Unknown,99,Unknown EMS Scene Arrival Hour,99,Unknown EMS Scene Arrival Minutes,99,Unknown,99,Unknown EMS Hospital Arrival Time,,,,,,,2,0
2020,26,260890,Michigan,1,1,0,0,0,1,1,77,KALAMAZOO (77),0,NOT APPLICABLE,22,22,12,December,2020,3,Tuesday,0,0:00am-0:59am,45,45,0,This section IS NOT on the NHS,1,Rural,4,Minor Arterial,1,State Highway Agency,3,State Highway,SR-89 ED AVE,,22,22,42.37597500,42.37597500,-85.334086110,-85.334086110,0,No Special Jurisdiction,34,Ditch,0,The First Harmful Event was Not a Collision with a Motor Vehicle in Transport,0,No,1,Non-Junction,1,Not an Intersection,0,None,,,4,On Roadside,2,Dark - Not Lighted,,,,,2,Rain,0,No,0000000,Not Applicable,0,0:00am-0:59am,49,49,1,1:00am-1:59am,1,1,99,Unknown,99,Unknown EMS Hospital Arrival Time,,,,,,,1,0
2020,26,260891,Michigan,1,1,0,0,0,3,3,163,WAYNE (163),0,NOT APPLICABLE,20,20,12,December,2020,1,Sunday,0,0:00am-0:59am,25,25,0,This section IS NOT on the NHS,2,Urban,4,Minor Arterial,2,County Highway Agency,4,County Road,CR-WILLIS RD,,25,25,42.15970556,42.15970556,-83.492319440,-83.492319440,0,No Special Jurisdiction,42,Tree (Standing Only),0,The First Harmful Event was Not a Collision with a Motor Vehicle in Transport,0,No,1,Non-Junction,1,Not an Intersection,0,None,,,4,On Roadside,2,Dark - Not Lighted,,,,,2,Rain,0,No,0000000,Not Applicable,99,Unknown,99,Unknown,99,Unknown EMS Scene Arrival Hour,99,Unknown EMS Scene Arrival Minutes,99,Unknown,99,Unknown EMS Hospital Arrival Time,,,,,,,1,0
2020,26,260892,Michigan,2,2,0,0,0,3,3,5,ALLEGAN (5),1713,FILLMORE,17,17,12,December,2020,5,Thursday,16,4:00pm-4:59pm,18,18,0,This section IS NOT on the NHS,1,Rural,4,Minor Arterial,2,County Highway Agency,4,County Road,CR-BLUE STAR HWY,,112,112,42.71608611,42.71608611,-86.114966670,-86.114966670,0,No Special Jurisdiction,12,Motor Vehicle In-Transport,2,Front-to-Front,0,No,1,Non-Junction,1,Not an Intersection,0,None,,,1,On Roadway,5,Dusk,,,,,10,Cloudy,0,No,0000000,Not Applicable,99,Unknown,99,Unknown,99,Unknown EMS Scene Arrival Hour,99,Unknown EMS Scene Arrival Minutes,88,"Not Applicable (Not Transported) ",88,Not Applicable (Not Transported),,,,,,,1,0
2020,26,260893,Michigan,1,1,0,1,1,1,1,65,INGHAM (65),2700,LANSING,21,21,12,December,2020,2,Monday,7,7:00am-7:59am,44,44,1,This section IS ON the NHS,2,Urban,3,Principal Arterial - Other,1,State Highway Agency,3,State Highway,SR-I-96 BL CEDAR ST,MILLER RD,66,66,42.66929444,42.66929444,-84.544058330,-84.544058330,0,No Special Jurisdiction,9,Pedalcyclist,0,The First Harmful Event was Not a Collision with a Motor Vehicle in Transport,0,No,3,Intersection-Related,2,Four-Way Intersection,0,None,,,1,On Roadway,1,Daylight,,,,,1,Clear,0,No,0000000,Not Applicable,7,7:00am-7:59am,46,46,7,7:00am-7:59am,50,50,99,Unknown,99,Unknown EMS Hospital Arrival Time,,,,,,,1,0
2020,26,260894,Michigan,1,1,0,0,0,4,4,81,KENT (81),2020,GRANDVILLE,24,24,12,December,2020,5,Thursday,13,1:00pm-1:59pm,1,1,1,This section IS ON the NHS,2,Urban,1,Interstate,1,State Highway Agency,1,Interstate,I-196,,30,30,42.91507500,42.91507500,-85.764386110,-85.764386110,0,No Special Jurisdiction,59,"Traffic Sign Support ",0,The First Harmful Event was Not a Collision with a Motor Vehicle in Transport,1,Yes,19,Other location within Interchange Area,1,Not an Intersection,0,None,,,8,Gore,1,Daylight,,,,,4,Snow,0,No,0000000,Not Applicable,13,1:00pm-1:59pm,1,1,99,Unknown EMS Scene Arrival Hour,99,Unknown EMS Scene Arrival Minutes,99,Unknown,99,Unknown EMS Hospital Arrival Time,,,,,,,1,0
2020,26,260895,Michigan,1,1,0,1,1,1,1,163,WAYNE (163),1260,DETROIT,21,21,12,December,2020,2,Monday,19,7:00pm-7:59pm,40,40,1,This section IS ON the NHS,2,Urban,3,Principal Arterial - Other,4,City or Municipal Highway Agency,6,Local Street - Municipality,LIVERNOIS AVE,JOHN KRONK ST,15,15,42.32451944,42.32451944,-83.115538890,-83.115538890,0,No Special Jurisdiction,9,Pedalcyclist,0,The First Harmful Event was Not a Collision with a Motor Vehicle in Transport,0,No,2,Intersection,2,Four-Way Intersection,0,None,,,1,On Roadway,3,Dark - Lighted,,,,,2,Rain,0,No,0000000,Not Applicable,99,Unknown,99,Unknown,99,Unknown EMS Scene Arrival Hour,99,Unknown EMS Scene Arrival Minutes,99,Unknown,99,Unknown EMS Hospital Arrival Time,,,,,,,1,0
2020,26,260896,Michigan,1,1,0,1,1,1,1,37,CLINTON (37),3760,OVID,22,22,12,December,2020,3,Tuesday,19,7:00pm-7:59pm,9,9,0,This section IS NOT on the NHS,1,Rural,4,Minor Arterial,1,State Highway Agency,3,State Highway,SR-21 BLUE WATER HWY,S MAIN ST,236,236,43.00086944,43.00086944,-84.371616670,-84.371616670,0,No Special Jurisdiction,8,Pedestrian,0,The First Harmful Event was Not a Collision with a Motor Vehicle in Transport,0,No,3,Intersection-Related,2,Four-Way Intersection,0,None,,,1,On Roadway,3,Dark - Lighted,,,,,1,Clear,0,No,0000000,Not Applicable,19,7:00pm-7:59pm,10,10,19,7:00pm-7:59pm,18,18,88,"Not Applicable (Not Transported) ",88,Not Applicable (Not Transported),,,,,,,1,0
2020,26,260897,Michigan,1,1,0,0,0,2,2,161,WASHTENAW (161),150,ANN ARBOR,23,23,12,December,2020,4,Wednesday,15,3:00pm-3:59pm,54,54,0,This section IS NOT on the NHS,2,Urban,4,Minor Arterial,4,City or Municipal Highway Agency,6,Local Street - Municipality,N HURON PKWY,,6,6,42.25950556,42.25950556,-83.695044440,-83.695044440,0,No Special Jurisdiction,43,Other Fixed Object,0,The First Harmful Event was Not a Collision with a Motor Vehicle in Transport,0,No,1,Non-Junction,1,Not an Intersection,0,None,,,4,On Roadside,1,Daylight,,,,,10,Cloudy,0,No,0000000,Not Applicable,15,3:00pm-3:59pm,56,56,16,4:00pm-4:59pm,0,0,99,Unknown,99,Unknown EMS Hospital Arrival Time,,,,,,,1,0