caseyear,state,st_case,statename,ve_total,ve_forms,pvh_invl,peds,pernotmvit,permvit,persons,county,countyname,city,cityname,day,dayname,month,monthname,year,day_week,day_weekname,hour,hourname,minute,minutename,nhs,nhsname,rur_urb,rur_urbname,func_sys,func_sysname,rd_owner,rd_ownername,route,routename,tway_id,tway_id2,milept,mileptname,latitude,latitudename,longitud,longitudname,sp_jur,sp_jurname,harm_ev,harm_evname,man_coll,man_collname,reljct1,reljct1name,reljct2,reljct2name,typ_int,typ_intname,wrk_zone,wrk_zonename,road_fnc,road_fncname,rel_road,rel_roadname,lgt_cond,lgt_condname,weather1,weather1name,weather2,weather2name,weather,weathername,sch_bus,sch_busname,rail,railname,not_hour,not_hourname,not_min,not_minname,arr_hour,arr_hourname,arr_min,arr_minname,hosp_hr,hosp_hrname,hosp_mn,hosp_mnname,cf1,cf1name,cf2,cf2name,cf3,cf3name,fatals,drunk_dr
2021,26,260019,Michigan,1,1,0,1,1,1,1,63,HURON (63),240,BAD AXE,18,18,1,January,2021,2,Monday,18,6:00pm-6:59pm,3,3,0,This section IS NOT on the NHS,1,Rural,4,Minor Arterial,1,State Highway Agency,3,State Highway,SR-142 HURON AVE,,122,122,43.80212222,43.80212222,-82.996736110,-82.996736110,0,No Special Jurisdiction,8,Pedestrian,0,The First Harmful Event was Not a Collision with a Motor Vehicle in Transport,0,No,1,Non-Junction,1,Not an Intersection,0,None,,,1,On Roadway,3,Dark - Lighted,,,,,10,Cloudy,0,No,0000000,Not Applicable,18,6:00pm-6:59pm,3,3,18,6:00pm-6:59pm,7,7,99,Unknown,99,Unknown EMS Hospital Arrival Time,,,,,,,1,
2021,26,260020,Michigan,2,2,0,0,0,2,2,87,LAPEER (87),0,NOT APPLICABLE,15,15,1,January,2021,6,Friday,8,8:00am-8:59am,17,17,1,This section IS ON the NHS,1,Rural,3,Principal Arterial - Other,1,State Highway Agency,3,State Highway,SR-53 N VAN DYKE RD,,123,123,43.06225833,43.06225833,-83.072400000,-83.072400000,0,No Special Jurisdiction,12,Motor Vehicle In-Transport,2,Front-to-Front,0,No,1,Non-Junction,1,Not an Intersection,0,None,,,1,On Roadway,1,Daylight,,,,,10,Cloudy,0,No,0000000,Not Applicable,99,Unknown,99,Unknown,99,Unknown EMS Scene Arrival Hour,99,Unknown EMS Scene Arrival Minutes,99,Unknown,99,Unknown EMS Hospital Arrival Time,,,,,,,1,
2021,26,260021,Michigan,2,2,0,0,0,4,4,27,CASS (27),0,NOT APPLICABLE,1,1,1,January,2021,6,Friday,14,2:00pm-2:59pm,36,36,0,This section IS NOT on the NHS,1,Rural,4,Minor Arterial,1,State Highway Agency,3,State Highway,SR-51,,41,41,41.92430278,41.92430278,-86.175113890,-86.175113890,0,No Special Jurisdiction,12,Motor Vehicle In-Transport,2,Front-to-Front,0,No,1,Non-Junction,1,Not an Intersection,0,None,,,1,On Roadway,1,Daylight,,,,,2,Rain,0,No,0000000,Not Applicable,99,Unknown,99,Unknown,99,Unknown EMS Scene Arrival Hour,99,Unknown EMS Scene Arrival Minutes,99,Unknown,99,Unknown EMS Hospital Arrival Time,,,,,,,1,
2021,26,260022,Michigan,3,1,2,0,0,1,1,163,WAYNE (163),1260,DETROIT,18,18,1,January,2021,2,Monday,5,5:00am-5:59am,12,12,1,This section IS ON the NHS,2,Urban,3,Principal Arterial - Other,4,City or Municipal Highway Agency,6,Local Street - Municipality,LIVERNOIS AVE,,8,8,42.31543889,42.31543889,-83.109841670,-83.109841670,0,No Special Jurisdiction,14,Parked Motor Vehicle,0,The First Harmful Event was Not a Collision with a Motor Vehicle in Transport,0,No,1,Non-Junction,1,Not an Intersection,0,None,,,7,In Parking Lane/Zone,3,Dark - Lighted,,,,,1,Clear,0,No,0000000,Not Applicable,99,Unknown,99,Unknown,99,Unknown EMS Scene Arrival Hour,99,Unknown EMS Scene Arrival Minutes,99,Unknown,99,Unknown EMS Hospital Arrival Time,,,,,,,1,
2021,26,260023,Michigan,1,1,0,0,0,1,1,75,JACKSON (75),0,NOT APPLICABLE,14,14,1,January,2021,5,Thursday,23,11:00pm-11:59pm,40,40,0,This section IS NOT on the NHS,1,Rural,4,Minor Arterial,2,County Highway Agency,4,County Road,CR-MICHIGAN AVE,,29,29,42.26904167,42.26904167,-84.653125000,-84.653125000,0,No Special Jurisdiction,42,Tree (Standing Only),0,The First Harmful Event was Not a Collision with a Motor Vehicle in Transport,0,No,1,Non-Junction,1,Not an Intersection,0,None,,,4,On Roadside,3,Dark - Lighted,,,,,1,Clear,0,No,0000000,Not Applicable,99,Unknown,99,Unknown,99,Unknown EMS Scene Arrival Hour,99,Unknown EMS Scene Arrival Minutes,88,"Not Applicable (Not Transported) ",88,Not Applicable (Not Transported),,,,,,,1,
2021,26,260024,Michigan,2,2,0,0,0,5,5,125,OAKLAND (125),4905,TROY,9,9,1,January,2021,7,Saturday,18,6:00pm-6:59pm,34,34,1,This section IS ON the NHS,2,Urban,3,Principal Arterial - Other,2,County Highway Agency,4,County Road,CR-DEQUINDRE RD,,110,110,42.60733611,42.60733611,-83.090677780,-83.090677780,0,No Special Jurisdiction,12,Motor Vehicle In-Transport,1,Front-to-Rear,0,No,1,Non-Junction,1,Not an Intersection,0,None,,,1,On Roadway,3,Dark - Lighted,,,,,1,Clear,0,No,0000000,Not Applicable,18,6:00pm-6:59pm,45,45,18,6:00pm-6:59pm,47,47,99,Unknown,99,Unknown EMS Hospital Arrival Time,,,,,,,1,
2021,26,260025,Michigan,1,1,0,0,0,2,2,111,MIDLAND (111),3240,MIDLAND,20,20,1,January,2021,4,Wednesday,18,6:00pm-6:59pm,7,7,0,This section IS NOT on the NHS,2,Urban,5,Major Collector,4,City or Municipal Highway Agency,6,Local Street - Municipality,E ASHMAN ST,,36,36,43.62657778,43.62657778,-84.183744440,-84.183744440,0,No Special Jurisdiction,42,Tree (Standing Only),0,The First Harmful Event was Not a Collision with a Motor Vehicle in Transport,0,No,1,Non-Junction,1,Not an Intersection,0,None,,,4,On Roadside,2,Dark - Not Lighted,,,,,10,Cloudy,0,No,0000000,Not Applicable,18,6:00pm-6:59pm,8,8,18,6:00pm-6:59pm,18,18,99,Unknown,99,Unknown EMS Hospital Arrival Time,,,,,,,1,
2021,26,260026,Michigan,3,3,0,0,0,5,5,163,WAYNE (163),1212,DEARBORN HEIGHTS,1,1,1,January,2021,6,Friday,0,0:00am-0:59am,5,5,1,This section IS ON the NHS,2,Urban,3,Principal Arterial - Other,1,State Highway Agency,3,State Highway,SR-153 FORD RD,N JOHN DALY,125,125,42.32638333,42.32638333,-83.302100000,-83.302100000,0,No Special Jurisdiction,12,Motor Vehicle In-Transport,2,Front-to-Front,0,No,3,Intersection-Related,2,Four-Way Intersection,0,None,,,1,On Roadway,3,Dark - Lighted,,,,,1,Clear,0,No,0000000,Not Applicable,99,Unknown,99,Unknown,99,Unknown EMS Scene Arrival Hour,99,Unknown EMS Scene Arrival Minutes,99,Unknown,99,Unknown EMS Hospital Arrival Time,,,,,,,1,
2021,26,260027,Michigan,2,2,0,0,0,3,3,91,LENAWEE (91),10,ADDISON,11,11,1,January,2021,2,Monday,11,11:00am-11:59am,28,28,1,This section IS ON the NHS,1,Rural,3,Principal Arterial - Other,1,State Highway Agency,2,U.S. Highway,US-127 STEER ST,,11,11,41.98279167,41.98279167,-84.353180560,-84.353180560,0,No Special Jurisdiction,12,Motor Vehicle In-Transport,2,Front-to-Front,0,No,1,Non-Junction,1,Not an Intersection,0,None,,,1,On Roadway,1,Daylight,,,,,10,Cloudy,0,No,0000000,Not Applicable,99,Unknown,99,Unknown,99,Unknown EMS Scene Arrival Hour,99,Unknown EMS Scene Arrival Minutes,99,Unknown,99,Unknown EMS Hospital Arrival Time,,,,,,,1,
2021,26,260028,Michigan,2,2,0,0,0,3,3,49,GENESEE (49),0,NOT APPLICABLE,13,13,1,January,2021,4,Wednesday,14,2:00pm-2:59pm,37,37,0,This section IS NOT on the NHS,2,Urban,5,Major Collector,2,County Highway Agency,4,County Road,CR-N BELSAY RD,E CARPENTER RD,85,85,43.08446944,43.08446944,-83.597288890,-83.597288890,0,No Special Jurisdiction,12,Motor Vehicle In-Transport,6,Angle,0,No,2,Intersection,2,Four-Way Intersection,0,None,,,1,On Roadway,1,Daylight,,,,,1,Clear,0,No,0000000,Not Applicable,14,2:00pm-2:59pm,38,38,17,5:00pm-5:59pm,41,41,88,"Not Applicable (Not Transported) ",88,Not Applicable (Not Transported),,,,,,,1,
2021,26,260029,Michigan,1,1,0,0,0,1,1,165,WEXFORD (165),0,NOT APPLICABLE,18,18,1,January,2021,2,Monday,9,9:00am-9:59am,59,59,0,This section IS NOT on the NHS,1,Rural,98,Not Reported,64,U.S. Forest Service,8,Other,FS-7374,,14,14,44.23117500,44.23117500,-85.703486110,-85.703486110,0,No Special Jurisdiction,42,Tree (Standing Only),0,The First Harmful Event was Not a Collision with a Motor Vehicle in Transport,0,No,1,Non-Junction,1,Not an Intersection,0,None,,,4,On Roadside,1,Daylight,,,,,10,Cloudy,0,No,0000000,Not Applicable,10,10:00am-10:59am,2,2,10,10:00am-10:59am,20,20,99,Unknown,99,Unknown EMS Hospital Arrival Time,,,,,,,1,
2021,26,260030,Michigan,1,1,0,1,1,1,1,161,WASHTENAW (161),150,ANN ARBOR,18,18,1,January,2021,2,Monday,19,7:00pm-7:59pm,3,3,1,This section IS ON the NHS,2,Urban,3,Principal Arterial - Other,1,State Highway Agency,3,State Highway,SR-94 JACKSON RD,,1,1,42.28340000,42.28340000,-83.789663890,-83.789663890,0,No Special Jurisdiction,8,Pedestrian,0,The First Harmful Event was Not a Collision with a Motor Vehicle in Transport,0,No,1,Non-Junction,1,Not an Intersection,0,None,,,1,On Roadway,3,Dark - Lighted,,,,,4,Snow,0,No,0000000,Not Applicable,19,7:00pm-7:59pm,4,4,19,7:00pm-7:59pm,10,10,99,Unknown,99,Unknown EMS Hospital Arrival Time,,,,,,,1,
2021,26,260031,Michigan,1,1,0,0,0,1,1,91,LENAWEE (91),0,NOT APPLICABLE,29,29,1,January,2021,6,Friday,20,8:00pm-8:59pm,3,3,0,This section IS NOT on the NHS,1,Rural,7,Local,2,County Highway Agency,4,County Road,CR-MURPHY HWY,,11,11,42.03787778,42.03787778,-83.926700000,-83.926700000,0,No Special Jurisdiction,42,Tree (Standing Only),0,The First Harmful Event was Not a Collision with a Motor Vehicle in Transport,0,No,1,Non-Junction,1,Not an Intersection,0,None,,,4,On Roadside,2,Dark - Not Lighted,,,,,1,Clear,0,No,0000000,Not Applicable,18,6:00pm-6:59pm,50,50,18,6:00pm-6:59pm,56,56,88,"Not Applicable (Not Transported) ",88,Not Applicable (Not Transported),,,,,,,1,
2021,26,260032,Michigan,1,1,0,0,0,1,1,163,WAYNE (163),1260,DETROIT,30,30,1,January,2021,7,Saturday,1,1:00am-1:59am,35,35,1,This section IS ON the NHS,2,Urban,1,Interstate,1,State Highway Agency,1,Interstate,I-96,,131,131,42.37908333,42.37908333,-83.195900000,-83.195900000,0,No Special Jurisdiction,1,Rollover/Overturn,0,The First Harmful Event was Not a Collision with a Motor Vehicle in Transport,0,No,1,Non-Junction,1,Not an Intersection,0,None,,,1,On Roadway,3,Dark - Lighted,,,,,1,Clear,0,No,0000000,Not Applicable,99,Unknown,99,Unknown,99,Unknown EMS Scene Arrival Hour,99,Unknown EMS Scene Arrival Minutes,99,Unknown,99,Unknown EMS Hospital Arrival Time,,,,,,,1,
2021,26,260033,Michigan,2,2,0,0,0,2,2,81,KENT (81),0,NOT APPLICABLE,31,31,1,January,2021,1,Sunday,22,10:00pm-10:59pm,48,48,1,This section IS ON the NHS,2,Urban,3,Principal Arterial - Other,2,County Highway Agency,4,County Road,CR-68TH ST SE,,25,25,42.84071944,42.84071944,-85.653530560,-85.653530560,0,No Special Jurisdiction,12,Motor Vehicle In-Transport,2,Front-to-Front,0,No,1,Non-Junction,1,Not an Intersection,0,None,,,1,On Roadway,2,Dark - Not Lighted,,,,,1,Clear,0,No,0000000,Not Applicable,22,10:00pm-10:59pm,49,49,22,10:00pm-10:59pm,54,54,99,Unknown,99,Unknown EMS Hospital Arrival Time,,,,,,,1,
2021,26,260034,Michigan,1,1,0,1,1,1,1,163,WAYNE (163),1260,DETROIT,30,30,1,January,2021,7,Saturday,23,11:00pm-11:59pm,17,17,0,This section IS NOT on the NHS,2,Urban,4,Minor Arterial,2,County Highway Agency,4,County Road,CR-LAHSER RD,,32,32,42.42828611,42.42828611,-83.258263890,-83.258263890,0,No Special Jurisdiction,8,Pedestrian,0,The First Harmful Event was Not a Collision with a Motor Vehicle in Transport,0,No,1,Non-Junction,1,Not an Intersection,0,None,,,1,On Roadway,2,Dark - Not Lighted,,,,,10,Cloudy,0,No,0000000,Not Applicable,99,Unknown,99,Unknown,99,Unknown EMS Scene Arrival Hour,99,Unknown EMS Scene Arrival Minutes,99,Unknown,99,Unknown EMS Hospital Arrival Time,,,,,,,1,
2021,26,260035,Michigan,2,2,0,0,0,2,2,59,HILLSDALE (59),0,NOT APPLICABLE,31,31,1,January,2021,1,Sunday,15,3:00pm-3:59pm,29,29,1,This section IS ON the NHS,1,Rural,3,Principal Arterial - Other,1,State Highway Agency,2,U.S. Highway,US-127 S MERIDIAN RD,,10,10,41.72096944,41.72096944,-84.360602780,-84.360602780,0,No Special Jurisdiction,12,Motor Vehicle In-Transport,6,Angle,0,No,1,Non-Junction,1,Not an Intersection,0,None,,,1,On Roadway,1,Daylight,,,,,4,Snow,0,No,0000000,Not Applicable,99,Unknown,99,Unknown,99,Unknown EMS Scene Arrival Hour,99,Unknown EMS Scene Arrival Minutes,88,"Not Applicable (Not Transported) ",88,Not Applicable (Not Transported),,,,,,,1,
2021,26,260036,Michigan,1,1,0,1,1,1,1,125,OAKLAND (125),3641,OAK PARK,19,19,1,January,2021,3,Tuesday,21,9:00pm-9:59pm,37,37,1,This section IS ON the NHS,2,Urban,3,Principal Arterial - Other,1,State Highway Agency,3,State Highway,SR-102 W 8 MILE RD,,72,72,42.44549444,42.44549444,-83.181194440,-83.181194440,0,No Special Jurisdiction,8,Pedestrian,0,The First Harmful Event was Not a Collision with a Motor Vehicle in Transport,0,No,1,Non-Junction,1,Not an Intersection,0,None,,,1,On Roadway,3,Dark - Lighted,,,,,4,Snow,0,No,0000000,Not Applicable,99,Unknown,99,Unknown,99,Unknown EMS Scene Arrival Hour,99,Unknown EMS Scene Arrival Minutes,99,Unknown,99,Unknown EMS Hospital Arrival Time,,,,,,,1,
2021,26,260037,Michigan,2,2,0,0,0,4,4,151,SANILAC (151),0,NOT APPLICABLE,18,18,1,January,2021,2,Monday,7,7:00am-7:59am,25,25,1,This section IS ON the NHS,1,Rural,3,Principal Arterial - Other,1,State Highway Agency,3,State Highway,SR-46 SANILAC RD,,47,47,43.41640833,43.41640833,-83.013147220,-83.013147220,0,No Special Jurisdiction,12,Motor Vehicle In-Transport,2,Front-to-Front,0,No,1,Non-Junction,1,Not an Intersection,0,None,,,1,On Roadway,2,Dark - Not Lighted,,,,,4,Snow,0,No,0000000,Not Applicable,7,7:00am-7:59am,26,26,7,7:00am-7:59am,43,43,99,Unknown,99,Unknown EMS Hospital Arrival Time,,,,,,,1,
2021,26,260038,Michigan,1,1,0,0,0,1,1,67,IONIA (67),0,NOT APPLICABLE,21,21,1,January,2021,5,Thursday,15,3:00pm-3:59pm,5,5,0,This section IS NOT on the NHS,1,Rural,5,Major Collector,2,County Highway Agency,4,County Road,CR-GRAND RIVER AVE,,7,7,42.88088889,42.88088889,-84.979902780,-84.979902780,0,No Special Jurisdiction,35,Embankment,0,The First Harmful Event was Not a Collision with a Motor Vehicle in Transport,0,No,1,Non-Junction,1,Not an Intersection,0,None,,,4,On Roadside,1,Daylight,,,,,1,Clear,0,No,0000000,Not Applicable,15,3:00pm-3:59pm,27,27,15,3:00pm-3:59pm,32,32,88,"Not Applicable (Not Transported) ",88,Not Applicable (Not Transported),,,,,,,1,
2021,26,260039,Michigan,1,1,0,1,1,5,5,161,WASHTENAW (161),0,NOT APPLICABLE,22,22,1,January,2021,6,Friday,21,9:00pm-9:59pm,9,9,1,This section IS ON the NHS,2,Urban,3,Principal Arterial - Other,1,State Highway Agency,2,U.S. Highway,US-12 MICHIGAN AVE,,46,46,42.25132222,42.25132222,-83.560558330,-83.560558330,0,No Special Jurisdiction,15,Non-Motorist on Personal Conveyance,0,The First Harmful Event was Not a Collision with a Motor Vehicle in Transport,0,No,1,Non-Junction,1,Not an Intersection,0,None,,,1,On Roadway,2,Dark - Not Lighted,,,,,1,Clear,0,No,0000000,Not Applicable,21,9:00pm-9:59pm,13,13,21,9:00pm-9:59pm,25,25,88,"Not Applicable (Not Transported) ",88,Not Applicable (Not Transported),,,,,,,1,
2021,26,260040,Michigan,1,1,0,0,0,2,2,161,WASHTENAW (161),0,NOT APPLICABLE,24,24,1,January,2021,1,Sunday,3,3:00am-3:59am,51,51,0,This section IS NOT on the NHS,2,Urban,4,Minor Arterial,2,County Highway Agency,4,County Road,CR-PLYMOUTH RD,KIEFER RD,39,39,42.31087778,42.31087778,-83.672380560,-83.672380560,0,No Special Jurisdiction,33,Curb,0,The First Harmful Event was Not a Collision with a Motor Vehicle in Transport,0,No,3,Intersection-Related,2,Four-Way Intersection,0,None,,,4,On Roadside,3,Dark - Lighted,,,,,10,Cloudy,0,No,0000000,Not Applicable,3,3:00am-3:59am,17,17,3,3:00am-3:59am,28,28,99,Unknown,99,Unknown EMS Hospital Arrival Time,,,,,,,1,
2021,26,260041,Michigan,1,1,0,0,0,1,1,67,IONIA (67),0,NOT APPLICABLE,1,1,1,January,2021,6,Friday,10,10:00am-10:59am,4,4,1,This section IS ON the NHS,1,Rural,1,Interstate,1,State Highway Agency,1,Interstate,I-96,,15,15,42.88027222,42.88027222,-85.281211110,-85.281211110,0,No Special Jurisdiction,1,Rollover/Overturn,0,The First Harmful Event was Not a Collision with a Motor Vehicle in Transport,0,No,1,Non-Junction,1,Not an Intersection,0,None,,,3,On Median,1,Daylight,,,,,1,Clear,0,No,0000000,Not Applicable,10,10:00am-10:59am,4,4,10,10:00am-10:59am,4,4,88,"Not Applicable (Not Transported) ",88,Not Applicable (Not Transported),,,,,,,1,
2021,26,260042,Michigan,3,3,0,0,0,7,7,103,MARQUETTE (103),3219,MICHIGAMME,16,16,1,January,2021,7,Saturday,18,6:00pm-6:59pm,0,0,1,This section IS ON the NHS,1,Rural,3,Principal Arterial - Other,1,State Highway Agency,2,U.S. Highway,US-41,,17,17,46.52678056,46.52678056,-87.999352780,-87.999352780,0,No Special Jurisdiction,12,Motor Vehicle In-Transport,8,Sideswipe - Opposite Direction,0,No,1,Non-Junction,1,Not an Intersection,0,None,,,1,On Roadway,5,Dusk,,,,,4,Snow,0,No,0000000,Not Applicable,18,6:00pm-6:59pm,0,0,18,6:00pm-6:59pm,18,18,99,Unknown,99,Unknown EMS Hospital Arrival Time,,,,,,,1,
2021,26,260043,Michigan,3,3,0,0,0,3,3,81,KENT (81),131,ALPINE,2,2,2,February,2021,3,Tuesday,17,5:00pm-5:59pm,14,14,1,This section IS ON the NHS,2,Urban,3,Principal Arterial - Other,1,State Highway Agency,3,State Highway,SR-37 ALPINE AVE NW,WESTSHIRE DR NW,23,23,43.04783889,43.04783889,-85.689505560,-85.689505560,0,No Special Jurisdiction,12,Motor Vehicle In-Transport,6,Angle,0,No,2,Intersection,3,T-Intersection,0,None,,,1,On Roadway,1,Daylight,,,,,1,Clear,0,No,0000000,Not Applicable,17,5:00pm-5:59pm,16,16,17,5:00pm-5:59pm,25,25,99,Unknown,99,Unknown EMS Hospital Arrival Time,,,,,,,1,
2021,26,260044,Michigan,1,1,0,0,0,2,2,37,CLINTON (37),1360,EAGLE,2,2,2,February,2021,3,Tuesday,11,11:00am-11:59am,26,26,1,This section IS ON the NHS,1,Rural,1,Interstate,1,State Highway Agency,1,Interstate,I-96,,13,13,42.82047222,42.82047222,-84.813561110,-84.813561110,0,No Special Jurisdiction,42,Tree (Standing Only),0,The First Harmful Event was Not a Collision with a Motor Vehicle in Transport,0,No,1,Non-Junction,1,Not an Intersection,0,None,,,4,On Roadside,1,Daylight,,,,,1,Clear,0,No,0000000,Not Applicable,11,11:00am-11:59am,26,26,11,11:00am-11:59am,40,40,99,Unknown,99,Unknown EMS Hospital Arrival Time,,,,,,,1,
2021,26,260045,Michigan,2,2,0,0,0,3,3,163,WAYNE (163),1260,DETROIT,8,8,2,February,2021,2,Monday,0,0:00am-0:59am,57,57,0,This section IS NOT on the NHS,2,Urban,5,Major Collector,4,City or Municipal Highway Agency,6,Local Street - Municipality,W JEFFRIES FWY,CHICAGO ST,11,11,42.36729444,42.36729444,-83.140019440,-83.140019440,0,No Special Jurisdiction,12,Motor Vehicle In-Transport,6,Angle,0,No,2,Intersection,2,Four-Way Intersection,0,None,,,1,On Roadway,3,Dark - Lighted,,,,,1,Clear,0,No,0000000,Not Applicable,99,Unknown,99,Unknown,99,Unknown EMS Scene Arrival Hour,99,Unknown EMS Scene Arrival Minutes,99,Unknown,99,Unknown EMS Hospital Arrival Time,,,,,,,1,
2021,26,260046,Michigan,2,2,0,0,0,2,2,81,KENT (81),5319,WYOMING,23,23,1,January,2021,7,Saturday,23,11:00pm-11:59pm,35,35,0,This section IS NOT on the NHS,2,Urban,4,Minor Arterial,4,City or Municipal Highway Agency,6,Local Street - Municipality,32ND ST,WOODWARD AVE,6,6,42.90604167,42.90604167,-85.682252780,-85.682252780,0,No Special Jurisdiction,12,Motor Vehicle In-Transport,2,Front-to-Front,0,No,2,Intersection,3,T-Intersection,0,None,,,1,On Roadway,3,Dark - Lighted,,,,,1,Clear,0,No,0000000,Not Applicable,23,11:00pm-11:59pm,37,37,23,11:00pm-11:59pm,46,46,99,Unknown,99,Unknown EMS Hospital Arrival Time,,,,,,,1,
2021,26,260047,Michigan,2,2,0,0,0,4,4,117,MONTCALM (117),4566,SIDNEY,8,8,2,February,2021,2,Monday,14,2:00pm-2:59pm,0,0,0,This section IS NOT on the NHS,1,Rural,5,Major Collector,2,County Highway Agency,4,County Road,CR-COUNTY FARM RD,S AMSDEN RD,12,12,43.21359444,43.21359444,-85.128380560,-85.128380560,0,No Special Jurisdiction,12,Motor Vehicle In-Transport,2,Front-to-Front,0,No,2,Intersection,3,T-Intersection,0,None,,,1,On Roadway,1,Daylight,,,,,1,Clear,0,No,0000000,Not Applicable,99,Unknown,99,Unknown,99,Unknown EMS Scene Arrival Hour,99,Unknown EMS Scene Arrival Minutes,88,"Not Applicable (Not Transported) ",88,Not Applicable (Not Transported),,,,,,,1,
2021,26,260048,Michigan,2,2,0,0,0,2,2,99,MACOMB (99),919,CHESTERFIELD TOWNSHIP,26,26,1,January,2021,3,Tuesday,10,10:00am-10:59am,3,3,0,This section IS NOT on the NHS,2,Urban,4,Minor Arterial,1,State Highway Agency,3,State Highway,SR-19 NEW HAVEN RD,,33,33,42.71313889,42.71313889,-82.781002780,-82.781002780,0,No Special Jurisdiction,12,Motor Vehicle In-Transport,2,Front-to-Front,0,No,1,Non-Junction,1,Not an Intersection,0,None,,,1,On Roadway,1,Daylight,,,,,4,Snow,0,No,0000000,Not Applicable,10,10:00am-10:59am,5,5,10,10:00am-10:59am,13,13,99,Unknown,99,Unknown EMS Hospital Arrival Time,,,,,,,1,
2021,26,260049,Michigan,1,1,0,0,0,1,1,25,CALHOUN (25),3014,MARENGO,26,26,1,January,2021,3,Tuesday,12,12:00pm-12:59pm,18,18,1,This section IS ON the NHS,1,Rural,1,Interstate,1,State Highway Agency,1,Interstate,I-94,,233,233,42.28324444,42.28324444,-84.862550000,-84.862550000,0,No Special Jurisdiction,57,Cable Barrier,0,The First Harmful Event was Not a Collision with a Motor Vehicle in Transport,1,Yes,19,Other location within Interchange Area,1,Not an Intersection,0,None,,,3,On Median,1,Daylight,,,,,1,Clear,0,No,0000000,Not Applicable,12,12:00pm-12:59pm,18,18,12,12:00pm-12:59pm,36,36,99,Unknown,99,Unknown EMS Hospital Arrival Time,,,,,,,1,
2021,26,260050,Michigan,2,2,0,0,0,2,2,99,MACOMB (99),4731,STERLING HEIGHTS,23,23,1,January,2021,7,Saturday,17,5:00pm-5:59pm,38,38,0,This section IS NOT on the NHS,2,Urban,4,Minor Arterial,2,County Highway Agency,4,County Road,CR-UTICA RD,,54,54,42.57262222,42.57262222,-82.978438890,-82.978438890,0,No Special Jurisdiction,12,Motor Vehicle In-Transport,2,Front-to-Front,0,No,1,Non-Junction,1,Not an Intersection,0,None,,,1,On Roadway,5,Dusk,,,,,10,Cloudy,0,No,0000000,Not Applicable,17,5:00pm-5:59pm,39,39,17,5:00pm-5:59pm,45,45,99,Unknown,99,Unknown EMS Hospital Arrival Time,,,,,,,1,
2021,26,260051,Michigan,1,1,0,1,1,1,1,163,WAYNE (163),1260,DETROIT,28,28,1,January,2021,5,Thursday,20,8:00pm-8:59pm,56,56,1,This section IS ON the NHS,2,Urban,3,Principal Arterial - Other,2,County Highway Agency,4,County Road,CR-MOROSS RD,KELLY RD,25,25,42.43440556,42.43440556,-82.953033330,-82.953033330,0,No Special Jurisdiction,8,Pedestrian,0,The First Harmful Event was Not a Collision with a Motor Vehicle in Transport,0,No,3,Intersection-Related,2,Four-Way Intersection,0,None,,,1,On Roadway,3,Dark - Lighted,,,,,1,Clear,0,No,0000000,Not Applicable,99,Unknown,99,Unknown,99,Unknown EMS Scene Arrival Hour,99,Unknown EMS Scene Arrival Minutes,88,"Not Applicable (Not Transported) ",88,Not Applicable (Not Transported),,,,,,,1,
2021,26,260052,Michigan,1,1,0,0,0,2,2,91,LENAWEE (91),0,NOT APPLICABLE,31,31,1,January,2021,1,Sunday,15,3:00pm-3:59pm,23,23,0,This section IS NOT on the NHS,1,Rural,5,Major Collector,2,County Highway Agency,4,County Road,CR-BRITTON HWY,,19,19,42.02207778,42.02207778,-83.830808330,-83.830808330,0,No Special Jurisdiction,42,Tree (Standing Only),0,The First Harmful Event was Not a Collision with a Motor Vehicle in Transport,0,No,1,Non-Junction,1,Not an Intersection,0,None,,,4,On Roadside,1,Daylight,,,,,11,Blowing Snow,0,No,0000000,Not Applicable,15,3:00pm-3:59pm,26,26,15,3:00pm-3:59pm,33,33,99,Unknown,99,Unknown EMS Hospital Arrival Time,,,,,,,1,
2021,26,260053,Michigan,2,2,0,0,0,2,2,115,MONROE (115),0,NOT APPLICABLE,11,11,2,February,2021,5,Thursday,18,6:00pm-6:59pm,53,53,1,This section IS ON the NHS,1,Rural,2,Principal Arterial - Other Freeways and Expressways,1,State Highway Agency,2,U.S. Highway,US-23,,30,30,41.76821389,41.76821389,-83.694922220,-83.694922220,0,No Special Jurisdiction,12,Motor Vehicle In-Transport,1,Front-to-Rear,0,No,1,Non-Junction,1,Not an Intersection,0,None,,,1,On Roadway,2,Dark - Not Lighted,,,,,1,Clear,0,No,0000000,Not Applicable,19,7:00pm-7:59pm,12,12,19,7:00pm-7:59pm,17,17,99,Unknown,99,Unknown EMS Hospital Arrival Time,,,,,,,1,
2021,26,260054,Michigan,2,2,0,0,0,3,3,159,VAN BUREN (159),0,NOT APPLICABLE,11,11,2,February,2021,5,Thursday,11,11:00am-11:59am,30,30,0,This section IS NOT on the NHS,1,Rural,7,Local,2,County Highway Agency,4,County Road,CR-41ST ST,W RED ARROW HWY,23,23,42.21084722,42.21084722,-85.946658330,-85.946658330,0,No Special Jurisdiction,12,Motor Vehicle In-Transport,6,Angle,0,No,2,Intersection,2,Four-Way Intersection,0,None,,,1,On Roadway,1,Daylight,,,,,1,Clear,0,No,0000000,Not Applicable,99,Unknown,99,Unknown,99,Unknown EMS Scene Arrival Hour,99,Unknown EMS Scene Arrival Minutes,99,Unknown,99,Unknown EMS Hospital Arrival Time,,,,,,,1,
2021,26,260055,Michigan,4,4,0,0,0,4,4,81,KENT (81),5319,WYOMING,29,29,1,January,2021,6,Friday,16,4:00pm-4:59pm,29,29,0,This section IS NOT on the NHS,2,Urban,4,Minor Arterial,4,City or Municipal Highway Agency,6,Local Street - Municipality,"CLYDE PAR AVE ",,76,76,42.87831111,42.87831111,-85.684411110,-85.684411110,0,No Special Jurisdiction,12,Motor Vehicle In-Transport,7,Sideswipe - Same Direction,0,No,1,Non-Junction,1,Not an Intersection,0,None,,,1,On Roadway,1,Daylight,,,,,1,Clear,0,No,0000000,Not Applicable,16,4:00pm-4:59pm,30,30,16,4:00pm-4:59pm,36,36,99,Unknown,99,Unknown EMS Hospital Arrival Time,,,,,,,1,