caseyear,state,st_case,statename,ve_total,ve_forms,pvh_invl,peds,pernotmvit,permvit,persons,county,countyname,city,cityname,day,dayname,month,monthname,year,day_week,day_weekname,hour,hourname,minute,minutename,nhs,nhsname,rur_urb,rur_urbname,func_sys,func_sysname,rd_owner,rd_ownername,route,routename,tway_id,tway_id2,milept,mileptname,latitude,latitudename,longitud,longitudname,sp_jur,sp_jurname,harm_ev,harm_evname,man_coll,man_collname,reljct1,reljct1name,reljct2,reljct2name,typ_int,typ_intname,wrk_zone,wrk_zonename,road_fnc,road_fncname,rel_road,rel_roadname,lgt_cond,lgt_condname,weather1,weather1name,weather2,weather2name,weather,weathername,sch_bus,sch_busname,rail,railname,not_hour,not_hourname,not_min,not_minname,arr_hour,arr_hourname,arr_min,arr_minname,hosp_hr,hosp_hrname,hosp_mn,hosp_mnname,cf1,cf1name,cf2,cf2name,cf3,cf3name,fatals,drunk_dr
2021,26,260203,Michigan,2,2,0,0,0,2,2,81,KENT (81),2010,GRAND RAPIDS,4,4,4,April,2021,1,Sunday,18,6:00pm-6:59pm,0,0,0,This section IS NOT on the NHS,2,Urban,4,Minor Arterial,4,City or Municipal Highway Agency,6,Local Street - Municipality,EASTERN AVE,,87,87,42.88841389,42.88841389,-85.645838890,-85.645838890,0,No Special Jurisdiction,12,Motor Vehicle In-Transport,6,Angle,0,No,8,Driveway Access Related,1,Not an Intersection,0,None,,,1,On Roadway,2,Dark - Not Lighted,,,,,1,Clear,0,No,0000000,Not Applicable,17,5:00pm-5:59pm,53,53,17,5:00pm-5:59pm,59,59,88,"Not Applicable (Not Transported) ",88,Not Applicable (Not Transported),,,,,,,1,
2021,26,260204,Michigan,1,1,0,0,0,1,1,51,GLADWIN (51),0,NOT APPLICABLE,6,6,4,April,2021,3,Tuesday,22,10:00pm-10:59pm,5,5,0,This section IS NOT on the NHS,1,Rural,7,Local,2,County Highway Agency,4,County Road,CR-OBERLIN RD,,47,47,44.05100000,44.05100000,-84.505219440,-84.505219440,0,No Special Jurisdiction,34,Ditch,0,The First Harmful Event was Not a Collision with a Motor Vehicle in Transport,0,No,1,Non-Junction,1,Not an Intersection,0,None,,,4,On Roadside,2,Dark - Not Lighted,,,,,1,Clear,0,No,0000000,Not Applicable,23,11:00pm-11:59pm,4,4,23,11:00pm-11:59pm,38,38,88,"Not Applicable (Not Transported) ",88,Not Applicable (Not Transported),,,,,,,1,
2021,26,260205,Michigan,1,1,0,1,1,1,1,57,GRATIOT (57),0,NOT APPLICABLE,9,9,4,April,2021,6,Friday,21,9:00pm-9:59pm,1,1,0,This section IS NOT on the NHS,1,Rural,4,Minor Arterial,1,State Highway Agency,3,State Highway,SR-57 W CLEVELAND AVE,S ELY,65,65,43.17622778,43.17622778,-84.708819440,-84.708819440,0,No Special Jurisdiction,8,Pedestrian,0,The First Harmful Event was Not a Collision with a Motor Vehicle in Transport,0,No,3,Intersection-Related,2,Four-Way Intersection,0,None,,,1,On Roadway,2,Dark - Not Lighted,,,,,1,Clear,0,No,0000000,Not Applicable,21,9:00pm-9:59pm,1,1,21,9:00pm-9:59pm,5,5,99,Unknown,99,Unknown EMS Hospital Arrival Time,,,,,,,1,
2021,26,260206,Michigan,1,1,0,0,0,1,1,139,OTTAWA (139),0,NOT APPLICABLE,4,4,4,April,2021,1,Sunday,3,3:00am-3:59am,18,18,0,This section IS NOT on the NHS,1,Rural,7,Local,2,County Highway Agency,4,County Road,CR-112TH,,25,25,42.89375833,42.89375833,-86.060844440,-86.060844440,0,No Special Jurisdiction,43,Other Fixed Object,0,The First Harmful Event was Not a Collision with a Motor Vehicle in Transport,0,No,1,Non-Junction,1,Not an Intersection,0,None,,,4,On Roadside,2,Dark - Not Lighted,,,,,1,Clear,0,No,0000000,Not Applicable,3,3:00am-3:59am,29,29,3,3:00am-3:59am,44,44,88,"Not Applicable (Not Transported) ",88,Not Applicable (Not Transported),,,,,,,1,
2021,26,260207,Michigan,1,1,0,0,0,1,1,57,GRATIOT (57),0,NOT APPLICABLE,5,5,4,April,2021,2,Monday,17,5:00pm-5:59pm,29,29,0,This section IS NOT on the NHS,1,Rural,7,Local,2,County Highway Agency,4,County Road,CR-BEGOLE RD,,1,1,43.20678611,43.20678611,-84.640452780,-84.640452780,0,No Special Jurisdiction,1,Rollover/Overturn,0,The First Harmful Event was Not a Collision with a Motor Vehicle in Transport,0,No,1,Non-Junction,1,Not an Intersection,0,None,,,1,On Roadway,1,Daylight,,,,,1,Clear,0,No,0000000,Not Applicable,17,5:00pm-5:59pm,29,29,17,5:00pm-5:59pm,41,41,99,Unknown,99,Unknown EMS Hospital Arrival Time,,,,,,,1,
2021,26,260208,Michigan,1,1,0,0,0,1,1,15,BARRY (15),0,NOT APPLICABLE,7,7,4,April,2021,4,Wednesday,13,1:00pm-1:59pm,13,13,0,This section IS NOT on the NHS,1,Rural,5,Major Collector,2,County Highway Agency,4,County Road,CR-LOCKSHORE RD,,20,20,42.44974722,42.44974722,-85.454361110,-85.454361110,0,No Special Jurisdiction,42,Tree (Standing Only),0,The First Harmful Event was Not a Collision with a Motor Vehicle in Transport,0,No,1,Non-Junction,1,Not an Intersection,0,None,,,4,On Roadside,1,Daylight,,,,,1,Clear,0,No,0000000,Not Applicable,13,1:00pm-1:59pm,14,14,13,1:00pm-1:59pm,19,19,99,Unknown,99,Unknown EMS Hospital Arrival Time,,,,,,,1,
2021,26,260209,Michigan,2,2,0,0,0,3,3,163,WAYNE (163),1260,DETROIT,7,7,4,April,2021,4,Wednesday,22,10:00pm-10:59pm,28,28,1,This section IS ON the NHS,2,Urban,1,Interstate,1,State Highway Agency,1,Interstate,I-94 RAMP 215H,,1,1,42.35826111,42.35826111,-83.076877780,-83.076877780,0,No Special Jurisdiction,25,Concrete Traffic Barrier,0,The First Harmful Event was Not a Collision with a Motor Vehicle in Transport,1,Yes,5,Entrance/Exit Ramp Related,1,Not an Intersection,0,None,,,4,On Roadside,3,Dark - Lighted,,,,,1,Clear,0,No,0000000,Not Applicable,22,10:00pm-10:59pm,30,30,22,10:00pm-10:59pm,38,38,99,Unknown,99,Unknown EMS Hospital Arrival Time,,,,,,,1,
2021,26,260210,Michigan,1,1,0,1,1,1,1,163,WAYNE (163),1260,DETROIT,6,6,4,April,2021,3,Tuesday,22,10:00pm-10:59pm,40,40,1,This section IS ON the NHS,2,Urban,3,Principal Arterial - Other,1,State Highway Agency,3,State Highway,SR-3 GRATIOT AVE,MARCUS AVE,53,53,42.39743611,42.39743611,-83.002358330,-83.002358330,0,No Special Jurisdiction,8,Pedestrian,0,The First Harmful Event was Not a Collision with a Motor Vehicle in Transport,0,No,3,Intersection-Related,2,Four-Way Intersection,0,None,,,1,On Roadway,3,Dark - Lighted,,,,,1,Clear,0,No,0000000,Not Applicable,99,Unknown,99,Unknown,99,Unknown EMS Scene Arrival Hour,99,Unknown EMS Scene Arrival Minutes,88,"Not Applicable (Not Transported) ",88,Not Applicable (Not Transported),,,,,,,1,
2021,26,260211,Michigan,1,1,0,0,0,2,2,15,BARRY (15),0,NOT APPLICABLE,11,11,4,April,2021,1,Sunday,14,2:00pm-2:59pm,26,26,0,This section IS NOT on the NHS,1,Rural,4,Minor Arterial,1,State Highway Agency,3,State Highway,SR-179,,21,21,42.63479444,42.63479444,-85.505522220,-85.505522220,0,No Special Jurisdiction,59,"Traffic Sign Support ",0,The First Harmful Event was Not a Collision with a Motor Vehicle in Transport,0,No,1,Non-Junction,1,Not an Intersection,0,None,,,4,On Roadside,1,Daylight,,,,,10,Cloudy,0,No,0000000,Not Applicable,14,2:00pm-2:59pm,33,33,14,2:00pm-2:59pm,39,39,99,Unknown,99,Unknown EMS Hospital Arrival Time,,,,,,,1,
2021,26,260212,Michigan,2,2,0,0,0,3,3,139,OTTAWA (139),0,NOT APPLICABLE,9,9,4,April,2021,6,Friday,6,6:00am-6:59am,5,5,1,This section IS ON the NHS,2,Urban,3,Principal Arterial - Other,1,State Highway Agency,2,U.S. Highway,US-31,HAYES ST,193,193,43.02819167,43.02819167,-86.216977780,-86.216977780,0,No Special Jurisdiction,12,Motor Vehicle In-Transport,1,Front-to-Rear,0,No,3,Intersection-Related,3,T-Intersection,0,None,,,1,On Roadway,2,Dark - Not Lighted,,,,,10,Cloudy,0,No,0000000,Not Applicable,6,6:00am-6:59am,6,6,6,6:00am-6:59am,28,28,99,Unknown,99,Unknown EMS Hospital Arrival Time,,,,,,,1,
2021,26,260213,Michigan,2,2,0,0,0,4,4,125,OAKLAND (125),1690,FERNDALE,6,6,4,April,2021,3,Tuesday,12,12:00pm-12:59pm,58,58,1,This section IS ON the NHS,2,Urban,3,Principal Arterial - Other,1,State Highway Agency,3,State Highway,SR-102 8 MILE RD,HILTON RD,102,102,42.44687778,42.44687778,-83.120719440,-83.120719440,0,No Special Jurisdiction,12,Motor Vehicle In-Transport,6,Angle,0,No,2,Intersection,2,Four-Way Intersection,0,None,,,1,On Roadway,1,Daylight,,,,,1,Clear,0,No,0000000,Not Applicable,12,12:00pm-12:59pm,58,58,13,1:00pm-1:59pm,3,3,99,Unknown,99,Unknown EMS Hospital Arrival Time,,,,,,,1,
2021,26,260214,Michigan,1,1,0,0,0,1,1,51,GLADWIN (51),0,NOT APPLICABLE,11,11,4,April,2021,1,Sunday,16,4:00pm-4:59pm,40,40,0,This section IS NOT on the NHS,1,Rural,5,Major Collector,2,County Highway Agency,4,County Road,CR-ESTEY RD,,60,60,43.87060278,43.87060278,-84.244675000,-84.244675000,0,No Special Jurisdiction,1,Rollover/Overturn,0,The First Harmful Event was Not a Collision with a Motor Vehicle in Transport,0,No,1,Non-Junction,1,Not an Intersection,0,None,,,4,On Roadside,1,Daylight,,,,,10,Cloudy,0,No,0000000,Not Applicable,99,Unknown,99,Unknown,99,Unknown EMS Scene Arrival Hour,99,Unknown EMS Scene Arrival Minutes,88,"Not Applicable (Not Transported) ",88,Not Applicable (Not Transported),,,,,,,1,
2021,26,260215,Michigan,1,1,0,0,0,2,2,87,LAPEER (87),0,NOT APPLICABLE,1,1,4,April,2021,5,Thursday,14,2:00pm-2:59pm,24,24,0,This section IS NOT on the NHS,1,Rural,5,Major Collector,2,County Highway Agency,4,County Road,CR-HAINES RD,,13,13,43.07398889,43.07398889,-83.272013890,-83.272013890,0,No Special Jurisdiction,53,Mail Box,0,The First Harmful Event was Not a Collision with a Motor Vehicle in Transport,0,No,1,Non-Junction,1,Not an Intersection,0,None,,,4,On Roadside,1,Daylight,,,,,10,Cloudy,0,No,0000000,Not Applicable,99,Unknown,99,Unknown,99,Unknown EMS Scene Arrival Hour,99,Unknown EMS Scene Arrival Minutes,99,Unknown,99,Unknown EMS Hospital Arrival Time,,,,,,,1,
2021,26,260216,Michigan,2,2,0,0,0,2,2,87,LAPEER (87),0,NOT APPLICABLE,6,6,4,April,2021,3,Tuesday,16,4:00pm-4:59pm,29,29,0,This section IS NOT on the NHS,2,Urban,5,Major Collector,2,County Highway Agency,4,County Road,CR-LIPPINCOTT RD,,48,48,43.00750000,43.00750000,-83.363988890,-83.363988890,0,No Special Jurisdiction,12,Motor Vehicle In-Transport,6,Angle,0,No,8,Driveway Access Related,1,Not an Intersection,0,None,,,1,On Roadway,1,Daylight,,,,,1,Clear,0,No,0000000,Not Applicable,99,Unknown,99,Unknown,99,Unknown EMS Scene Arrival Hour,99,Unknown EMS Scene Arrival Minutes,88,"Not Applicable (Not Transported) ",88,Not Applicable (Not Transported),,,,,,,1,
2021,26,260217,Michigan,1,1,0,1,1,1,1,23,BRANCH (23),0,NOT APPLICABLE,12,12,4,April,2021,2,Monday,20,8:00pm-8:59pm,3,3,0,This section IS NOT on the NHS,1,Rural,5,Major Collector,2,County Highway Agency,4,County Road,CR-ANGOLA RD,,40,40,41.81483889,41.81483889,-85.005041670,-85.005041670,0,No Special Jurisdiction,9,Pedalcyclist,0,The First Harmful Event was Not a Collision with a Motor Vehicle in Transport,0,No,1,Non-Junction,1,Not an Intersection,0,None,,,1,On Roadway,1,Daylight,,,,,10,Cloudy,0,No,0000000,Not Applicable,20,8:00pm-8:59pm,5,5,20,8:00pm-8:59pm,13,13,88,"Not Applicable (Not Transported) ",88,Not Applicable (Not Transported),,,,,,,1,
2021,26,260218,Michigan,1,1,0,0,0,1,1,49,GENESEE (49),1730,FLINT,10,10,4,April,2021,7,Saturday,20,8:00pm-8:59pm,5,5,0,This section IS NOT on the NHS,2,Urban,4,Minor Arterial,4,City or Municipal Highway Agency,6,Local Street - Municipality,WELCH BLVD,,5,5,43.03360833,43.03360833,-83.723458330,-83.723458330,0,No Special Jurisdiction,33,Curb,0,The First Harmful Event was Not a Collision with a Motor Vehicle in Transport,0,No,1,Non-Junction,1,Not an Intersection,0,None,,,4,On Roadside,1,Daylight,,,,,2,Rain,0,No,0000000,Not Applicable,20,8:00pm-8:59pm,4,4,20,8:00pm-8:59pm,10,10,88,"Not Applicable (Not Transported) ",88,Not Applicable (Not Transported),,,,,,,1,
2021,26,260219,Michigan,1,1,0,0,0,1,1,17,BAY (17),0,NOT APPLICABLE,10,10,4,April,2021,7,Saturday,23,11:00pm-11:59pm,33,33,0,This section IS NOT on the NHS,2,Urban,7,Local,2,County Highway Agency,4,County Road,CR-N JONES RD,,26,26,43.58890278,43.58890278,-83.816822220,-83.816822220,0,No Special Jurisdiction,32,Culvert,0,The First Harmful Event was Not a Collision with a Motor Vehicle in Transport,0,No,1,Non-Junction,1,Not an Intersection,0,None,,,4,On Roadside,2,Dark - Not Lighted,,,,,2,Rain,0,No,0000000,Not Applicable,23,11:00pm-11:59pm,34,34,23,11:00pm-11:59pm,40,40,88,"Not Applicable (Not Transported) ",88,Not Applicable (Not Transported),,,,,,,1,
2021,26,260220,Michigan,1,1,0,0,0,4,4,163,WAYNE (163),2850,LIVONIA,11,11,4,April,2021,1,Sunday,3,3:00am-3:59am,11,11,1,This section IS ON the NHS,2,Urban,1,Interstate,1,State Highway Agency,1,Interstate,I-275/I-96,,20,20,42.41162222,42.41162222,-83.423550000,-83.423550000,0,No Special Jurisdiction,57,Cable Barrier,0,The First Harmful Event was Not a Collision with a Motor Vehicle in Transport,0,No,1,Non-Junction,1,Not an Intersection,0,None,,,3,On Median,2,Dark - Not Lighted,,,,,2,Rain,0,No,0000000,Not Applicable,99,Unknown,99,Unknown,99,Unknown EMS Scene Arrival Hour,99,Unknown EMS Scene Arrival Minutes,99,Unknown,99,Unknown EMS Hospital Arrival Time,,,,,,,1,
2021,26,260221,Michigan,2,2,0,0,0,2,2,145,SAGINAW (145),0,NOT APPLICABLE,12,12,4,April,2021,2,Monday,6,6:00am-6:59am,20,20,1,This section IS ON the NHS,2,Urban,3,Principal Arterial - Other,1,State Highway Agency,3,State Highway,SR-46 GRATIOT AVE,ST ANDREWS RD,169,169,43.41541944,43.41541944,-84.034502780,-84.034502780,0,No Special Jurisdiction,12,Motor Vehicle In-Transport,6,Angle,0,No,2,Intersection,3,T-Intersection,0,None,,,1,On Roadway,3,Dark - Lighted,,,,,2,Rain,0,No,0000000,Not Applicable,6,6:00am-6:59am,23,23,6,6:00am-6:59am,29,29,99,Unknown,99,Unknown EMS Hospital Arrival Time,,,,,,,1,
2021,26,260222,Michigan,2,2,0,0,0,3,3,87,LAPEER (87),0,NOT APPLICABLE,13,13,4,April,2021,3,Tuesday,12,12:00pm-12:59pm,3,3,0,This section IS NOT on the NHS,1,Rural,7,Local,2,County Highway Agency,4,County Road,CR-PEPPERMILL RD,WILDER RD,23,23,43.03045278,43.03045278,-83.244622220,-83.244622220,0,No Special Jurisdiction,12,Motor Vehicle In-Transport,6,Angle,0,No,2,Intersection,2,Four-Way Intersection,0,None,,,1,On Roadway,1,Daylight,,,,,1,Clear,0,No,0000000,Not Applicable,12,12:00pm-12:59pm,4,4,12,12:00pm-12:59pm,10,10,88,"Not Applicable (Not Transported) ",88,Not Applicable (Not Transported),,,,,,,1,
2021,26,260223,Michigan,1,1,0,0,0,3,3,81,KENT (81),0,NOT APPLICABLE,10,10,4,April,2021,7,Saturday,23,11:00pm-11:59pm,30,30,1,This section IS ON the NHS,2,Urban,2,Principal Arterial - Other Freeways and Expressways,1,State Highway Agency,3,State Highway,SR-6,,33,33,42.85321389,42.85321389,-85.707475000,-85.707475000,0,No Special Jurisdiction,24,Guardrail Face,0,The First Harmful Event was Not a Collision with a Motor Vehicle in Transport,0,No,1,Non-Junction,1,Not an Intersection,0,None,,,4,On Roadside,2,Dark - Not Lighted,,,,,2,Rain,0,No,0000000,Not Applicable,99,Unknown,98,Unknown if Notified,99,Unknown EMS Scene Arrival Hour,98,Unknown if Arrived,88,"Not Applicable (Not Transported) ",88,Not Applicable (Not Transported),,,,,,,3,
2021,26,260224,Michigan,2,2,0,0,0,3,3,55,GRAND TRAVERSE (55),0,NOT APPLICABLE,12,12,4,April,2021,2,Monday,12,12:00pm-12:59pm,14,14,1,This section IS ON the NHS,2,Urban,3,Principal Arterial - Other,1,State Highway Agency,2,U.S. Highway,US-31,,128,128,44.73923889,44.73923889,-85.644583330,-85.644583330,0,No Special Jurisdiction,12,Motor Vehicle In-Transport,6,Angle,0,No,8,Driveway Access Related,1,Not an Intersection,0,None,,,1,On Roadway,1,Daylight,,,,,10,Cloudy,0,No,0000000,Not Applicable,12,12:00pm-12:59pm,20,20,12,12:00pm-12:59pm,22,22,99,Unknown,99,Unknown EMS Hospital Arrival Time,,,,,,,1,
2021,26,260225,Michigan,1,1,0,1,1,1,1,163,WAYNE (163),1260,DETROIT,4,4,4,April,2021,1,Sunday,10,10:00am-10:59am,15,15,1,This section IS ON the NHS,2,Urban,3,Principal Arterial - Other,4,City or Municipal Highway Agency,6,Local Street - Municipality,WARREN AVE,ELMWOOD ST,25,25,42.36807500,42.36807500,-83.034238890,-83.034238890,0,No Special Jurisdiction,8,Pedestrian,0,The First Harmful Event was Not a Collision with a Motor Vehicle in Transport,0,No,3,Intersection-Related,2,Four-Way Intersection,0,None,,,1,On Roadway,3,Dark - Lighted,,,,,1,Clear,0,No,0000000,Not Applicable,99,Unknown,99,Unknown,99,Unknown EMS Scene Arrival Hour,99,Unknown EMS Scene Arrival Minutes,99,Unknown,99,Unknown EMS Hospital Arrival Time,,,,,,,1,
2021,26,260226,Michigan,2,2,0,0,0,5,5,163,WAYNE (163),1260,DETROIT,11,11,4,April,2021,1,Sunday,21,9:00pm-9:59pm,5,5,1,This section IS ON the NHS,2,Urban,3,Principal Arterial - Other,1,State Highway Agency,3,State Highway,SR-102,WYOMING ST,82,82,42.44565000,42.44565000,-83.161500000,-83.161500000,0,No Special Jurisdiction,12,Motor Vehicle In-Transport,6,Angle,0,No,2,Intersection,2,Four-Way Intersection,0,None,,,1,On Roadway,2,Dark - Not Lighted,,,,,10,Cloudy,0,No,0000000,Not Applicable,99,Unknown,99,Unknown,99,Unknown EMS Scene Arrival Hour,99,Unknown EMS Scene Arrival Minutes,99,Unknown,99,Unknown EMS Hospital Arrival Time,,,,,,,1,
2021,26,260227,Michigan,2,2,0,0,0,2,2,17,BAY (17),0,NOT APPLICABLE,15,15,4,April,2021,5,Thursday,21,9:00pm-9:59pm,19,19,1,This section IS ON the NHS,2,Urban,2,Principal Arterial - Other Freeways and Expressways,1,State Highway Agency,2,U.S. Highway,US-10,,17,17,43.59780833,43.59780833,-84.145919440,-84.145919440,0,No Special Jurisdiction,12,Motor Vehicle In-Transport,1,Front-to-Rear,1,Yes,5,Entrance/Exit Ramp Related,1,Not an Intersection,0,None,,,1,On Roadway,3,Dark - Lighted,,,,,1,Clear,0,No,0000000,Not Applicable,21,9:00pm-9:59pm,19,19,21,9:00pm-9:59pm,28,28,88,"Not Applicable (Not Transported) ",88,Not Applicable (Not Transported),,,,,,,1,
2021,26,260228,Michigan,2,2,0,0,0,2,2,21,BERRIEN (21),0,NOT APPLICABLE,14,14,4,April,2021,4,Wednesday,8,8:00am-8:59am,30,30,1,This section IS ON the NHS,1,Rural,1,Interstate,1,State Highway Agency,1,Interstate,I-196,,49,49,42.20290556,42.20290556,-86.371202780,-86.371202780,0,No Special Jurisdiction,12,Motor Vehicle In-Transport,6,Angle,0,No,1,Non-Junction,1,Not an Intersection,0,None,,,1,On Roadway,1,Daylight,,,,,1,Clear,0,No,0000000,Not Applicable,8,8:00am-8:59am,30,30,99,Unknown EMS Scene Arrival Hour,99,Unknown EMS Scene Arrival Minutes,99,Unknown,99,Unknown EMS Hospital Arrival Time,,,,,,,1,
2021,26,260229,Michigan,3,3,0,0,0,3,3,159,VAN BUREN (159),0,NOT APPLICABLE,14,14,4,April,2021,4,Wednesday,14,2:00pm-2:59pm,30,30,0,This section IS NOT on the NHS,1,Rural,4,Minor Arterial,2,County Highway Agency,4,County Road,CR-W RED ARROW HWY,,59,59,42.21265000,42.21265000,-85.929544440,-85.929544440,0,No Special Jurisdiction,12,Motor Vehicle In-Transport,6,Angle,0,No,8,Driveway Access Related,1,Not an Intersection,0,None,,,1,On Roadway,1,Daylight,,,,,1,Clear,0,No,0000000,Not Applicable,14,2:00pm-2:59pm,33,33,14,2:00pm-2:59pm,33,33,88,"Not Applicable (Not Transported) ",88,Not Applicable (Not Transported),,,,,,,1,
2021,26,260230,Michigan,1,1,0,0,0,1,1,77,KALAMAZOO (77),0,NOT APPLICABLE,8,8,4,April,2021,5,Thursday,10,10:00am-10:59am,28,28,0,This section IS NOT on the NHS,2,Urban,4,Minor Arterial,2,County Highway Agency,4,County Road,CR-NAZERETH RD,,31,31,42.33179444,42.33179444,-85.540861110,-85.540861110,0,No Special Jurisdiction,42,Tree (Standing Only),0,The First Harmful Event was Not a Collision with a Motor Vehicle in Transport,0,No,1,Non-Junction,1,Not an Intersection,0,None,,,4,On Roadside,1,Daylight,,,,,10,Cloudy,0,No,0000000,Not Applicable,99,Unknown,99,Unknown,99,Unknown EMS Scene Arrival Hour,99,Unknown EMS Scene Arrival Minutes,88,"Not Applicable (Not Transported) ",88,Not Applicable (Not Transported),,,,,,,1,
2021,26,260231,Michigan,2,2,0,0,0,2,2,87,LAPEER (87),0,NOT APPLICABLE,20,20,4,April,2021,3,Tuesday,17,5:00pm-5:59pm,26,26,1,This section IS ON the NHS,1,Rural,3,Principal Arterial - Other,1,State Highway Agency,3,State Highway,SR-24 LAPEER RD,,20,20,42.91214444,42.91214444,-83.312380560,-83.312380560,0,No Special Jurisdiction,12,Motor Vehicle In-Transport,2,Front-to-Front,0,No,1,Non-Junction,1,Not an Intersection,0,None,,,1,On Roadway,1,Daylight,,,,,4,Snow,0,No,0000000,Not Applicable,17,5:00pm-5:59pm,29,29,17,5:00pm-5:59pm,35,35,99,Unknown,99,Unknown EMS Hospital Arrival Time,,,,,,,1,
2021,26,260232,Michigan,1,1,0,1,1,1,1,65,INGHAM (65),0,NOT APPLICABLE,17,17,4,April,2021,7,Saturday,20,8:00pm-8:59pm,57,57,1,This section IS ON the NHS,2,Urban,3,Principal Arterial - Other,2,County Highway Agency,4,County Road,CR-CEDAR ST,WILLOUGHBY RD,55,55,42.65459722,42.65459722,-84.532477780,-84.532477780,0,No Special Jurisdiction,8,Pedestrian,0,The First Harmful Event was Not a Collision with a Motor Vehicle in Transport,0,No,3,Intersection-Related,2,Four-Way Intersection,0,None,,,1,On Roadway,3,Dark - Lighted,,,,,1,Clear,0,No,0000000,Not Applicable,20,8:00pm-8:59pm,57,57,21,9:00pm-9:59pm,0,0,99,Unknown,99,Unknown EMS Hospital Arrival Time,,,,,,,1,
2021,26,260233,Michigan,1,1,0,0,0,2,2,163,WAYNE (163),1260,DETROIT,19,19,4,April,2021,2,Monday,0,0:00am-0:59am,14,14,0,This section IS NOT on the NHS,2,Urban,4,Minor Arterial,2,County Highway Agency,4,County Road,CR-SCHOOLCRAFT RD,,114,114,42.38648333,42.38648333,-83.226780560,-83.226780560,0,No Special Jurisdiction,42,Tree (Standing Only),0,The First Harmful Event was Not a Collision with a Motor Vehicle in Transport,0,No,1,Non-Junction,1,Not an Intersection,0,None,,,4,On Roadside,3,Dark - Lighted,,,,,1,Clear,0,No,0000000,Not Applicable,99,Unknown,99,Unknown,99,Unknown EMS Scene Arrival Hour,99,Unknown EMS Scene Arrival Minutes,99,Unknown,99,Unknown EMS Hospital Arrival Time,,,,,,,1,
2021,26,260234,Michigan,1,1,0,0,0,1,1,81,KENT (81),2010,GRAND RAPIDS,21,21,4,April,2021,4,Wednesday,1,1:00am-1:59am,0,0,1,This section IS ON the NHS,2,Urban,3,Principal Arterial - Other,4,City or Municipal Highway Agency,6,Local Street - Municipality,DIVISION AVE,,110,110,42.91938333,42.91938333,-85.666297220,-85.666297220,0,No Special Jurisdiction,30,Utility Pole/Light Support,0,The First Harmful Event was Not a Collision with a Motor Vehicle in Transport,0,No,1,Non-Junction,1,Not an Intersection,0,None,,,12,Pedestrian Refuge Island or Traffic Island,3,Dark - Lighted,,,,,1,Clear,0,No,0000000,Not Applicable,1,1:00am-1:59am,6,6,1,1:00am-1:59am,10,10,88,"Not Applicable (Not Transported) ",88,Not Applicable (Not Transported),,,,,,,1,
2021,26,260235,Michigan,2,2,0,0,0,2,2,77,KALAMAZOO (77),2520,KALAMAZOO,23,23,4,April,2021,6,Friday,23,11:00pm-11:59pm,40,40,0,This section IS NOT on the NHS,2,Urban,4,Minor Arterial,4,City or Municipal Highway Agency,6,Local Street - Municipality,HARRISON ST,MICHIGAN AVE,0,None,42.29471389,42.29471389,-85.574672220,-85.574672220,0,No Special Jurisdiction,12,Motor Vehicle In-Transport,6,Angle,0,No,2,Intersection,2,Four-Way Intersection,0,None,,,1,On Roadway,3,Dark - Lighted,,,,,1,Clear,0,No,0000000,Not Applicable,99,Unknown,99,Unknown,99,Unknown EMS Scene Arrival Hour,99,Unknown EMS Scene Arrival Minutes,99,Unknown,99,Unknown EMS Hospital Arrival Time,,,,,,,1,
2021,26,260236,Michigan,2,2,0,0,0,2,2,163,WAYNE (163),1260,DETROIT,18,18,4,April,2021,1,Sunday,2,2:00am-2:59am,40,40,1,This section IS ON the NHS,2,Urban,1,Interstate,1,State Highway Agency,1,Interstate,I-94,,312,312,42.38833333,42.38833333,-83.014972220,-83.014972220,0,No Special Jurisdiction,18,Other Object (not fixed),0,The First Harmful Event was Not a Collision with a Motor Vehicle in Transport,0,No,1,Non-Junction,1,Not an Intersection,1,Construction,,,1,On Roadway,3,Dark - Lighted,,,,,1,Clear,0,No,0000000,Not Applicable,2,2:00am-2:59am,40,40,2,2:00am-2:59am,50,50,88,"Not Applicable (Not Transported) ",88,Not Applicable (Not Transported),,,,,,,1,
2021,26,260237,Michigan,1,1,0,0,0,1,1,49,GENESEE (49),1730,FLINT,23,23,4,April,2021,6,Friday,10,10:00am-10:59am,24,24,1,This section IS ON the NHS,2,Urban,3,Principal Arterial - Other,4,City or Municipal Highway Agency,6,Local Street - Municipality,WELCH BLVD,,11,11,43.03828889,43.03828889,-83.732027780,-83.732027780,0,No Special Jurisdiction,33,Curb,0,The First Harmful Event was Not a Collision with a Motor Vehicle in Transport,0,No,1,Non-Junction,1,Not an Intersection,0,None,,,4,On Roadside,1,Daylight,,,,,1,Clear,0,No,0000000,Not Applicable,10,10:00am-10:59am,26,26,10,10:00am-10:59am,32,32,88,"Not Applicable (Not Transported) ",88,Not Applicable (Not Transported),,,,,,,1,
2021,26,260238,Michigan,2,2,0,0,0,2,2,157,TUSCOLA (157),0,NOT APPLICABLE,21,21,4,April,2021,4,Wednesday,20,8:00pm-8:59pm,27,27,0,This section IS NOT on the NHS,1,Rural,5,Major Collector,2,County Highway Agency,4,County Road,CR-ORMES RD,,25,25,43.32151111,43.32151111,-83.645661110,-83.645661110,0,No Special Jurisdiction,12,Motor Vehicle In-Transport,6,Angle,0,No,1,Non-Junction,1,Not an Intersection,0,None,,,1,On Roadway,5,Dusk,,,,,1,Clear,0,No,0000000,Not Applicable,20,8:00pm-8:59pm,30,30,20,8:00pm-8:59pm,49,49,99,Unknown,99,Unknown EMS Hospital Arrival Time,,,,,,,1,