caseyear,state,st_case,statename,ve_total,ve_forms,pvh_invl,peds,pernotmvit,permvit,persons,county,countyname,city,cityname,day,dayname,month,monthname,year,day_week,day_weekname,hour,hourname,minute,minutename,nhs,nhsname,rur_urb,rur_urbname,func_sys,func_sysname,rd_owner,rd_ownername,route,routename,tway_id,tway_id2,milept,mileptname,latitude,latitudename,longitud,longitudname,sp_jur,sp_jurname,harm_ev,harm_evname,man_coll,man_collname,reljct1,reljct1name,reljct2,reljct2name,typ_int,typ_intname,wrk_zone,wrk_zonename,road_fnc,road_fncname,rel_road,rel_roadname,lgt_cond,lgt_condname,weather1,weather1name,weather2,weather2name,weather,weathername,sch_bus,sch_busname,rail,railname,not_hour,not_hourname,not_min,not_minname,arr_hour,arr_hourname,arr_min,arr_minname,hosp_hr,hosp_hrname,hosp_mn,hosp_mnname,cf1,cf1name,cf2,cf2name,cf3,cf3name,fatals,drunk_dr
2021,26,260348,Michigan,1,1,0,0,0,2,2,115,MONROE (115),3320,MONROE,29,29,5,May,2021,7,Saturday,17,5:00pm-5:59pm,17,17,1,This section IS ON the NHS,2,Urban,1,Interstate,1,State Highway Agency,1,Interstate,I-75,,127,127,41.89407500,41.89407500,-83.379025000,-83.379025000,0,No Special Jurisdiction,18,Other Object (not fixed),0,The First Harmful Event was Not a Collision with a Motor Vehicle in Transport,0,No,1,Non-Junction,1,Not an Intersection,0,None,,,2,On Shoulder,1,Daylight,,,,,1,Clear,0,No,0000000,Not Applicable,17,5:00pm-5:59pm,19,19,17,5:00pm-5:59pm,28,28,99,Unknown,99,Unknown EMS Hospital Arrival Time,,,,,,,1,
2021,26,260349,Michigan,1,1,0,1,1,1,1,125,OAKLAND (125),3712,ORION TOWNSHIP,29,29,5,May,2021,7,Saturday,23,11:00pm-11:59pm,15,15,1,This section IS ON the NHS,2,Urban,3,Principal Arterial - Other,1,State Highway Agency,3,State Highway,SR-24 LAPEER RD,,40,40,42.74067778,42.74067778,-83.245600000,-83.245600000,0,No Special Jurisdiction,8,Pedestrian,0,The First Harmful Event was Not a Collision with a Motor Vehicle in Transport,0,No,1,Non-Junction,1,Not an Intersection,0,None,,,1,On Roadway,2,Dark - Not Lighted,,,,,1,Clear,0,No,0000000,Not Applicable,23,11:00pm-11:59pm,17,17,23,11:00pm-11:59pm,23,23,99,Unknown,99,Unknown EMS Hospital Arrival Time,,,,,,,1,
2021,26,260350,Michigan,2,2,0,0,0,3,3,163,WAYNE (163),1260,DETROIT,31,31,5,May,2021,2,Monday,1,1:00am-1:59am,55,55,1,This section IS ON the NHS,2,Urban,3,Principal Arterial - Other,1,State Highway Agency,3,State Highway,SR-3 GRATIOT AVE,MCNICHOLS RD,76,76,42.42694444,42.42694444,-82.983016670,-82.983016670,0,No Special Jurisdiction,12,Motor Vehicle In-Transport,2,Front-to-Front,0,No,2,Intersection,2,Four-Way Intersection,0,None,,,1,On Roadway,3,Dark - Lighted,,,,,1,Clear,0,No,0000000,Not Applicable,99,Unknown,99,Unknown,99,Unknown EMS Scene Arrival Hour,99,Unknown EMS Scene Arrival Minutes,99,Unknown,99,Unknown EMS Hospital Arrival Time,,,,,,,1,
2021,26,260351,Michigan,1,1,0,0,0,1,1,67,IONIA (67),0,NOT APPLICABLE,26,26,5,May,2021,4,Wednesday,20,8:00pm-8:59pm,7,7,0,This section IS NOT on the NHS,1,Rural,4,Minor Arterial,1,State Highway Agency,3,State Highway,SR-21 BLUEWATER HWY,,63,63,42.94605833,42.94605833,-85.191480560,-85.191480560,0,No Special Jurisdiction,11,Live Animal,0,The First Harmful Event was Not a Collision with a Motor Vehicle in Transport,0,No,1,Non-Junction,1,Not an Intersection,0,None,,,1,On Roadway,1,Daylight,,,,,1,Clear,0,No,0000000,Not Applicable,99,Unknown,99,Unknown,99,Unknown EMS Scene Arrival Hour,99,Unknown EMS Scene Arrival Minutes,99,Unknown,99,Unknown EMS Hospital Arrival Time,,,,,,,1,
2021,26,260352,Michigan,1,1,0,0,0,2,2,87,LAPEER (87),0,NOT APPLICABLE,23,23,5,May,2021,1,Sunday,20,8:00pm-8:59pm,4,4,0,This section IS NOT on the NHS,1,Rural,7,Local,2,County Highway Agency,4,County Road,CR-SKELTON RD,,7,7,43.15667778,43.15667778,-83.336175000,-83.336175000,0,No Special Jurisdiction,1,Rollover/Overturn,0,The First Harmful Event was Not a Collision with a Motor Vehicle in Transport,0,No,1,Non-Junction,1,Not an Intersection,0,None,,,4,On Roadside,1,Daylight,,,,,1,Clear,0,No,0000000,Not Applicable,99,Unknown,99,Unknown,99,Unknown EMS Scene Arrival Hour,99,Unknown EMS Scene Arrival Minutes,88,"Not Applicable (Not Transported) ",88,Not Applicable (Not Transported),,,,,,,1,
2021,26,260353,Michigan,2,2,0,0,0,2,2,49,GENESEE (49),1730,FLINT,17,17,5,May,2021,2,Monday,13,1:00pm-1:59pm,32,32,0,This section IS NOT on the NHS,2,Urban,4,Minor Arterial,2,County Highway Agency,4,County Road,CR-VAN SLYKE RD,BRISTOL RD,20,20,42.97379167,42.97379167,-83.712894440,-83.712894440,0,No Special Jurisdiction,12,Motor Vehicle In-Transport,6,Angle,0,No,2,Intersection,2,Four-Way Intersection,0,None,,,1,On Roadway,1,Daylight,,,,,1,Clear,0,No,0000000,Not Applicable,99,Unknown,99,Unknown,99,Unknown EMS Scene Arrival Hour,99,Unknown EMS Scene Arrival Minutes,99,Unknown,99,Unknown EMS Hospital Arrival Time,,,,,,,1,
2021,26,260354,Michigan,2,2,0,0,0,2,2,163,WAYNE (163),1210,DEARBORN,25,25,5,May,2021,3,Tuesday,8,8:00am-8:59am,30,30,0,This section IS NOT on the NHS,2,Urban,4,Minor Arterial,2,County Highway Agency,4,County Road,CR-BUTLER RD,"I-94 RAMP ",2,2,42.29798056,42.29798056,-83.176191670,-83.176191670,0,No Special Jurisdiction,12,Motor Vehicle In-Transport,6,Angle,1,Yes,2,Intersection,3,T-Intersection,0,None,,,1,On Roadway,1,Daylight,,,,,1,Clear,0,No,0000000,Not Applicable,99,Unknown,99,Unknown,99,Unknown EMS Scene Arrival Hour,99,Unknown EMS Scene Arrival Minutes,88,"Not Applicable (Not Transported) ",88,Not Applicable (Not Transported),,,,,,,1,
2021,26,260355,Michigan,1,1,0,0,0,2,2,49,GENESEE (49),0,NOT APPLICABLE,24,24,5,May,2021,2,Monday,21,9:00pm-9:59pm,23,23,0,This section IS NOT on the NHS,1,Rural,7,Local,2,County Highway Agency,4,County Road,CR-SYEMOUR RD,,184,184,43.21399167,43.21399167,-83.894336110,-83.894336110,0,No Special Jurisdiction,1,Rollover/Overturn,0,The First Harmful Event was Not a Collision with a Motor Vehicle in Transport,0,No,1,Non-Junction,1,Not an Intersection,0,None,,,1,On Roadway,5,Dusk,,,,,1,Clear,0,No,0000000,Not Applicable,99,Unknown,99,Unknown,99,Unknown EMS Scene Arrival Hour,99,Unknown EMS Scene Arrival Minutes,99,Unknown,99,Unknown EMS Hospital Arrival Time,,,,,,,1,
2021,26,260356,Michigan,1,1,0,1,1,1,1,99,MACOMB (99),5110,WARREN,5,5,5,May,2021,4,Wednesday,21,9:00pm-9:59pm,55,55,1,This section IS ON the NHS,2,Urban,3,Principal Arterial - Other,1,State Highway Agency,3,State Highway,SR-53 VAN DYKE AVE,,13,13,42.46818611,42.46818611,-83.026880560,-83.026880560,0,No Special Jurisdiction,8,Pedestrian,0,The First Harmful Event was Not a Collision with a Motor Vehicle in Transport,0,No,1,Non-Junction,1,Not an Intersection,0,None,,,1,On Roadway,3,Dark - Lighted,,,,,1,Clear,0,No,0000000,Not Applicable,99,Unknown,99,Unknown,99,Unknown EMS Scene Arrival Hour,99,Unknown EMS Scene Arrival Minutes,88,"Not Applicable (Not Transported) ",88,Not Applicable (Not Transported),,,,,,,1,
2021,26,260357,Michigan,2,2,0,0,0,2,2,163,WAYNE (163),4295,ROMULUS,14,14,5,May,2021,6,Friday,17,5:00pm-5:59pm,46,46,1,This section IS ON the NHS,2,Urban,3,Principal Arterial - Other,2,County Highway Agency,4,County Road,CR-EUREKA RD,BRANDT ST,35,35,42.19528333,42.19528333,-83.336813890,-83.336813890,0,No Special Jurisdiction,12,Motor Vehicle In-Transport,2,Front-to-Front,0,No,3,Intersection-Related,3,T-Intersection,0,None,,,1,On Roadway,1,Daylight,,,,,1,Clear,0,No,0000000,Not Applicable,99,Unknown,99,Unknown,99,Unknown EMS Scene Arrival Hour,99,Unknown EMS Scene Arrival Minutes,99,Unknown,99,Unknown EMS Hospital Arrival Time,,,,,,,2,
2021,26,260358,Michigan,2,2,0,0,0,2,2,163,WAYNE (163),4975,VAN BOWEN,23,23,5,May,2021,1,Sunday,13,1:00pm-1:59pm,30,30,0,This section IS NOT on the NHS,2,Urban,4,Minor Arterial,2,County Highway Agency,4,County Road,CR-SAVAGE RD,WILDBROOK DR,48,48,42.19871944,42.19871944,-83.452550000,-83.452550000,0,No Special Jurisdiction,12,Motor Vehicle In-Transport,6,Angle,0,No,2,Intersection,3,T-Intersection,0,None,,,1,On Roadway,1,Daylight,,,,,1,Clear,0,No,0000000,Not Applicable,99,Unknown,99,Unknown,99,Unknown EMS Scene Arrival Hour,99,Unknown EMS Scene Arrival Minutes,99,Unknown,99,Unknown EMS Hospital Arrival Time,,,,,,,1,
2021,26,260359,Michigan,1,1,0,0,0,1,1,147,ST. CLAIR (147),0,NOT APPLICABLE,29,29,5,May,2021,7,Saturday,7,7:00am-7:59am,57,57,0,This section IS NOT on the NHS,1,Rural,5,Major Collector,2,County Highway Agency,4,County Road,CR-YALE RD,,158,158,43.13498611,43.13498611,-82.647325000,-82.647325000,0,No Special Jurisdiction,42,Tree (Standing Only),0,The First Harmful Event was Not a Collision with a Motor Vehicle in Transport,0,No,1,Non-Junction,1,Not an Intersection,0,None,,,4,On Roadside,1,Daylight,,,,,1,Clear,0,No,0000000,Not Applicable,8,8:00am-8:59am,0,0,8,8:00am-8:59am,7,7,88,"Not Applicable (Not Transported) ",88,Not Applicable (Not Transported),,,,,,,1,
2021,26,260360,Michigan,1,1,0,1,1,1,1,163,WAYNE (163),1260,DETROIT,30,30,5,May,2021,1,Sunday,1,1:00am-1:59am,45,45,1,This section IS ON the NHS,2,Urban,2,Principal Arterial - Other Freeways and Expressways,1,State Highway Agency,1,Interstate,I-75 CONNECTOR RAMP,,247,247,42.34566944,42.34566944,-83.038194440,-83.038194440,0,No Special Jurisdiction,8,Pedestrian,0,The First Harmful Event was Not a Collision with a Motor Vehicle in Transport,1,Yes,20,Entrance/Exit Ramp,1,Not an Intersection,0,None,,,1,On Roadway,3,Dark - Lighted,,,,,1,Clear,0,No,0000000,Not Applicable,99,Unknown,99,Unknown,99,Unknown EMS Scene Arrival Hour,99,Unknown EMS Scene Arrival Minutes,88,"Not Applicable (Not Transported) ",88,Not Applicable (Not Transported),,,,,,,1,
2021,26,260361,Michigan,2,2,0,0,0,2,2,125,OAKLAND (125),3628,NOVI,23,23,5,May,2021,1,Sunday,2,2:00am-2:59am,45,45,1,This section IS ON the NHS,2,Urban,1,Interstate,1,State Highway Agency,1,Interstate,I-96,,110,110,42.48580278,42.48580278,-83.463308330,-83.463308330,0,No Special Jurisdiction,12,Motor Vehicle In-Transport,2,Front-to-Front,0,No,1,Non-Junction,1,Not an Intersection,0,None,,,1,On Roadway,2,Dark - Not Lighted,,,,,1,Clear,0,No,0000000,Not Applicable,99,Unknown,99,Unknown,99,Unknown EMS Scene Arrival Hour,99,Unknown EMS Scene Arrival Minutes,99,Unknown,99,Unknown EMS Hospital Arrival Time,,,,,,,1,
2021,26,260362,Michigan,1,1,0,0,0,2,2,77,KALAMAZOO (77),0,NOT APPLICABLE,22,22,5,May,2021,7,Saturday,5,5:00am-5:59am,10,10,1,This section IS ON the NHS,2,Urban,3,Principal Arterial - Other,2,County Highway Agency,4,County Road,CR-SPRINKLE RD,,68,68,42.27131944,42.27131944,-85.530863890,-85.530863890,0,No Special Jurisdiction,31,"Post, Pole or Other Supports",0,The First Harmful Event was Not a Collision with a Motor Vehicle in Transport,0,No,1,Non-Junction,1,Not an Intersection,0,None,,,4,On Roadside,3,Dark - Lighted,,,,,1,Clear,0,No,0000000,Not Applicable,99,Unknown,99,Unknown,99,Unknown EMS Scene Arrival Hour,99,Unknown EMS Scene Arrival Minutes,99,Unknown,99,Unknown EMS Hospital Arrival Time,,,,,,,1,
2021,26,260363,Michigan,2,2,0,0,0,5,5,161,WASHTENAW (161),0,NOT APPLICABLE,1,1,6,June,2021,3,Tuesday,16,4:00pm-4:59pm,6,6,0,This section IS NOT on the NHS,2,Urban,7,Local,2,County Highway Agency,4,County Road,CR-MARTZ RD,MCKEAN RD,25,25,42.18141389,42.18141389,-83.552158330,-83.552158330,0,No Special Jurisdiction,12,Motor Vehicle In-Transport,6,Angle,0,No,2,Intersection,3,T-Intersection,0,None,,,1,On Roadway,1,Daylight,,,,,1,Clear,0,No,0000000,Not Applicable,16,4:00pm-4:59pm,7,7,16,4:00pm-4:59pm,19,19,88,"Not Applicable (Not Transported) ",88,Not Applicable (Not Transported),,,,,,,1,
2021,26,260364,Michigan,3,3,0,0,0,3,3,125,OAKLAND (125),4020,PONTIAC,1,1,6,June,2021,3,Tuesday,18,6:00pm-6:59pm,57,57,1,This section IS ON the NHS,2,Urban,3,Principal Arterial - Other,4,City or Municipal Highway Agency,6,Local Street - Municipality,MARTIN LUTHER KING JR BLVD,MICHIGAN AVE,1,1,42.64098611,42.64098611,-83.269180560,-83.269180560,0,No Special Jurisdiction,12,Motor Vehicle In-Transport,6,Angle,0,No,2,Intersection,2,Four-Way Intersection,0,None,,,1,On Roadway,1,Daylight,,,,,10,Cloudy,0,No,0000000,Not Applicable,18,6:00pm-6:59pm,59,59,19,7:00pm-7:59pm,4,4,99,Unknown,99,Unknown EMS Hospital Arrival Time,,,,,,,1,
2021,26,260365,Michigan,1,1,0,0,0,1,1,139,OTTAWA (139),0,NOT APPLICABLE,1,1,6,June,2021,3,Tuesday,1,1:00am-1:59am,41,41,1,This section IS ON the NHS,2,Urban,1,Interstate,1,State Highway Agency,1,Interstate,I-96,,23,23,43.09194722,43.09194722,-86.097569440,-86.097569440,0,No Special Jurisdiction,42,Tree (Standing Only),0,The First Harmful Event was Not a Collision with a Motor Vehicle in Transport,0,No,1,Non-Junction,1,Not an Intersection,0,None,,,4,On Roadside,2,Dark - Not Lighted,,,,,1,Clear,0,No,0000000,Not Applicable,1,1:00am-1:59am,42,42,1,1:00am-1:59am,47,47,88,"Not Applicable (Not Transported) ",88,Not Applicable (Not Transported),,,,,,,1,
2021,26,260366,Michigan,1,1,0,0,0,1,1,111,MIDLAND (111),2325,HOPE,1,1,6,June,2021,3,Tuesday,14,2:00pm-2:59pm,45,45,0,This section IS NOT on the NHS,1,Rural,4,Minor Arterial,1,State Highway Agency,3,State Highway,SR-30 MERIDIAN/CURTIS RD,,81,81,43.79796667,43.79796667,-84.367002780,-84.367002780,0,No Special Jurisdiction,1,Rollover/Overturn,0,The First Harmful Event was Not a Collision with a Motor Vehicle in Transport,0,No,1,Non-Junction,1,Not an Intersection,0,None,,,1,On Roadway,1,Daylight,,,,,1,Clear,0,No,0000000,Not Applicable,99,Unknown,99,Unknown,99,Unknown EMS Scene Arrival Hour,99,Unknown EMS Scene Arrival Minutes,88,"Not Applicable (Not Transported) ",88,Not Applicable (Not Transported),,,,,,,1,
2021,26,260367,Michigan,2,2,0,0,0,3,3,17,BAY (17),0,NOT APPLICABLE,4,4,6,June,2021,6,Friday,19,7:00pm-7:59pm,26,26,0,This section IS NOT on the NHS,1,Rural,5,Major Collector,2,County Highway Agency,4,County Road,CR-LINWOOD RD,,58,58,43.73927222,43.73927222,-84.049863890,-84.049863890,0,No Special Jurisdiction,12,Motor Vehicle In-Transport,6,Angle,0,No,8,Driveway Access Related,1,Not an Intersection,0,None,,,1,On Roadway,1,Daylight,,,,,10,Cloudy,0,No,0000000,Not Applicable,19,7:00pm-7:59pm,28,28,19,7:00pm-7:59pm,35,35,99,Unknown,99,Unknown EMS Hospital Arrival Time,,,,,,,1,
2021,26,260368,Michigan,2,2,0,0,0,2,2,157,TUSCOLA (157),0,NOT APPLICABLE,5,5,6,June,2021,7,Saturday,22,10:00pm-10:59pm,7,7,0,This section IS NOT on the NHS,1,Rural,4,Minor Arterial,1,State Highway Agency,3,State Highway,SR-24 UNIONVILLE RD,,72,72,43.64342778,43.64342778,-83.466202780,-83.466202780,0,No Special Jurisdiction,12,Motor Vehicle In-Transport,1,Front-to-Rear,0,No,8,Driveway Access Related,1,Not an Intersection,0,None,,,1,On Roadway,2,Dark - Not Lighted,,,,,1,Clear,0,No,0000000,Not Applicable,22,10:00pm-10:59pm,9,9,22,10:00pm-10:59pm,14,14,88,"Not Applicable (Not Transported) ",88,Not Applicable (Not Transported),,,,,,,1,
2021,26,260369,Michigan,1,1,0,0,0,1,1,81,KENT (81),2020,GRANDVILLE,6,6,6,June,2021,1,Sunday,21,9:00pm-9:59pm,6,6,1,This section IS ON the NHS,2,Urban,1,Interstate,1,State Highway Agency,1,Interstate,I-96,,15,15,42.89777222,42.89777222,-85.780730560,-85.780730560,0,No Special Jurisdiction,1,Rollover/Overturn,0,The First Harmful Event was Not a Collision with a Motor Vehicle in Transport,0,No,1,Non-Junction,1,Not an Intersection,0,None,,,4,On Roadside,1,Daylight,,,,,1,Clear,0,No,0000000,Not Applicable,21,9:00pm-9:59pm,5,5,21,9:00pm-9:59pm,10,10,88,"Not Applicable (Not Transported) ",88,Not Applicable (Not Transported),,,,,,,1,
2021,26,260370,Michigan,1,1,0,1,1,1,1,81,KENT (81),5089,WALKER,7,7,6,June,2021,2,Monday,4,4:00am-4:59am,55,55,0,This section IS NOT on the NHS,2,Urban,4,Minor Arterial,4,City or Municipal Highway Agency,6,Local Street - Municipality,RIVER DR,,12,12,43.02524444,43.02524444,-85.671066670,-85.671066670,0,No Special Jurisdiction,8,Pedestrian,0,The First Harmful Event was Not a Collision with a Motor Vehicle in Transport,0,No,1,Non-Junction,1,Not an Intersection,0,None,,,1,On Roadway,3,Dark - Lighted,,,,,1,Clear,0,No,0000000,Not Applicable,4,4:00am-4:59am,55,55,5,5:00am-5:59am,0,0,88,"Not Applicable (Not Transported) ",88,Not Applicable (Not Transported),,,,,,,1,
2021,26,260371,Michigan,2,2,0,0,0,2,2,93,LIVINGSTON (93),0,NOT APPLICABLE,6,6,6,June,2021,1,Sunday,15,3:00pm-3:59pm,43,43,0,This section IS NOT on the NHS,2,Urban,5,Major Collector,2,County Highway Agency,4,County Road,CR-HUGHES RD,FOREST PONDS DR,5,5,42.57971389,42.57971389,-83.834372220,-83.834372220,0,No Special Jurisdiction,12,Motor Vehicle In-Transport,6,Angle,0,No,2,Intersection,2,Four-Way Intersection,0,None,,,1,On Roadway,1,Daylight,,,,,1,Clear,0,No,0000000,Not Applicable,99,Unknown,99,Unknown,99,Unknown EMS Scene Arrival Hour,99,Unknown EMS Scene Arrival Minutes,88,"Not Applicable (Not Transported) ",88,Not Applicable (Not Transported),,,,,,,1,
2021,26,260372,Michigan,3,3,0,0,0,3,3,147,ST. CLAIR (147),0,NOT APPLICABLE,6,6,6,June,2021,1,Sunday,16,4:00pm-4:59pm,23,23,0,This section IS NOT on the NHS,1,Rural,4,Minor Arterial,2,County Highway Agency,4,County Road,CR-MARINE CITY HWY,,12,12,42.72181389,42.72181389,-82.704488890,-82.704488890,0,No Special Jurisdiction,12,Motor Vehicle In-Transport,1,Front-to-Rear,0,No,8,Driveway Access Related,1,Not an Intersection,0,None,,,1,On Roadway,1,Daylight,,,,,1,Clear,0,No,0000000,Not Applicable,16,4:00pm-4:59pm,25,25,16,4:00pm-4:59pm,33,33,99,Unknown,99,Unknown EMS Hospital Arrival Time,,,,,,,1,
2021,26,260373,Michigan,1,1,0,1,1,1,1,163,WAYNE (163),1260,DETROIT,5,5,6,June,2021,7,Saturday,22,10:00pm-10:59pm,50,50,0,This section IS NOT on the NHS,2,Urban,5,Major Collector,4,City or Municipal Highway Agency,6,Local Street - Municipality,ELMHURST ST,SANTA ROSA DR,6,6,42.37611944,42.37611944,-83.141258330,-83.141258330,0,No Special Jurisdiction,8,Pedestrian,0,The First Harmful Event was Not a Collision with a Motor Vehicle in Transport,0,No,2,Intersection,3,T-Intersection,0,None,,,1,On Roadway,2,Dark - Not Lighted,,,,,1,Clear,0,No,0000000,Not Applicable,99,Unknown,99,Unknown,99,Unknown EMS Scene Arrival Hour,99,Unknown EMS Scene Arrival Minutes,99,Unknown,99,Unknown EMS Hospital Arrival Time,,,,,,,1,
2021,26,260374,Michigan,2,2,0,0,0,2,2,163,WAYNE (163),1260,DETROIT,5,5,6,June,2021,7,Saturday,23,11:00pm-11:59pm,0,0,1,This section IS ON the NHS,2,Urban,3,Principal Arterial - Other,1,State Highway Agency,3,State Highway,SR-1 WOODWARD AVE,,42,42,42.36238611,42.36238611,-83.067927780,-83.067927780,0,No Special Jurisdiction,12,Motor Vehicle In-Transport,6,Angle,0,No,8,Driveway Access Related,1,Not an Intersection,0,None,,,1,On Roadway,3,Dark - Lighted,,,,,1,Clear,0,No,0000000,Not Applicable,99,Unknown,99,Unknown,99,Unknown EMS Scene Arrival Hour,99,Unknown EMS Scene Arrival Minutes,99,Unknown,99,Unknown EMS Hospital Arrival Time,,,,,,,1,
2021,26,260375,Michigan,1,1,0,0,0,1,1,79,KALKASKA (79),0,NOT APPLICABLE,8,8,6,June,2021,3,Tuesday,23,11:00pm-11:59pm,41,41,0,This section IS NOT on the NHS,1,Rural,4,Minor Arterial,2,County Highway Agency,4,County Road,CR-571,,77,77,44.75337222,44.75337222,-85.052094440,-85.052094440,0,No Special Jurisdiction,35,Embankment,0,The First Harmful Event was Not a Collision with a Motor Vehicle in Transport,0,No,1,Non-Junction,1,Not an Intersection,0,None,,,4,On Roadside,3,Dark - Lighted,,,,,1,Clear,0,No,0000000,Not Applicable,23,11:00pm-11:59pm,45,45,23,11:00pm-11:59pm,47,47,88,"Not Applicable (Not Transported) ",88,Not Applicable (Not Transported),,,,,,,1,
2021,26,260376,Michigan,2,2,0,0,0,2,2,61,HOUGHTON (61),0,NOT APPLICABLE,10,10,6,June,2021,5,Thursday,15,3:00pm-3:59pm,24,24,0,This section IS NOT on the NHS,1,Rural,4,Minor Arterial,2,County Highway Agency,4,County Road,CR-TAPIOLA RD,,7,7,46.90600556,46.90600556,-88.625836110,-88.625836110,0,No Special Jurisdiction,12,Motor Vehicle In-Transport,1,Front-to-Rear,0,No,1,Non-Junction,1,Not an Intersection,0,None,,,1,On Roadway,1,Daylight,,,,,1,Clear,0,No,0000000,Not Applicable,15,3:00pm-3:59pm,45,45,15,3:00pm-3:59pm,59,59,99,Unknown,99,Unknown EMS Hospital Arrival Time,,,,,,,1,
2021,26,260377,Michigan,1,1,0,0,0,2,2,25,CALHOUN (25),0,NOT APPLICABLE,11,11,6,June,2021,6,Friday,3,3:00am-3:59am,35,35,0,This section IS NOT on the NHS,1,Rural,7,Local,2,County Highway Agency,4,County Road,CR-V DR,,6,6,42.40663611,42.40663611,-84.954033330,-84.954033330,0,No Special Jurisdiction,42,Tree (Standing Only),0,The First Harmful Event was Not a Collision with a Motor Vehicle in Transport,0,No,1,Non-Junction,1,Not an Intersection,0,None,,,4,On Roadside,2,Dark - Not Lighted,,,,,1,Clear,0,No,0000000,Not Applicable,3,3:00am-3:59am,36,36,3,3:00am-3:59am,40,40,99,Unknown,99,Unknown EMS Hospital Arrival Time,,,,,,,1,
2021,26,260378,Michigan,2,2,0,1,1,1,1,77,KALAMAZOO (77),0,NOT APPLICABLE,11,11,6,June,2021,6,Friday,14,2:00pm-2:59pm,10,10,0,This section IS NOT on the NHS,1,Rural,4,Minor Arterial,2,County Highway Agency,4,County Road,CR-G AVE,,77,77,42.33282778,42.33282778,-85.423750000,-85.423750000,0,No Special Jurisdiction,12,Motor Vehicle In-Transport,7,Sideswipe - Same Direction,0,No,1,Non-Junction,1,Not an Intersection,0,None,,,1,On Roadway,1,Daylight,,,,,1,Clear,0,No,0000000,Not Applicable,14,2:00pm-2:59pm,11,11,99,Unknown EMS Scene Arrival Hour,98,Unknown if Arrived,88,"Not Applicable (Not Transported) ",88,Not Applicable (Not Transported),,,,,,,1,
2021,26,260379,Michigan,1,1,0,0,0,1,1,31,CHEBOYGAN (31),0,NOT APPLICABLE,11,11,6,June,2021,6,Friday,14,2:00pm-2:59pm,28,28,1,This section IS ON the NHS,1,Rural,1,Interstate,1,State Highway Agency,1,Interstate,I-75,,49,49,45.25871389,45.25871389,-84.592536110,-84.592536110,0,No Special Jurisdiction,1,Rollover/Overturn,0,The First Harmful Event was Not a Collision with a Motor Vehicle in Transport,0,No,1,Non-Junction,1,Not an Intersection,0,None,,,3,On Median,1,Daylight,,,,,1,Clear,0,No,0000000,Not Applicable,99,Unknown,99,Unknown,99,Unknown EMS Scene Arrival Hour,99,Unknown EMS Scene Arrival Minutes,88,"Not Applicable (Not Transported) ",88,Not Applicable (Not Transported),,,,,,,1,
2021,26,260380,Michigan,1,1,0,1,1,1,1,99,MACOMB (99),1009,CLINTON TOWNSHIP,8,8,6,June,2021,3,Tuesday,21,9:00pm-9:59pm,54,54,1,This section IS ON the NHS,2,Urban,3,Principal Arterial - Other,1,State Highway Agency,3,State Highway,SR-3 GRATIOT AVE,,82,82,42.55746111,42.55746111,-82.897911110,-82.897911110,0,No Special Jurisdiction,8,Pedestrian,0,The First Harmful Event was Not a Collision with a Motor Vehicle in Transport,0,No,1,Non-Junction,1,Not an Intersection,0,None,,,1,On Roadway,3,Dark - Lighted,,,,,10,Cloudy,0,No,0000000,Not Applicable,99,Unknown,99,Unknown,99,Unknown EMS Scene Arrival Hour,99,Unknown EMS Scene Arrival Minutes,99,Unknown,99,Unknown EMS Hospital Arrival Time,,,,,,,1,
2021,26,260381,Michigan,2,2,0,0,0,3,3,49,GENESEE (49),1731,FLINT TOWNSHIP,6,6,6,June,2021,1,Sunday,1,1:00am-1:59am,45,45,1,This section IS ON the NHS,2,Urban,3,Principal Arterial - Other,1,State Highway Agency,3,State Highway,SR-21 CORUNNA RD,,87,87,43.00207222,43.00207222,-83.755177780,-83.755177780,0,No Special Jurisdiction,12,Motor Vehicle In-Transport,2,Front-to-Front,0,No,1,Non-Junction,1,Not an Intersection,0,None,,,1,On Roadway,3,Dark - Lighted,,,,,1,Clear,0,No,0000000,Not Applicable,99,Unknown,99,Unknown,99,Unknown EMS Scene Arrival Hour,99,Unknown EMS Scene Arrival Minutes,88,"Not Applicable (Not Transported) ",88,Not Applicable (Not Transported),,,,,,,1,
2021,26,260382,Michigan,2,2,0,0,0,4,4,163,WAYNE (163),1260,DETROIT,6,6,6,June,2021,1,Sunday,2,2:00am-2:59am,20,20,1,This section IS ON the NHS,2,Urban,3,Principal Arterial - Other,2,County Highway Agency,4,County Road,CR-GREENFIELD RD,FENKELL RD,93,93,42.40151111,42.40151111,-83.198677780,-83.198677780,0,No Special Jurisdiction,12,Motor Vehicle In-Transport,2,Front-to-Front,0,No,2,Intersection,2,Four-Way Intersection,0,None,,,1,On Roadway,3,Dark - Lighted,,,,,1,Clear,0,No,0000000,Not Applicable,99,Unknown,99,Unknown,99,Unknown EMS Scene Arrival Hour,99,Unknown EMS Scene Arrival Minutes,99,Unknown,99,Unknown EMS Hospital Arrival Time,,,,,,,1,
2021,26,260383,Michigan,2,2,0,0,0,3,3,163,WAYNE (163),1260,DETROIT,7,7,6,June,2021,2,Monday,17,5:00pm-5:59pm,46,46,1,This section IS ON the NHS,2,Urban,3,Principal Arterial - Other,2,County Highway Agency,4,County Road,CR-7 MILE RD,FAIRWAY DR,154,154,42.43175278,42.43175278,-83.131611110,-83.131611110,0,No Special Jurisdiction,12,Motor Vehicle In-Transport,1,Front-to-Rear,0,No,3,Intersection-Related,3,T-Intersection,0,None,,,1,On Roadway,1,Daylight,,,,,1,Clear,0,No,0000000,Not Applicable,99,Unknown,99,Unknown,99,Unknown EMS Scene Arrival Hour,99,Unknown EMS Scene Arrival Minutes,99,Unknown,99,Unknown EMS Hospital Arrival Time,,,,,,,1,