caseyear,state,st_case,statename,ve_total,ve_forms,pvh_invl,peds,pernotmvit,permvit,persons,county,countyname,city,cityname,day,dayname,month,monthname,year,day_week,day_weekname,hour,hourname,minute,minutename,nhs,nhsname,rur_urb,rur_urbname,func_sys,func_sysname,rd_owner,rd_ownername,route,routename,tway_id,tway_id2,milept,mileptname,latitude,latitudename,longitud,longitudname,sp_jur,sp_jurname,harm_ev,harm_evname,man_coll,man_collname,reljct1,reljct1name,reljct2,reljct2name,typ_int,typ_intname,wrk_zone,wrk_zonename,road_fnc,road_fncname,rel_road,rel_roadname,lgt_cond,lgt_condname,weather1,weather1name,weather2,weather2name,weather,weathername,sch_bus,sch_busname,rail,railname,not_hour,not_hourname,not_min,not_minname,arr_hour,arr_hourname,arr_min,arr_minname,hosp_hr,hosp_hrname,hosp_mn,hosp_mnname,cf1,cf1name,cf2,cf2name,cf3,cf3name,fatals,drunk_dr
2021,26,260384,Michigan,2,2,0,0,0,3,3,163,WAYNE (163),1260,DETROIT,9,9,6,June,2021,4,Wednesday,1,1:00am-1:59am,32,32,1,This section IS ON the NHS,2,Urban,3,Principal Arterial - Other,2,County Highway Agency,4,County Road,CR-7 MILE RD,,106,106,42.42993333,42.42993333,-83.224186110,-83.224186110,0,No Special Jurisdiction,12,Motor Vehicle In-Transport,6,Angle,0,No,1,Non-Junction,1,Not an Intersection,0,None,,,1,On Roadway,3,Dark - Lighted,,,,,1,Clear,0,No,0000000,Not Applicable,99,Unknown,99,Unknown,99,Unknown EMS Scene Arrival Hour,99,Unknown EMS Scene Arrival Minutes,99,Unknown,99,Unknown EMS Hospital Arrival Time,,,,,,,2,
2021,26,260385,Michigan,1,1,0,0,0,2,2,165,WEXFORD (165),0,NOT APPLICABLE,9,9,6,June,2021,4,Wednesday,22,10:00pm-10:59pm,11,11,1,This section IS ON the NHS,2,Urban,3,Principal Arterial - Other,1,State Highway Agency,3,State Highway,SR-115,,266,266,44.20990556,44.20990556,-85.419472220,-85.419472220,0,No Special Jurisdiction,1,Rollover/Overturn,0,The First Harmful Event was Not a Collision with a Motor Vehicle in Transport,0,No,1,Non-Junction,1,Not an Intersection,0,None,,,4,On Roadside,2,Dark - Not Lighted,,,,,10,Cloudy,0,No,0000000,Not Applicable,22,10:00pm-10:59pm,18,18,22,10:00pm-10:59pm,23,23,99,Unknown,99,Unknown EMS Hospital Arrival Time,,,,,,,1,
2021,26,260386,Michigan,2,2,0,0,0,4,4,31,CHEBOYGAN (31),0,NOT APPLICABLE,12,12,6,June,2021,7,Saturday,10,10:00am-10:59am,29,29,1,This section IS ON the NHS,1,Rural,1,Interstate,1,State Highway Agency,1,Interstate,I-75,,1,1,45.78845278,45.78845278,-84.732136110,-84.732136110,0,No Special Jurisdiction,12,Motor Vehicle In-Transport,2,Front-to-Front,0,No,1,Non-Junction,1,Not an Intersection,0,None,,,1,On Roadway,1,Daylight,,,,,1,Clear,0,No,0000000,Not Applicable,10,10:00am-10:59am,33,33,10,10:00am-10:59am,35,35,88,"Not Applicable (Not Transported) ",88,Not Applicable (Not Transported),,,,,,,1,
2021,26,260387,Michigan,2,2,0,0,0,2,2,87,LAPEER (87),0,NOT APPLICABLE,5,5,6,June,2021,7,Saturday,5,5:00am-5:59am,8,8,1,This section IS ON the NHS,1,Rural,3,Principal Arterial - Other,1,State Highway Agency,3,State Highway,SR-53 VAN DYKE RD,,1,1,42.89208611,42.89208611,-83.043480560,-83.043480560,0,No Special Jurisdiction,12,Motor Vehicle In-Transport,2,Front-to-Front,0,No,1,Non-Junction,1,Not an Intersection,0,None,,,1,On Roadway,4,Dawn,,,,,10,Cloudy,0,No,0000000,Not Applicable,5,5:00am-5:59am,10,10,5,5:00am-5:59am,22,22,99,Unknown,99,Unknown EMS Hospital Arrival Time,,,,,,,1,
2021,26,260388,Michigan,1,1,0,1,1,1,1,163,WAYNE (163),1260,DETROIT,14,14,6,June,2021,2,Monday,21,9:00pm-9:59pm,45,45,0,This section IS NOT on the NHS,2,Urban,4,Minor Arterial,2,County Highway Agency,4,County Road,CR-JOY RD,PREST RD,89,89,42.35814444,42.35814444,-83.196511110,-83.196511110,0,No Special Jurisdiction,8,Pedestrian,0,The First Harmful Event was Not a Collision with a Motor Vehicle in Transport,0,No,3,Intersection-Related,2,Four-Way Intersection,0,None,,,1,On Roadway,2,Dark - Not Lighted,,,,,1,Clear,0,No,0000000,Not Applicable,99,Unknown,99,Unknown,99,Unknown EMS Scene Arrival Hour,99,Unknown EMS Scene Arrival Minutes,99,Unknown,99,Unknown EMS Hospital Arrival Time,,,,,,,1,
2021,26,260389,Michigan,1,1,0,0,0,1,1,163,WAYNE (163),90,ALLEN PARK,10,10,6,June,2021,5,Thursday,4,4:00am-4:59am,34,34,1,This section IS ON the NHS,2,Urban,1,Interstate,1,State Highway Agency,1,Interstate,I-94,,175,175,42.26836389,42.26836389,-83.217480560,-83.217480560,0,No Special Jurisdiction,24,Guardrail Face,0,The First Harmful Event was Not a Collision with a Motor Vehicle in Transport,1,Yes,19,Other location within Interchange Area,1,Not an Intersection,0,None,,,8,Gore,4,Dawn,,,,,1,Clear,0,No,0000000,Not Applicable,99,Unknown,99,Unknown,99,Unknown EMS Scene Arrival Hour,99,Unknown EMS Scene Arrival Minutes,88,"Not Applicable (Not Transported) ",88,Not Applicable (Not Transported),,,,,,,1,
2021,26,260390,Michigan,2,2,0,0,0,2,2,139,OTTAWA (139),0,NOT APPLICABLE,12,12,6,June,2021,7,Saturday,19,7:00pm-7:59pm,32,32,0,This section IS NOT on the NHS,2,Urban,7,Local,2,County Highway Agency,4,County Road,CR-92ND AVE,MAPLE LAKE DR,1,1,42.80062500,42.80062500,-86.009672220,-86.009672220,0,No Special Jurisdiction,12,Motor Vehicle In-Transport,6,Angle,0,No,2,Intersection,3,T-Intersection,0,None,,,1,On Roadway,1,Daylight,,,,,1,Clear,0,No,0000000,Not Applicable,19,7:00pm-7:59pm,32,32,19,7:00pm-7:59pm,38,38,99,Unknown,99,Unknown EMS Hospital Arrival Time,,,,,,,1,
2021,26,260391,Michigan,3,3,0,0,0,3,3,67,IONIA (67),2440,IONIA,17,17,6,June,2021,5,Thursday,17,5:00pm-5:59pm,28,28,0,This section IS NOT on the NHS,2,Urban,4,Minor Arterial,1,State Highway Agency,3,State Highway,SR-66,,149,149,42.98655278,42.98655278,-85.070997220,-85.070997220,0,No Special Jurisdiction,12,Motor Vehicle In-Transport,1,Front-to-Rear,0,No,1,Non-Junction,1,Not an Intersection,0,None,,,1,On Roadway,1,Daylight,,,,,1,Clear,0,No,0000000,Not Applicable,17,5:00pm-5:59pm,29,29,17,5:00pm-5:59pm,30,30,88,"Not Applicable (Not Transported) ",88,Not Applicable (Not Transported),,,,,,,1,
2021,26,260392,Michigan,2,2,0,0,0,3,3,21,BERRIEN (21),0,NOT APPLICABLE,17,17,6,June,2021,5,Thursday,14,2:00pm-2:59pm,6,6,0,This section IS NOT on the NHS,1,Rural,5,Major Collector,2,County Highway Agency,4,County Road,CR-RANGELINE RD,,12,12,41.85983333,41.85983333,-86.340000000,-86.340000000,0,No Special Jurisdiction,12,Motor Vehicle In-Transport,1,Front-to-Rear,0,No,1,Non-Junction,1,Not an Intersection,0,None,,,1,On Roadway,1,Daylight,,,,,1,Clear,0,No,0000000,Not Applicable,14,2:00pm-2:59pm,6,6,14,2:00pm-2:59pm,19,19,88,"Not Applicable (Not Transported) ",88,Not Applicable (Not Transported),,,,,,,1,
2021,26,260393,Michigan,1,1,0,1,1,2,2,115,MONROE (115),0,NOT APPLICABLE,17,17,6,June,2021,5,Thursday,21,9:00pm-9:59pm,17,17,0,This section IS NOT on the NHS,2,Urban,4,Minor Arterial,2,County Highway Agency,4,County Road,CR-LEWIS RD,,1,1,41.73245556,41.73245556,-83.567008330,-83.567008330,0,No Special Jurisdiction,8,Pedestrian,0,The First Harmful Event was Not a Collision with a Motor Vehicle in Transport,0,No,1,Non-Junction,1,Not an Intersection,0,None,,,1,On Roadway,5,Dusk,,,,,1,Clear,0,No,0000000,Not Applicable,21,9:00pm-9:59pm,20,20,20,8:00pm-8:59pm,27,27,88,"Not Applicable (Not Transported) ",88,Not Applicable (Not Transported),,,,,,,1,
2021,26,260394,Michigan,2,2,0,0,0,2,2,25,CALHOUN (25),0,NOT APPLICABLE,17,17,6,June,2021,5,Thursday,13,1:00pm-1:59pm,9,9,0,This section IS NOT on the NHS,1,Rural,5,Major Collector,2,County Highway Agency,4,County Road,CR-27 1/2 MILE RD,"T DR N CHARLTTE LANDING ",19,19,42.39285000,42.39285000,-84.768022220,-84.768022220,0,No Special Jurisdiction,12,Motor Vehicle In-Transport,6,Angle,0,No,2,Intersection,3,T-Intersection,0,None,,,1,On Roadway,1,Daylight,,,,,1,Clear,0,No,0000000,Not Applicable,99,Unknown,99,Unknown,99,Unknown EMS Scene Arrival Hour,99,Unknown EMS Scene Arrival Minutes,99,Unknown,99,Unknown EMS Hospital Arrival Time,,,,,,,1,
2021,26,260395,Michigan,1,1,0,0,0,2,2,103,MARQUETTE (103),3050,MARQUETTE,19,19,6,June,2021,7,Saturday,0,0:00am-0:59am,58,58,0,This section IS NOT on the NHS,1,Rural,5,Major Collector,2,County Highway Agency,4,County Road,CR-550,,46,46,46.60842222,46.60842222,-87.468816670,-87.468816670,0,No Special Jurisdiction,30,Utility Pole/Light Support,0,The First Harmful Event was Not a Collision with a Motor Vehicle in Transport,0,No,1,Non-Junction,1,Not an Intersection,0,None,,,4,On Roadside,2,Dark - Not Lighted,,,,,1,Clear,0,No,0000000,Not Applicable,0,0:00am-0:59am,58,58,1,1:00am-1:59am,11,11,88,"Not Applicable (Not Transported) ",88,Not Applicable (Not Transported),,,,,,,2,
2021,26,260396,Michigan,1,1,0,0,0,1,1,73,ISABELLA (73),0,NOT APPLICABLE,19,19,6,June,2021,7,Saturday,20,8:00pm-8:59pm,22,22,0,This section IS NOT on the NHS,1,Rural,5,Major Collector,1,State Highway Agency,4,County Road,CR-ROLLAND RD,,45,45,43.55331111,43.55331111,-85.026163890,-85.026163890,0,No Special Jurisdiction,1,Rollover/Overturn,0,The First Harmful Event was Not a Collision with a Motor Vehicle in Transport,0,No,1,Non-Junction,1,Not an Intersection,0,None,,,4,On Roadside,9,Reported as Unknown,,,,,1,Clear,0,No,0000000,Not Applicable,20,8:00pm-8:59pm,22,22,20,8:00pm-8:59pm,35,35,88,"Not Applicable (Not Transported) ",88,Not Applicable (Not Transported),,,,,,,1,
2021,26,260397,Michigan,2,2,0,0,0,4,4,125,OAKLAND (125),208,ABURN HILLS,19,19,6,June,2021,7,Saturday,17,5:00pm-5:59pm,49,49,0,This section IS NOT on the NHS,2,Urban,5,Major Collector,4,City or Municipal Highway Agency,6,Local Street - Municipality,GREAT LAKES CROSSING DR,,7,7,42.69956111,42.69956111,-83.292211110,-83.292211110,0,No Special Jurisdiction,12,Motor Vehicle In-Transport,6,Angle,0,No,1,Non-Junction,1,Not an Intersection,0,None,,,1,On Roadway,1,Daylight,,,,,2,Rain,0,No,0000000,Not Applicable,17,5:00pm-5:59pm,49,49,17,5:00pm-5:59pm,53,53,99,Unknown,99,Unknown EMS Hospital Arrival Time,,,,,,,1,
2021,26,260398,Michigan,2,2,0,0,0,2,2,5,ALLEGAN (5),0,NOT APPLICABLE,16,16,6,June,2021,4,Wednesday,17,5:00pm-5:59pm,48,48,0,This section IS NOT on the NHS,1,Rural,5,Major Collector,2,County Highway Agency,4,County Road,CR-134TH AVE,26TH ST,30,30,42.66763056,42.66763056,-85.800236110,-85.800236110,0,No Special Jurisdiction,12,Motor Vehicle In-Transport,6,Angle,0,No,2,Intersection,2,Four-Way Intersection,0,None,,,1,On Roadway,1,Daylight,,,,,1,Clear,0,No,0000000,Not Applicable,99,Unknown,99,Unknown,99,Unknown EMS Scene Arrival Hour,99,Unknown EMS Scene Arrival Minutes,99,Unknown,99,Unknown EMS Hospital Arrival Time,,,,,,,1,
2021,26,260399,Michigan,1,1,0,0,0,1,1,151,SANILAC (151),0,NOT APPLICABLE,20,20,6,June,2021,1,Sunday,2,2:00am-2:59am,20,20,0,This section IS NOT on the NHS,1,Rural,5,Major Collector,2,County Highway Agency,4,County Road,CR-APPLEGATE RD,,85,85,43.35583889,43.35583889,-82.621983330,-82.621983330,0,No Special Jurisdiction,34,Ditch,0,The First Harmful Event was Not a Collision with a Motor Vehicle in Transport,0,No,1,Non-Junction,1,Not an Intersection,0,None,,,4,On Roadside,2,Dark - Not Lighted,,,,,1,Clear,0,No,0000000,Not Applicable,2,2:00am-2:59am,30,30,2,2:00am-2:59am,45,45,99,Unknown,99,Unknown EMS Hospital Arrival Time,,,,,,,1,
2021,26,260400,Michigan,2,2,0,0,0,6,6,49,GENESEE (49),686,BURTON,20,20,6,June,2021,1,Sunday,12,12:00pm-12:59pm,12,12,1,This section IS ON the NHS,2,Urban,3,Principal Arterial - Other,1,State Highway Agency,3,State Highway,SR-54 DORT HWY,HEMPHILL RD,54,54,42.98195556,42.98195556,-83.653236110,-83.653236110,0,No Special Jurisdiction,12,Motor Vehicle In-Transport,6,Angle,0,No,2,Intersection,4,Y-Intersection,0,None,,,1,On Roadway,1,Daylight,,,,,1,Clear,0,No,0000000,Not Applicable,12,12:00pm-12:59pm,12,12,12,12:00pm-12:59pm,14,14,99,Unknown,99,Unknown EMS Hospital Arrival Time,,,,,,,1,
2021,26,260401,Michigan,2,2,0,0,0,4,4,125,OAKLAND (125),0,NOT APPLICABLE,18,18,6,June,2021,6,Friday,20,8:00pm-8:59pm,47,47,0,This section IS NOT on the NHS,2,Urban,4,Minor Arterial,2,County Highway Agency,4,County Road,CR-DIXIE HWY,,29,29,42.77335556,42.77335556,-83.492433330,-83.492433330,0,No Special Jurisdiction,12,Motor Vehicle In-Transport,6,Angle,0,No,8,Driveway Access Related,1,Not an Intersection,0,None,,,1,On Roadway,5,Dusk,,,,,1,Clear,0,No,0000000,Not Applicable,20,8:00pm-8:59pm,47,47,20,8:00pm-8:59pm,48,48,99,Unknown,99,Unknown EMS Hospital Arrival Time,,,,,,,1,
2021,26,260402,Michigan,2,2,0,0,0,2,2,163,WAYNE (163),1260,DETROIT,20,20,6,June,2021,1,Sunday,19,7:00pm-7:59pm,30,30,0,This section IS NOT on the NHS,2,Urban,4,Minor Arterial,4,City or Municipal Highway Agency,6,Local Street - Municipality,TRUMBULL ST,EDSEL FORD SERVICE DR,23,23,42.35558611,42.35558611,-83.080694440,-83.080694440,0,No Special Jurisdiction,12,Motor Vehicle In-Transport,6,Angle,0,No,2,Intersection,2,Four-Way Intersection,0,None,,,1,On Roadway,1,Daylight,,,,,1,Clear,0,No,0000000,Not Applicable,99,Unknown,99,Unknown,99,Unknown EMS Scene Arrival Hour,99,Unknown EMS Scene Arrival Minutes,99,Unknown,99,Unknown EMS Hospital Arrival Time,,,,,,,1,
2021,26,260403,Michigan,1,1,0,0,0,2,2,71,IRON (71),0,NOT APPLICABLE,19,19,6,June,2021,7,Saturday,10,10:00am-10:59am,35,35,1,This section IS ON the NHS,1,Rural,3,Principal Arterial - Other,1,State Highway Agency,2,U.S. Highway,US-141,,68,68,46.12921944,46.12921944,-88.367388890,-88.367388890,0,No Special Jurisdiction,11,Live Animal,0,The First Harmful Event was Not a Collision with a Motor Vehicle in Transport,0,No,1,Non-Junction,1,Not an Intersection,0,None,,,1,On Roadway,1,Daylight,,,,,10,Cloudy,0,No,0000000,Not Applicable,99,Unknown,99,Unknown,99,Unknown EMS Scene Arrival Hour,99,Unknown EMS Scene Arrival Minutes,88,"Not Applicable (Not Transported) ",88,Not Applicable (Not Transported),,,,,,,1,
2021,26,260404,Michigan,1,1,0,1,1,1,1,49,GENESEE (49),1730,FLINT,6,6,2,February,2021,7,Saturday,1,1:00am-1:59am,2,2,1,This section IS ON the NHS,2,Urban,3,Principal Arterial - Other,4,City or Municipal Highway Agency,6,Local Street - Municipality,FLUSHING RD,,80,80,43.02226944,43.02226944,-83.723808330,-83.723808330,0,No Special Jurisdiction,9,Pedalcyclist,0,The First Harmful Event was Not a Collision with a Motor Vehicle in Transport,0,No,1,Non-Junction,1,Not an Intersection,0,None,,,1,On Roadway,3,Dark - Lighted,,,,,4,Snow,0,No,0000000,Not Applicable,1,1:00am-1:59am,6,6,1,1:00am-1:59am,11,11,99,Unknown,99,Unknown EMS Hospital Arrival Time,,,,,,,1,
2021,26,260405,Michigan,1,1,0,0,0,2,2,49,GENESEE (49),1730,FLINT,19,19,3,March,2021,6,Friday,19,7:00pm-7:59pm,44,44,1,This section IS ON the NHS,2,Urban,1,Interstate,1,State Highway Agency,1,Interstate,I-475,,112,112,43.07521944,43.07521944,-83.683583330,-83.683583330,0,No Special Jurisdiction,35,Embankment,0,The First Harmful Event was Not a Collision with a Motor Vehicle in Transport,0,No,1,Non-Junction,1,Not an Intersection,0,None,,,4,On Roadside,3,Dark - Lighted,,,,,1,Clear,0,No,0000000,Not Applicable,19,7:00pm-7:59pm,42,42,19,7:00pm-7:59pm,46,46,88,"Not Applicable (Not Transported) ",88,Not Applicable (Not Transported),,,,,,,1,
2021,26,260406,Michigan,2,2,0,0,0,4,4,65,INGHAM (65),0,NOT APPLICABLE,17,17,4,April,2021,7,Saturday,13,1:00pm-1:59pm,18,18,0,This section IS NOT on the NHS,2,Urban,4,Minor Arterial,2,County Highway Agency,4,County Road,CR-MOUNT HOPE RD,,79,79,42.71186111,42.71186111,-84.441958330,-84.441958330,0,No Special Jurisdiction,12,Motor Vehicle In-Transport,6,Angle,0,No,8,Driveway Access Related,1,Not an Intersection,0,None,,,1,On Roadway,1,Daylight,,,,,1,Clear,0,No,0000000,Not Applicable,13,1:00pm-1:59pm,20,20,13,1:00pm-1:59pm,23,23,99,Unknown,99,Unknown EMS Hospital Arrival Time,,,,,,,1,
2021,26,260407,Michigan,2,2,0,0,0,4,4,49,GENESEE (49),1730,FLINT,5,5,5,May,2021,4,Wednesday,0,0:00am-0:59am,55,55,1,This section IS ON the NHS,2,Urban,3,Principal Arterial - Other,1,State Highway Agency,3,State Highway,SR-54 DORT HWY,LAPEER RD,73,73,43.00961944,43.00961944,-83.654291670,-83.654291670,0,No Special Jurisdiction,12,Motor Vehicle In-Transport,6,Angle,0,No,2,Intersection,2,Four-Way Intersection,0,None,,,1,On Roadway,3,Dark - Lighted,,,,,1,Clear,0,No,0000000,Not Applicable,1,1:00am-1:59am,0,0,1,1:00am-1:59am,3,3,99,Unknown,99,Unknown EMS Hospital Arrival Time,,,,,,,1,
2021,26,260408,Michigan,1,1,0,1,1,1,1,125,OAKLAND (125),4340,ROYAL OAK,4,4,5,May,2021,3,Tuesday,11,11:00am-11:59am,11,11,1,This section IS ON the NHS,2,Urban,3,Principal Arterial - Other,4,City or Municipal Highway Agency,6,Local Street - Municipality,14 MILE RD,LEAFDALE BLVD,45,45,42.53273056,42.53273056,-83.175786110,-83.175786110,0,No Special Jurisdiction,8,Pedestrian,0,The First Harmful Event was Not a Collision with a Motor Vehicle in Transport,0,No,3,Intersection-Related,3,T-Intersection,0,None,,,1,On Roadway,1,Daylight,,,,,10,Cloudy,0,No,0000000,Not Applicable,11,11:00am-11:59am,12,12,11,11:00am-11:59am,16,16,99,Unknown,99,Unknown EMS Hospital Arrival Time,,,,,,,1,
2021,26,260409,Michigan,2,2,0,0,0,2,2,49,GENESEE (49),1730,FLINT,20,20,5,May,2021,5,Thursday,18,6:00pm-6:59pm,5,5,0,This section IS NOT on the NHS,2,Urban,4,Minor Arterial,4,City or Municipal Highway Agency,6,Local Street - Municipality,STEVENSON RD,KEARSLEY ST,0,None,43.01216389,43.01216389,-83.701858330,-83.701858330,0,No Special Jurisdiction,12,Motor Vehicle In-Transport,6,Angle,0,No,2,Intersection,2,Four-Way Intersection,0,None,,,1,On Roadway,1,Daylight,,,,,1,Clear,0,No,0000000,Not Applicable,18,6:00pm-6:59pm,9,9,18,6:00pm-6:59pm,13,13,99,Unknown,99,Unknown EMS Hospital Arrival Time,,,,,,,1,
2021,26,260410,Michigan,1,1,0,0,0,1,1,131,ONTONAGON (131),0,NOT APPLICABLE,15,15,5,May,2021,7,Saturday,9,9:00am-9:59am,10,10,0,This section IS NOT on the NHS,1,Rural,98,Not Reported,2,County Highway Agency,8,Other,PORCUPINE MTNS W SP SERVICE,,99998,Not Reported,46.80981944,46.80981944,-89.764747220,-89.764747220,0,No Special Jurisdiction,42,Tree (Standing Only),0,The First Harmful Event was Not a Collision with a Motor Vehicle in Transport,0,No,1,Non-Junction,1,Not an Intersection,0,None,,,4,On Roadside,9,Reported as Unknown,,,,,1,Clear,0,No,0000000,Not Applicable,99,Unknown,99,Unknown,99,Unknown EMS Scene Arrival Hour,99,Unknown EMS Scene Arrival Minutes,99,Unknown,99,Unknown EMS Hospital Arrival Time,,,,,,,1,
2021,26,260411,Michigan,2,2,0,0,0,3,3,49,GENESEE (49),1730,FLINT,7,7,6,June,2021,2,Monday,2,2:00am-2:59am,44,44,1,This section IS ON the NHS,2,Urban,3,Principal Arterial - Other,4,City or Municipal Highway Agency,6,Local Street - Municipality,SAGINAW ST,PIERSON RD,146,146,43.06095000,43.06095000,-83.693911110,-83.693911110,0,No Special Jurisdiction,12,Motor Vehicle In-Transport,1,Front-to-Rear,0,No,3,Intersection-Related,2,Four-Way Intersection,0,None,,,1,On Roadway,3,Dark - Lighted,,,,,1,Clear,0,No,0000000,Not Applicable,2,2:00am-2:59am,44,44,2,2:00am-2:59am,47,47,88,"Not Applicable (Not Transported) ",88,Not Applicable (Not Transported),,,,,,,1,
2021,26,260412,Michigan,2,2,0,0,0,4,4,49,GENESEE (49),1730,FLINT,5,5,6,June,2021,7,Saturday,23,11:00pm-11:59pm,10,10,1,This section IS ON the NHS,2,Urban,3,Principal Arterial - Other,4,City or Municipal Highway Agency,6,Local Street - Municipality,PIERSON RD,HARVARD ST,61,61,43.06098333,43.06098333,-83.701269440,-83.701269440,0,No Special Jurisdiction,12,Motor Vehicle In-Transport,6,Angle,0,No,2,Intersection,3,T-Intersection,0,None,,,1,On Roadway,2,Dark - Not Lighted,,,,,1,Clear,0,No,0000000,Not Applicable,23,11:00pm-11:59pm,11,11,23,11:00pm-11:59pm,15,15,99,Unknown,99,Unknown EMS Hospital Arrival Time,,,,,,,1,
2021,26,260413,Michigan,1,1,0,0,0,5,5,49,GENESEE (49),1730,FLINT,20,20,6,June,2021,1,Sunday,0,0:00am-0:59am,32,32,1,This section IS ON the NHS,2,Urban,3,Principal Arterial - Other,4,City or Municipal Highway Agency,6,Local Street - Municipality,SAGINAW ST,,129,129,43.03713333,43.03713333,-83.693822220,-83.693822220,0,No Special Jurisdiction,1,Rollover/Overturn,0,The First Harmful Event was Not a Collision with a Motor Vehicle in Transport,0,No,1,Non-Junction,1,Not an Intersection,0,None,,,1,On Roadway,3,Dark - Lighted,,,,,1,Clear,0,No,0000000,Not Applicable,0,0:00am-0:59am,41,41,0,0:00am-0:59am,49,49,88,"Not Applicable (Not Transported) ",88,Not Applicable (Not Transported),,,,,,,1,
2021,26,260414,Michigan,2,2,0,0,0,2,2,125,OAKLAND (125),4567,SOUTHFIELD,25,25,6,June,2021,6,Friday,15,3:00pm-3:59pm,31,31,1,This section IS ON the NHS,2,Urban,3,Principal Arterial - Other,2,County Highway Agency,4,County Road,CR-GREENFIELD RD,,3,3,42.44903056,42.44903056,-83.200594440,-83.200594440,0,No Special Jurisdiction,12,Motor Vehicle In-Transport,6,Angle,0,No,8,Driveway Access Related,1,Not an Intersection,0,None,,,1,On Roadway,1,Daylight,,,,,2,Rain,0,No,0000000,Not Applicable,15,3:00pm-3:59pm,31,31,99,Unknown EMS Scene Arrival Hour,99,Unknown EMS Scene Arrival Minutes,99,Unknown,99,Unknown EMS Hospital Arrival Time,,,,,,,1,
2021,26,260415,Michigan,1,1,0,0,0,1,1,59,HILLSDALE (59),0,NOT APPLICABLE,5,5,6,June,2021,7,Saturday,10,10:00am-10:59am,50,50,0,This section IS NOT on the NHS,1,Rural,5,Major Collector,2,County Highway Agency,4,County Road,CR-OSSEO RD,,3,3,41.89089167,41.89089167,-84.534486110,-84.534486110,0,No Special Jurisdiction,1,Rollover/Overturn,0,The First Harmful Event was Not a Collision with a Motor Vehicle in Transport,0,No,1,Non-Junction,1,Not an Intersection,0,None,,,1,On Roadway,1,Daylight,,,,,1,Clear,0,No,0000000,Not Applicable,10,10:00am-10:59am,55,55,11,11:00am-11:59am,6,6,88,"Not Applicable (Not Transported) ",88,Not Applicable (Not Transported),,,,,,,1,
2021,26,260416,Michigan,2,2,0,0,0,4,4,21,BERRIEN (21),0,NOT APPLICABLE,7,7,6,June,2021,2,Monday,20,8:00pm-8:59pm,45,45,0,This section IS NOT on the NHS,1,Rural,5,Major Collector,2,County Highway Agency,4,County Road,CR-SHAWNEE RD,GARR RD,85,85,41.94320278,41.94320278,-86.398163890,-86.398163890,0,No Special Jurisdiction,12,Motor Vehicle In-Transport,6,Angle,0,No,2,Intersection,2,Four-Way Intersection,0,None,,,1,On Roadway,1,Daylight,,,,,1,Clear,0,No,0000000,Not Applicable,20,8:00pm-8:59pm,50,50,20,8:00pm-8:59pm,55,55,99,Unknown,99,Unknown EMS Hospital Arrival Time,,,,,,,1,
2021,26,260417,Michigan,1,1,0,0,0,1,1,13,BARAGA (13),1144,COVINGTON,15,15,6,June,2021,3,Tuesday,22,10:00pm-10:59pm,40,40,0,This section IS NOT on the NHS,1,Rural,5,Major Collector,2,County Highway Agency,4,County Road,CR-FORD RD,,68,68,46.52663611,46.52663611,-88.595552780,-88.595552780,0,No Special Jurisdiction,1,Rollover/Overturn,0,The First Harmful Event was Not a Collision with a Motor Vehicle in Transport,0,No,1,Non-Junction,1,Not an Intersection,0,None,,,1,On Roadway,5,Dusk,,,,,1,Clear,0,No,0000000,Not Applicable,99,Unknown,98,Unknown if Notified,99,Unknown EMS Scene Arrival Hour,98,Unknown if Arrived,88,"Not Applicable (Not Transported) ",88,Not Applicable (Not Transported),,,,,,,1,
2021,26,260418,Michigan,2,2,0,0,0,2,2,87,LAPEER (87),0,NOT APPLICABLE,24,24,6,June,2021,5,Thursday,14,2:00pm-2:59pm,20,20,1,This section IS ON the NHS,1,Rural,3,Principal Arterial - Other,1,State Highway Agency,3,State Highway,SR-53 VAN DYKE RD,BOWERS RD,125,125,43.06557222,43.06557222,-83.074391670,-83.074391670,0,No Special Jurisdiction,12,Motor Vehicle In-Transport,6,Angle,0,No,2,Intersection,2,Four-Way Intersection,0,None,,,1,On Roadway,1,Daylight,,,,,10,Cloudy,0,No,0000000,Not Applicable,99,Unknown,99,Unknown,99,Unknown EMS Scene Arrival Hour,99,Unknown EMS Scene Arrival Minutes,88,"Not Applicable (Not Transported) ",88,Not Applicable (Not Transported),,,,,,,1,
2021,26,260419,Michigan,2,2,0,0,0,2,2,49,GENESEE (49),1730,FLINT,4,4,6,June,2021,6,Friday,17,5:00pm-5:59pm,11,11,0,This section IS NOT on the NHS,2,Urban,4,Minor Arterial,4,City or Municipal Highway Agency,6,Local Street - Municipality,HEMPHILL RD,CAMDEN AVE,12,12,42.98143056,42.98143056,-83.687883330,-83.687883330,0,No Special Jurisdiction,12,Motor Vehicle In-Transport,6,Angle,0,No,2,Intersection,2,Four-Way Intersection,0,None,,,1,On Roadway,1,Daylight,,,,,1,Clear,0,No,0000000,Not Applicable,17,5:00pm-5:59pm,10,10,17,5:00pm-5:59pm,15,15,99,Unknown,99,Unknown EMS Hospital Arrival Time,,,,,,,1,
2021,26,260420,Michigan,1,1,0,1,1,1,1,49,GENESEE (49),1730,FLINT,6,6,6,June,2021,1,Sunday,22,10:00pm-10:59pm,23,23,0,This section IS NOT on the NHS,2,Urban,4,Minor Arterial,4,City or Municipal Highway Agency,6,Local Street - Municipality,ML KING AVE,LORADO AVE,37,37,43.07091111,43.07091111,-83.706316670,-83.706316670,0,No Special Jurisdiction,8,Pedestrian,0,The First Harmful Event was Not a Collision with a Motor Vehicle in Transport,0,No,2,Intersection,2,Four-Way Intersection,0,None,,,1,On Roadway,2,Dark - Not Lighted,,,,,1,Clear,0,No,0000000,Not Applicable,22,10:00pm-10:59pm,23,23,22,10:00pm-10:59pm,27,27,99,Unknown,99,Unknown EMS Hospital Arrival Time,,,,,,,1,