caseyear,state,st_case,statename,ve_total,ve_forms,pvh_invl,peds,pernotmvit,permvit,persons,county,countyname,city,cityname,day,dayname,month,monthname,year,day_week,day_weekname,hour,hourname,minute,minutename,nhs,nhsname,rur_urb,rur_urbname,func_sys,func_sysname,rd_owner,rd_ownername,route,routename,tway_id,tway_id2,milept,mileptname,latitude,latitudename,longitud,longitudname,sp_jur,sp_jurname,harm_ev,harm_evname,man_coll,man_collname,reljct1,reljct1name,reljct2,reljct2name,typ_int,typ_intname,wrk_zone,wrk_zonename,road_fnc,road_fncname,rel_road,rel_roadname,lgt_cond,lgt_condname,weather1,weather1name,weather2,weather2name,weather,weathername,sch_bus,sch_busname,rail,railname,not_hour,not_hourname,not_min,not_minname,arr_hour,arr_hourname,arr_min,arr_minname,hosp_hr,hosp_hrname,hosp_mn,hosp_mnname,cf1,cf1name,cf2,cf2name,cf3,cf3name,fatals,drunk_dr
2021,26,260566,Michigan,3,3,0,0,0,7,7,27,CASS (27),0,NOT APPLICABLE,9,9,8,August,2021,2,Monday,17,5:00pm-5:59pm,41,41,0,This section IS NOT on the NHS,1,Rural,5,Major Collector,1,State Highway Agency,3,State Highway,SR-51,SR-152,48,48,42.05617778,42.05617778,-86.107816670,-86.107816670,0,No Special Jurisdiction,12,Motor Vehicle In-Transport,6,Angle,0,No,2,Intersection,2,Four-Way Intersection,0,None,,,1,On Roadway,1,Daylight,,,,,10,Cloudy,0,No,0000000,Not Applicable,99,Unknown,99,Unknown,99,Unknown EMS Scene Arrival Hour,99,Unknown EMS Scene Arrival Minutes,99,Unknown,99,Unknown EMS Hospital Arrival Time,,,,,,,1,
2021,26,260567,Michigan,2,2,0,0,0,3,3,163,WAYNE (163),1260,DETROIT,12,12,8,August,2021,5,Thursday,8,8:00am-8:59am,42,42,1,This section IS ON the NHS,2,Urban,3,Principal Arterial - Other,1,State Highway Agency,3,State Highway,SR-102 8 MILE RD,PICADILLY RD,93,93,42.44617222,42.44617222,-83.137666670,-83.137666670,0,No Special Jurisdiction,12,Motor Vehicle In-Transport,6,Angle,0,No,2,Intersection,3,T-Intersection,0,None,,,1,On Roadway,1,Daylight,,,,,2,Rain,0,No,0000000,Not Applicable,99,Unknown,99,Unknown,99,Unknown EMS Scene Arrival Hour,99,Unknown EMS Scene Arrival Minutes,99,Unknown,99,Unknown EMS Hospital Arrival Time,,,,,,,1,
2021,26,260568,Michigan,1,1,0,0,0,1,1,77,KALAMAZOO (77),0,NOT APPLICABLE,7,7,8,August,2021,7,Saturday,19,7:00pm-7:59pm,14,14,0,This section IS NOT on the NHS,1,Rural,7,Local,2,County Highway Agency,4,County Road,CR-34TH ST,,11,11,42.13146944,42.13146944,-85.431655560,-85.431655560,0,No Special Jurisdiction,42,Tree (Standing Only),0,The First Harmful Event was Not a Collision with a Motor Vehicle in Transport,0,No,1,Non-Junction,1,Not an Intersection,0,None,,,4,On Roadside,1,Daylight,,,,,1,Clear,0,No,0000000,Not Applicable,99,Unknown,99,Unknown,99,Unknown EMS Scene Arrival Hour,99,Unknown EMS Scene Arrival Minutes,99,Unknown,99,Unknown EMS Hospital Arrival Time,,,,,,,1,
2021,26,260569,Michigan,1,1,0,0,0,2,2,59,HILLSDALE (59),0,NOT APPLICABLE,6,6,8,August,2021,6,Friday,16,4:00pm-4:59pm,20,20,0,This section IS NOT on the NHS,1,Rural,6,Minor Collector,2,County Highway Agency,4,County Road,CR-JEROME RD,,45,45,41.96385833,41.96385833,-84.459444440,-84.459444440,0,No Special Jurisdiction,1,Rollover/Overturn,0,The First Harmful Event was Not a Collision with a Motor Vehicle in Transport,0,No,1,Non-Junction,1,Not an Intersection,0,None,,,4,On Roadside,1,Daylight,,,,,10,Cloudy,0,No,0000000,Not Applicable,99,Unknown,99,Unknown,99,Unknown EMS Scene Arrival Hour,99,Unknown EMS Scene Arrival Minutes,88,"Not Applicable (Not Transported) ",88,Not Applicable (Not Transported),,,,,,,1,
2021,26,260570,Michigan,1,1,0,0,0,1,1,123,NEWAYGO (123),0,NOT APPLICABLE,18,18,8,August,2021,4,Wednesday,18,6:00pm-6:59pm,38,38,0,This section IS NOT on the NHS,1,Rural,5,Major Collector,2,County Highway Agency,4,County Road,CR-ELM AVE,,80,80,43.60620556,43.60620556,-85.641969440,-85.641969440,0,No Special Jurisdiction,42,Tree (Standing Only),0,The First Harmful Event was Not a Collision with a Motor Vehicle in Transport,0,No,1,Non-Junction,1,Not an Intersection,0,None,,,4,On Roadside,1,Daylight,,,,,1,Clear,0,No,0000000,Not Applicable,18,6:00pm-6:59pm,38,38,19,7:00pm-7:59pm,0,0,88,"Not Applicable (Not Transported) ",88,Not Applicable (Not Transported),,,,,,,1,
2021,26,260571,Michigan,1,1,0,1,1,1,1,21,BERRIEN (21),0,NOT APPLICABLE,18,18,8,August,2021,4,Wednesday,8,8:00am-8:59am,53,53,1,This section IS ON the NHS,2,Urban,3,Principal Arterial - Other,1,State Highway Agency,3,State Highway,SR-139 MICHIGAN AVE,,38,38,42.09814722,42.09814722,-86.434602780,-86.434602780,0,No Special Jurisdiction,8,Pedestrian,0,The First Harmful Event was Not a Collision with a Motor Vehicle in Transport,0,No,1,Non-Junction,1,Not an Intersection,0,None,,,1,On Roadway,1,Daylight,,,,,10,Cloudy,0,No,0000000,Not Applicable,99,Unknown,99,Unknown,99,Unknown EMS Scene Arrival Hour,99,Unknown EMS Scene Arrival Minutes,88,"Not Applicable (Not Transported) ",88,Not Applicable (Not Transported),,,,,,,1,
2021,26,260572,Michigan,1,1,0,0,0,1,1,163,WAYNE (163),1260,DETROIT,10,10,8,August,2021,3,Tuesday,19,7:00pm-7:59pm,15,15,0,This section IS NOT on the NHS,2,Urban,5,Major Collector,4,City or Municipal Highway Agency,6,Local Street - Municipality,EDSEL FORD FWY,,1,1,42.35196111,42.35196111,-83.094997220,-83.094997220,0,No Special Jurisdiction,38,Fence,0,The First Harmful Event was Not a Collision with a Motor Vehicle in Transport,0,No,1,Non-Junction,1,Not an Intersection,0,None,,,4,On Roadside,9,Reported as Unknown,,,,,99,Reported as Unknown,0,No,0000000,Not Applicable,99,Unknown,99,Unknown,99,Unknown EMS Scene Arrival Hour,99,Unknown EMS Scene Arrival Minutes,88,"Not Applicable (Not Transported) ",88,Not Applicable (Not Transported),,,,,,,1,
2021,26,260573,Michigan,2,2,0,0,0,4,4,65,INGHAM (65),2700,LANSING,19,19,8,August,2021,5,Thursday,19,7:00pm-7:59pm,53,53,1,This section IS ON the NHS,2,Urban,3,Principal Arterial - Other,1,State Highway Agency,3,State Highway,SR-99 MARTIN LUTHER KING JR BL,DORCHESTER CIR,29,29,42.68646389,42.68646389,-84.567666670,-84.567666670,0,No Special Jurisdiction,12,Motor Vehicle In-Transport,6,Angle,0,No,2,Intersection,3,T-Intersection,0,None,,,1,On Roadway,1,Daylight,,,,,1,Clear,0,No,0000000,Not Applicable,19,7:00pm-7:59pm,53,53,19,7:00pm-7:59pm,57,57,99,Unknown,99,Unknown EMS Hospital Arrival Time,,,,,,,1,
2021,26,260574,Michigan,2,2,0,0,0,2,2,65,INGHAM (65),2700,LANSING,20,20,8,August,2021,6,Friday,23,11:00pm-11:59pm,48,48,1,This section IS ON the NHS,2,Urban,3,Principal Arterial - Other,1,State Highway Agency,3,State Highway,SR-BL96 CEDAR ST,,83,83,42.69319722,42.69319722,-84.548094440,-84.548094440,0,No Special Jurisdiction,12,Motor Vehicle In-Transport,6,Angle,0,No,8,Driveway Access Related,1,Not an Intersection,0,None,,,1,On Roadway,3,Dark - Lighted,,,,,1,Clear,0,No,0000000,Not Applicable,23,11:00pm-11:59pm,50,50,23,11:00pm-11:59pm,53,53,88,"Not Applicable (Not Transported) ",88,Not Applicable (Not Transported),,,,,,,1,
2021,26,260575,Michigan,1,1,0,1,1,1,1,159,VAN BUREN (159),0,NOT APPLICABLE,11,11,8,August,2021,4,Wednesday,18,6:00pm-6:59pm,35,35,0,This section IS NOT on the NHS,1,Rural,6,Minor Collector,2,County Highway Agency,4,County Road,CR-376,,9,9,42.26142778,42.26142778,-86.188947220,-86.188947220,0,No Special Jurisdiction,49,Ridden Animal or Animal Drawn Conveyance,0,The First Harmful Event was Not a Collision with a Motor Vehicle in Transport,0,No,1,Non-Junction,1,Not an Intersection,0,None,,,1,On Roadway,5,Dusk,,,,,10,Cloudy,0,No,0000000,Not Applicable,18,6:00pm-6:59pm,35,35,18,6:00pm-6:59pm,41,41,99,Unknown,99,Unknown EMS Hospital Arrival Time,,,,,,,1,
2021,26,260576,Michigan,1,1,0,1,1,3,3,29,CHARLEVOIX (29),530,BOYNE CITY,14,14,8,August,2021,7,Saturday,12,12:00pm-12:59pm,1,1,0,This section IS NOT on the NHS,1,Rural,4,Minor Arterial,1,State Highway Agency,3,State Highway,SR-75 STATE ST,,8,8,45.21640000,45.21640000,-84.999747220,-84.999747220,0,No Special Jurisdiction,9,Pedalcyclist,0,The First Harmful Event was Not a Collision with a Motor Vehicle in Transport,0,No,1,Non-Junction,1,Not an Intersection,0,None,,,1,On Roadway,1,Daylight,,,,,1,Clear,0,No,0000000,Not Applicable,12,12:00pm-12:59pm,32,32,12,12:00pm-12:59pm,36,36,88,"Not Applicable (Not Transported) ",88,Not Applicable (Not Transported),,,,,,,1,
2021,26,260577,Michigan,1,1,0,1,1,1,1,59,HILLSDALE (59),0,NOT APPLICABLE,21,21,8,August,2021,7,Saturday,8,8:00am-8:59am,30,30,0,This section IS NOT on the NHS,2,Urban,7,Local,4,City or Municipal Highway Agency,4,County Road,CR-MOORE RD,,16,16,41.95076944,41.95076944,-84.638502780,-84.638502780,0,No Special Jurisdiction,8,Pedestrian,0,The First Harmful Event was Not a Collision with a Motor Vehicle in Transport,0,No,1,Non-Junction,1,Not an Intersection,0,None,,,2,On Shoulder,1,Daylight,,,,,1,Clear,0,No,0000000,Not Applicable,8,8:00am-8:59am,34,34,8,8:00am-8:59am,39,39,88,"Not Applicable (Not Transported) ",88,Not Applicable (Not Transported),,,,,,,1,
2021,26,260578,Michigan,2,2,0,0,0,2,2,163,WAYNE (163),1260,DETROIT,12,12,8,August,2021,5,Thursday,2,2:00am-2:59am,0,0,1,This section IS ON the NHS,2,Urban,3,Principal Arterial - Other,4,City or Municipal Highway Agency,6,Local Street - Municipality,PLYMOUTH RD,MARLOWE ST,187,187,42.37281111,42.37281111,-83.188813890,-83.188813890,0,No Special Jurisdiction,12,Motor Vehicle In-Transport,1,Front-to-Rear,0,No,3,Intersection-Related,2,Four-Way Intersection,0,None,,,1,On Roadway,3,Dark - Lighted,,,,,2,Rain,0,No,0000000,Not Applicable,99,Unknown,99,Unknown,99,Unknown EMS Scene Arrival Hour,99,Unknown EMS Scene Arrival Minutes,88,"Not Applicable (Not Transported) ",88,Not Applicable (Not Transported),,,,,,,1,
2021,26,260579,Michigan,1,1,0,0,0,1,1,99,MACOMB (99),4731,STERLING HEIGHTS,22,22,8,August,2021,1,Sunday,18,6:00pm-6:59pm,4,4,1,This section IS ON the NHS,2,Urban,2,Principal Arterial - Other Freeways and Expressways,1,State Highway Agency,6,Local Street - Municipality,VAN DYKE FRWY RAMP 028A,,0,None,42.59904722,42.59904722,-83.029222220,-83.029222220,0,No Special Jurisdiction,24,Guardrail Face,0,The First Harmful Event was Not a Collision with a Motor Vehicle in Transport,1,Yes,5,Entrance/Exit Ramp Related,1,Not an Intersection,0,None,,,4,On Roadside,1,Daylight,,,,,10,Cloudy,0,No,0000000,Not Applicable,18,6:00pm-6:59pm,5,5,18,6:00pm-6:59pm,9,9,99,Unknown,99,Unknown EMS Hospital Arrival Time,,,,,,,1,
2021,26,260580,Michigan,2,2,0,0,0,2,2,25,CALHOUN (25),0,NOT APPLICABLE,15,15,8,August,2021,1,Sunday,22,10:00pm-10:59pm,10,10,1,This section IS ON the NHS,2,Urban,3,Principal Arterial - Other,1,State Highway Agency,3,State Highway,SR-96 COLUMBIA AVE,,61,61,42.30230000,42.30230000,-85.162616670,-85.162616670,0,No Special Jurisdiction,12,Motor Vehicle In-Transport,6,Angle,0,No,8,Driveway Access Related,1,Not an Intersection,0,None,,,1,On Roadway,2,Dark - Not Lighted,,,,,1,Clear,0,No,0000000,Not Applicable,99,Unknown,99,Unknown,99,Unknown EMS Scene Arrival Hour,99,Unknown EMS Scene Arrival Minutes,88,"Not Applicable (Not Transported) ",88,Not Applicable (Not Transported),,,,,,,1,
2021,26,260581,Michigan,2,2,0,0,0,2,2,105,MASON (105),0,NOT APPLICABLE,5,5,8,August,2021,5,Thursday,19,7:00pm-7:59pm,23,23,0,This section IS NOT on the NHS,1,Rural,5,Major Collector,2,County Highway Agency,4,County Road,CR-S STILES RD,W KINNEY RD,50,50,43.89061667,43.89061667,-86.338380560,-86.338380560,0,No Special Jurisdiction,12,Motor Vehicle In-Transport,6,Angle,0,No,2,Intersection,2,Four-Way Intersection,0,None,,,1,On Roadway,1,Daylight,,,,,1,Clear,0,No,0000000,Not Applicable,99,Unknown,99,Unknown,99,Unknown EMS Scene Arrival Hour,99,Unknown EMS Scene Arrival Minutes,99,Unknown,99,Unknown EMS Hospital Arrival Time,,,,,,,1,
2021,26,260582,Michigan,1,1,0,0,0,1,1,41,DELTA (41),1141,CORNELL,20,20,8,August,2021,6,Friday,18,6:00pm-6:59pm,31,31,0,This section IS NOT on the NHS,1,Rural,5,Major Collector,2,County Highway Agency,4,County Road,CR-426 24TH RD,,7,7,45.89790000,45.89790000,-87.207252780,-87.207252780,0,No Special Jurisdiction,42,Tree (Standing Only),0,The First Harmful Event was Not a Collision with a Motor Vehicle in Transport,0,No,1,Non-Junction,1,Not an Intersection,0,None,,,4,On Roadside,1,Daylight,,,,,1,Clear,0,No,0000000,Not Applicable,18,6:00pm-6:59pm,31,31,18,6:00pm-6:59pm,39,39,99,Unknown,99,Unknown EMS Hospital Arrival Time,,,,,,,1,
2021,26,260583,Michigan,2,2,0,0,0,2,2,93,LIVINGSTON (93),2211,HARTLAND,19,19,8,August,2021,5,Thursday,8,8:00am-8:59am,17,17,1,This section IS ON the NHS,2,Urban,3,Principal Arterial - Other,1,State Highway Agency,3,State Highway,SR-59 HIGHLAND RD,NONE,130,130,42.63399167,42.63399167,-83.743472220,-83.743472220,0,No Special Jurisdiction,12,Motor Vehicle In-Transport,1,Front-to-Rear,0,No,3,Intersection-Related,2,Four-Way Intersection,0,None,,,1,On Roadway,1,Daylight,,,,,1,Clear,0,No,0000000,Not Applicable,8,8:00am-8:59am,18,18,8,8:00am-8:59am,32,32,99,Unknown,99,Unknown EMS Hospital Arrival Time,,,,,,,1,
2021,26,260584,Michigan,1,1,0,1,1,1,1,163,WAYNE (163),1260,DETROIT,21,21,8,August,2021,7,Saturday,1,1:00am-1:59am,10,10,0,This section IS NOT on the NHS,2,Urban,4,Minor Arterial,2,County Highway Agency,4,County Road,CR-OUTER DR,,7,7,42.40983889,42.40983889,-82.986066670,-82.986066670,0,No Special Jurisdiction,8,Pedestrian,0,The First Harmful Event was Not a Collision with a Motor Vehicle in Transport,0,No,1,Non-Junction,1,Not an Intersection,0,None,,,1,On Roadway,3,Dark - Lighted,,,,,1,Clear,0,No,0000000,Not Applicable,99,Unknown,99,Unknown,99,Unknown EMS Scene Arrival Hour,99,Unknown EMS Scene Arrival Minutes,88,"Not Applicable (Not Transported) ",88,Not Applicable (Not Transported),,,,,,,1,
2021,26,260585,Michigan,2,2,0,0,0,5,5,139,OTTAWA (139),0,NOT APPLICABLE,16,16,8,August,2021,2,Monday,17,5:00pm-5:59pm,50,50,0,This section IS NOT on the NHS,2,Urban,4,Minor Arterial,2,County Highway Agency,4,County Road,CR-OTTAWA BEACH RD,,30,30,42.79357222,42.79357222,-86.162713890,-86.162713890,0,No Special Jurisdiction,12,Motor Vehicle In-Transport,6,Angle,0,No,1,Non-Junction,1,Not an Intersection,0,None,,,1,On Roadway,1,Daylight,,,,,1,Clear,0,No,0000000,Not Applicable,17,5:00pm-5:59pm,51,51,17,5:00pm-5:59pm,54,54,99,Unknown,99,Unknown EMS Hospital Arrival Time,,,,,,,2,
2021,26,260586,Michigan,1,1,0,0,0,1,1,65,INGHAM (65),0,NOT APPLICABLE,17,17,8,August,2021,3,Tuesday,5,5:00am-5:59am,0,0,1,This section IS ON the NHS,1,Rural,2,Principal Arterial - Other Freeways and Expressways,1,State Highway Agency,2,U.S. Highway,US-127,,48,48,42.48915833,42.48915833,-84.443819440,-84.443819440,0,No Special Jurisdiction,42,Tree (Standing Only),0,The First Harmful Event was Not a Collision with a Motor Vehicle in Transport,0,No,1,Non-Junction,1,Not an Intersection,0,None,,,4,On Roadside,2,Dark - Not Lighted,,,,,5,"Fog, Smog, Smoke",0,No,0000000,Not Applicable,6,6:00am-6:59am,52,52,7,7:00am-7:59am,10,10,88,"Not Applicable (Not Transported) ",88,Not Applicable (Not Transported),,,,,,,1,
2021,26,260587,Michigan,3,3,0,0,0,4,4,25,CALHOUN (25),0,NOT APPLICABLE,17,17,8,August,2021,3,Tuesday,17,5:00pm-5:59pm,11,11,0,This section IS NOT on the NHS,2,Urban,4,Minor Arterial,1,State Highway Agency,3,State Highway,SR-66,,34,34,42.35549444,42.35549444,-85.151541670,-85.151541670,0,No Special Jurisdiction,12,Motor Vehicle In-Transport,7,Sideswipe - Same Direction,0,No,1,Non-Junction,1,Not an Intersection,0,None,,,1,On Roadway,1,Daylight,,,,,1,Clear,0,No,0000000,Not Applicable,17,5:00pm-5:59pm,12,12,17,5:00pm-5:59pm,16,16,99,Unknown,99,Unknown EMS Hospital Arrival Time,,,,,,,2,
2021,26,260588,Michigan,1,1,0,0,0,1,1,49,GENESEE (49),686,BURTON,18,18,8,August,2021,4,Wednesday,1,1:00am-1:59am,0,0,0,This section IS NOT on the NHS,2,Urban,4,Minor Arterial,4,City or Municipal Highway Agency,6,Local Street - Municipality,E BRISTOL RD,,75,75,42.97571667,42.97571667,-83.584416670,-83.584416670,0,No Special Jurisdiction,53,Mail Box,0,The First Harmful Event was Not a Collision with a Motor Vehicle in Transport,0,No,1,Non-Junction,1,Not an Intersection,0,None,,,4,On Roadside,2,Dark - Not Lighted,,,,,99,Reported as Unknown,0,No,0000000,Not Applicable,99,Unknown,99,Unknown,99,Unknown EMS Scene Arrival Hour,99,Unknown EMS Scene Arrival Minutes,88,"Not Applicable (Not Transported) ",88,Not Applicable (Not Transported),,,,,,,1,
2021,26,260589,Michigan,3,3,0,0,0,4,4,21,BERRIEN (21),0,NOT APPLICABLE,17,17,8,August,2021,3,Tuesday,15,3:00pm-3:59pm,54,54,0,This section IS NOT on the NHS,1,Rural,5,Major Collector,1,State Highway Agency,3,State Highway,SR-140,N BRANCH RD,110,110,42.13733333,42.13733333,-86.262083330,-86.262083330,0,No Special Jurisdiction,12,Motor Vehicle In-Transport,1,Front-to-Rear,0,No,3,Intersection-Related,2,Four-Way Intersection,0,None,,,1,On Roadway,1,Daylight,,,,,1,Clear,0,No,0000000,Not Applicable,15,3:00pm-3:59pm,54,54,16,4:00pm-4:59pm,12,12,99,Unknown,99,Unknown EMS Hospital Arrival Time,,,,,,,1,
2021,26,260590,Michigan,2,2,0,0,0,3,3,99,MACOMB (99),1440,EASTPOINTE,15,15,8,August,2021,1,Sunday,19,7:00pm-7:59pm,31,31,0,This section IS NOT on the NHS,2,Urban,7,Local,4,City or Municipal Highway Agency,6,Local Street - Municipality,HOLLAND AVE,ROSALIND AVE,1,1,42.46444722,42.46444722,-82.932552780,-82.932552780,0,No Special Jurisdiction,12,Motor Vehicle In-Transport,6,Angle,0,No,2,Intersection,2,Four-Way Intersection,0,None,,,1,On Roadway,1,Daylight,,,,,1,Clear,0,No,0000000,Not Applicable,19,7:00pm-7:59pm,32,32,19,7:00pm-7:59pm,35,35,99,Unknown,99,Unknown EMS Hospital Arrival Time,,,,,,,1,
2021,26,260591,Michigan,1,1,0,0,0,2,2,5,ALLEGAN (5),4470,SAUGATUCK,21,21,8,August,2021,7,Saturday,2,2:00am-2:59am,41,41,0,This section IS NOT on the NHS,1,Rural,7,Local,4,City or Municipal Highway Agency,6,Local Street - Municipality,NEWNHAM ST,LUCY ST,5,5,42.66126389,42.66126389,-86.204258330,-86.204258330,0,No Special Jurisdiction,18,Other Object (not fixed),0,The First Harmful Event was Not a Collision with a Motor Vehicle in Transport,0,No,3,Intersection-Related,2,Four-Way Intersection,0,None,,,4,On Roadside,2,Dark - Not Lighted,,,,,1,Clear,0,No,0000000,Not Applicable,2,2:00am-2:59am,43,43,2,2:00am-2:59am,51,51,88,"Not Applicable (Not Transported) ",88,Not Applicable (Not Transported),,,,,,,1,
2021,26,260592,Michigan,2,2,0,0,0,2,2,125,OAKLAND (125),0,NOT APPLICABLE,21,21,8,August,2021,7,Saturday,18,6:00pm-6:59pm,48,48,1,This section IS ON the NHS,2,Urban,3,Principal Arterial - Other,1,State Highway Agency,3,State Highway,SR-59 HIGHLAND RD,,130,130,42.66097778,42.66097778,-83.437816670,-83.437816670,0,No Special Jurisdiction,12,Motor Vehicle In-Transport,6,Angle,0,No,8,Driveway Access Related,1,Not an Intersection,0,None,,,1,On Roadway,1,Daylight,,,,,1,Clear,0,No,0000000,Not Applicable,18,6:00pm-6:59pm,49,49,18,6:00pm-6:59pm,57,57,99,Unknown,99,Unknown EMS Hospital Arrival Time,,,,,,,1,
2021,26,260593,Michigan,2,2,0,0,0,2,2,163,WAYNE (163),1260,DETROIT,15,15,8,August,2021,1,Sunday,19,7:00pm-7:59pm,45,45,0,This section IS NOT on the NHS,2,Urban,7,Local,4,City or Municipal Highway Agency,6,Local Street - Municipality,PARKSIDE ST,W MCNICHOLS RD,5,5,42.41729167,42.41729167,-83.131669440,-83.131669440,0,No Special Jurisdiction,12,Motor Vehicle In-Transport,6,Angle,0,No,2,Intersection,2,Four-Way Intersection,0,None,,,1,On Roadway,1,Daylight,,,,,1,Clear,0,No,0000000,Not Applicable,99,Unknown,99,Unknown,99,Unknown EMS Scene Arrival Hour,99,Unknown EMS Scene Arrival Minutes,88,"Not Applicable (Not Transported) ",88,Not Applicable (Not Transported),,,,,,,1,
2021,26,260594,Michigan,2,2,0,0,0,3,3,137,OTSEGO (137),0,NOT APPLICABLE,21,21,8,August,2021,7,Saturday,14,2:00pm-2:59pm,50,50,0,This section IS NOT on the NHS,1,Rural,4,Minor Arterial,2,County Highway Agency,4,County Road,CR-OLD US-27,,120,120,45.18515000,45.18515000,-84.672550000,-84.672550000,0,No Special Jurisdiction,12,Motor Vehicle In-Transport,6,Angle,0,No,8,Driveway Access Related,1,Not an Intersection,0,None,,,1,On Roadway,1,Daylight,,,,,1,Clear,0,No,0000000,Not Applicable,99,Unknown,99,Unknown,99,Unknown EMS Scene Arrival Hour,99,Unknown EMS Scene Arrival Minutes,88,"Not Applicable (Not Transported) ",88,Not Applicable (Not Transported),,,,,,,1,
2021,26,260595,Michigan,1,1,0,0,0,1,1,25,CALHOUN (25),0,NOT APPLICABLE,21,21,8,August,2021,7,Saturday,21,9:00pm-9:59pm,10,10,0,This section IS NOT on the NHS,1,Rural,4,Minor Arterial,1,State Highway Agency,3,State Highway,SR-99,,18,18,42.09507500,42.09507500,-84.804602780,-84.804602780,0,No Special Jurisdiction,99,Reported as Unknown,99,Reported as Unknown,0,No,1,Non-Junction,1,Not an Intersection,0,None,,,4,On Roadside,1,Daylight,,,,,1,Clear,0,No,0000000,Not Applicable,99,Unknown,99,Unknown,99,Unknown EMS Scene Arrival Hour,99,Unknown EMS Scene Arrival Minutes,88,"Not Applicable (Not Transported) ",88,Not Applicable (Not Transported),,,,,,,1,
2021,26,260596,Michigan,1,1,0,0,0,1,1,139,OTTAWA (139),0,NOT APPLICABLE,24,24,8,August,2021,3,Tuesday,1,1:00am-1:59am,54,54,0,This section IS NOT on the NHS,2,Urban,7,Local,2,County Highway Agency,4,County Road,CR-168TH AVE,,15,15,42.80269167,42.80269167,-86.197141670,-86.197141670,0,No Special Jurisdiction,42,Tree (Standing Only),0,The First Harmful Event was Not a Collision with a Motor Vehicle in Transport,0,No,1,Non-Junction,1,Not an Intersection,0,None,,,4,On Roadside,2,Dark - Not Lighted,,,,,1,Clear,0,No,0000000,Not Applicable,1,1:00am-1:59am,56,56,1,1:00am-1:59am,59,59,88,"Not Applicable (Not Transported) ",88,Not Applicable (Not Transported),,,,,,,1,
2021,26,260597,Michigan,2,2,0,0,0,3,3,121,MUSKEGON (121),3450,MUSKEGON,16,16,7,July,2021,6,Friday,20,8:00pm-8:59pm,55,55,0,This section IS NOT on the NHS,2,Urban,5,Major Collector,4,City or Municipal Highway Agency,6,Local Street - Municipality,BEACH ST,,3,3,43.22450000,43.22450000,-86.334766670,-86.334766670,0,No Special Jurisdiction,12,Motor Vehicle In-Transport,7,Sideswipe - Same Direction,0,No,1,Non-Junction,1,Not an Intersection,0,None,,,1,On Roadway,1,Daylight,,,,,10,Cloudy,0,No,0000000,Not Applicable,99,Unknown,99,Unknown,99,Unknown EMS Scene Arrival Hour,99,Unknown EMS Scene Arrival Minutes,88,"Not Applicable (Not Transported) ",88,Not Applicable (Not Transported),,,,,,,1,
2021,26,260598,Michigan,1,1,0,0,0,1,1,73,ISABELLA (73),0,NOT APPLICABLE,21,21,8,August,2021,7,Saturday,22,10:00pm-10:59pm,27,27,0,This section IS NOT on the NHS,2,Urban,5,Major Collector,2,County Highway Agency,4,County Road,CR-S CRAWFORD RD,,60,60,43.55353611,43.55353611,-84.787519440,-84.787519440,0,No Special Jurisdiction,30,Utility Pole/Light Support,0,The First Harmful Event was Not a Collision with a Motor Vehicle in Transport,0,No,1,Non-Junction,1,Not an Intersection,0,None,,,4,On Roadside,2,Dark - Not Lighted,,,,,1,Clear,0,No,0000000,Not Applicable,22,10:00pm-10:59pm,28,28,22,10:00pm-10:59pm,40,40,88,"Not Applicable (Not Transported) ",88,Not Applicable (Not Transported),,,,,,,1,
2021,26,260599,Michigan,1,1,0,0,0,1,1,75,JACKSON (75),2500,JACKSON,21,21,8,August,2021,7,Saturday,0,0:00am-0:59am,22,22,0,This section IS NOT on the NHS,2,Urban,4,Minor Arterial,4,City or Municipal Highway Agency,6,Local Street - Municipality,S ELM ST,E MORRELL ST,5,5,42.24040556,42.24040556,-84.384288890,-84.384288890,0,No Special Jurisdiction,33,Curb,0,The First Harmful Event was Not a Collision with a Motor Vehicle in Transport,0,No,3,Intersection-Related,3,T-Intersection,0,None,,,4,On Roadside,3,Dark - Lighted,,,,,1,Clear,0,No,0000000,Not Applicable,99,Unknown,99,Unknown,99,Unknown EMS Scene Arrival Hour,99,Unknown EMS Scene Arrival Minutes,99,Unknown,99,Unknown EMS Hospital Arrival Time,,,,,,,1,
2021,26,260600,Michigan,4,4,0,0,0,4,4,145,SAGINAW (145),0,NOT APPLICABLE,25,25,8,August,2021,4,Wednesday,15,3:00pm-3:59pm,57,57,1,This section IS ON the NHS,2,Urban,3,Principal Arterial - Other,1,State Highway Agency,3,State Highway,SR-58 STATE ST,,45,45,43.43689167,43.43689167,-84.034583330,-84.034583330,0,No Special Jurisdiction,12,Motor Vehicle In-Transport,7,Sideswipe - Same Direction,0,No,1,Non-Junction,1,Not an Intersection,0,None,,,1,On Roadway,1,Daylight,,,,,1,Clear,0,No,0000000,Not Applicable,99,Unknown,99,Unknown,99,Unknown EMS Scene Arrival Hour,99,Unknown EMS Scene Arrival Minutes,99,Unknown,99,Unknown EMS Hospital Arrival Time,,,,,,,1,
2021,26,260601,Michigan,2,2,0,0,0,2,2,163,WAYNE (163),1260,DETROIT,19,19,8,August,2021,5,Thursday,0,0:00am-0:59am,36,36,0,This section IS NOT on the NHS,2,Urban,4,Minor Arterial,2,County Highway Agency,4,County Road,CR-E OUTER DR,GUNSTON,3,3,42.40725833,42.40725833,-82.993466670,-82.993466670,0,No Special Jurisdiction,12,Motor Vehicle In-Transport,1,Front-to-Rear,0,No,3,Intersection-Related,2,Four-Way Intersection,0,None,,,1,On Roadway,2,Dark - Not Lighted,,,,,1,Clear,0,No,0000000,Not Applicable,99,Unknown,99,Unknown,99,Unknown EMS Scene Arrival Hour,99,Unknown EMS Scene Arrival Minutes,99,Unknown,99,Unknown EMS Hospital Arrival Time,,,,,,,1,