caseyear,state,st_case,statename,ve_total,ve_forms,pvh_invl,peds,pernotmvit,permvit,persons,county,countyname,city,cityname,day,dayname,month,monthname,year,day_week,day_weekname,hour,hourname,minute,minutename,nhs,nhsname,rur_urb,rur_urbname,func_sys,func_sysname,rd_owner,rd_ownername,route,routename,tway_id,tway_id2,milept,mileptname,latitude,latitudename,longitud,longitudname,sp_jur,sp_jurname,harm_ev,harm_evname,man_coll,man_collname,reljct1,reljct1name,reljct2,reljct2name,typ_int,typ_intname,wrk_zone,wrk_zonename,road_fnc,road_fncname,rel_road,rel_roadname,lgt_cond,lgt_condname,weather1,weather1name,weather2,weather2name,weather,weathername,sch_bus,sch_busname,rail,railname,not_hour,not_hourname,not_min,not_minname,arr_hour,arr_hourname,arr_min,arr_minname,hosp_hr,hosp_hrname,hosp_mn,hosp_mnname,cf1,cf1name,cf2,cf2name,cf3,cf3name,fatals,drunk_dr
2021,26,260602,Michigan,1,1,0,0,0,1,1,25,CALHOUN (25),0,NOT APPLICABLE,25,25,8,August,2021,4,Wednesday,22,10:00pm-10:59pm,57,57,0,This section IS NOT on the NHS,1,Rural,5,Major Collector,2,County Highway Agency,4,County Road,CR-28 MILE RD,,63,63,42.33398889,42.33398889,-84.757780560,-84.757780560,0,No Special Jurisdiction,32,Culvert,0,The First Harmful Event was Not a Collision with a Motor Vehicle in Transport,0,No,1,Non-Junction,1,Not an Intersection,0,None,,,4,On Roadside,2,Dark - Not Lighted,,,,,1,Clear,0,No,0000000,Not Applicable,99,Unknown,99,Unknown,99,Unknown EMS Scene Arrival Hour,99,Unknown EMS Scene Arrival Minutes,88,"Not Applicable (Not Transported) ",88,Not Applicable (Not Transported),,,,,,,1,
2021,26,260603,Michigan,1,1,0,0,0,1,1,125,OAKLAND (125),0,NOT APPLICABLE,26,26,8,August,2021,5,Thursday,22,10:00pm-10:59pm,15,15,0,This section IS NOT on the NHS,2,Urban,4,Minor Arterial,2,County Highway Agency,4,County Road,CR-SASHABAW RD,,14,14,42.70062500,42.70062500,-83.369644440,-83.369644440,0,No Special Jurisdiction,1,Rollover/Overturn,0,The First Harmful Event was Not a Collision with a Motor Vehicle in Transport,0,No,1,Non-Junction,1,Not an Intersection,0,None,,,4,On Roadside,3,Dark - Lighted,,,,,1,Clear,0,No,0000000,Not Applicable,22,10:00pm-10:59pm,16,16,22,10:00pm-10:59pm,19,19,99,Unknown,99,Unknown EMS Hospital Arrival Time,,,,,,,1,
2021,26,260604,Michigan,1,1,0,1,1,1,1,57,GRATIOT (57),0,NOT APPLICABLE,27,27,8,August,2021,6,Friday,5,5:00am-5:59am,59,59,0,This section IS NOT on the NHS,1,Rural,4,Minor Arterial,1,State Highway Agency,3,State Highway,SR-57 S CLEVELAND RD,,138,138,43.17602222,43.17602222,-84.564100000,-84.564100000,0,No Special Jurisdiction,8,Pedestrian,0,The First Harmful Event was Not a Collision with a Motor Vehicle in Transport,0,No,1,Non-Junction,1,Not an Intersection,0,None,,,1,On Roadway,2,Dark - Not Lighted,,,,,2,Rain,0,No,0000000,Not Applicable,5,5:00am-5:59am,59,59,6,6:00am-6:59am,10,10,88,"Not Applicable (Not Transported) ",88,Not Applicable (Not Transported),,,,,,,1,
2021,26,260605,Michigan,2,2,0,0,0,2,2,55,GRAND TRAVERSE (55),0,NOT APPLICABLE,27,27,8,August,2021,6,Friday,8,8:00am-8:59am,21,21,0,This section IS NOT on the NHS,1,Rural,5,Major Collector,2,County Highway Agency,4,County Road,CR-SOUTH LONG LAKE RD,,9,9,44.68601389,44.68601389,-85.752480560,-85.752480560,0,No Special Jurisdiction,12,Motor Vehicle In-Transport,2,Front-to-Front,0,No,1,Non-Junction,1,Not an Intersection,0,None,,,1,On Roadway,1,Daylight,,,,,1,Clear,0,No,0000000,Not Applicable,8,8:00am-8:59am,21,21,8,8:00am-8:59am,29,29,88,"Not Applicable (Not Transported) ",88,Not Applicable (Not Transported),,,,,,,1,
2021,26,260606,Michigan,1,1,0,0,0,2,2,99,MACOMB (99),2181,HARRISON TOWNSHIP,24,24,8,August,2021,3,Tuesday,5,5:00am-5:59am,18,18,1,This section IS ON the NHS,2,Urban,1,Interstate,1,State Highway Agency,1,Interstate,I-94,,105,105,42.57605556,42.57605556,-82.858036110,-82.858036110,0,No Special Jurisdiction,24,Guardrail Face,0,The First Harmful Event was Not a Collision with a Motor Vehicle in Transport,0,No,1,Non-Junction,1,Not an Intersection,0,None,,,4,On Roadside,3,Dark - Lighted,,,,,1,Clear,0,No,0000000,Not Applicable,99,Unknown,99,Unknown,99,Unknown EMS Scene Arrival Hour,99,Unknown EMS Scene Arrival Minutes,99,Unknown,99,Unknown EMS Hospital Arrival Time,,,,,,,1,
2021,26,260607,Michigan,1,1,0,0,0,1,1,77,KALAMAZOO (77),0,NOT APPLICABLE,18,18,8,August,2021,4,Wednesday,22,10:00pm-10:59pm,33,33,0,This section IS NOT on the NHS,2,Urban,5,Major Collector,2,County Highway Agency,4,County Road,CR-MILLER DR,,9,9,42.27799722,42.27799722,-85.411611110,-85.411611110,0,No Special Jurisdiction,42,Tree (Standing Only),0,The First Harmful Event was Not a Collision with a Motor Vehicle in Transport,0,No,1,Non-Junction,1,Not an Intersection,0,None,,,4,On Roadside,2,Dark - Not Lighted,,,,,1,Clear,0,No,0000000,Not Applicable,99,Unknown,99,Unknown,99,Unknown EMS Scene Arrival Hour,99,Unknown EMS Scene Arrival Minutes,88,"Not Applicable (Not Transported) ",88,Not Applicable (Not Transported),,,,,,,1,
2021,26,260608,Michigan,1,1,0,0,0,1,1,81,KENT (81),2010,GRAND RAPIDS,24,24,8,August,2021,3,Tuesday,4,4:00am-4:59am,43,43,1,This section IS ON the NHS,2,Urban,1,Interstate,1,State Highway Agency,2,U.S. Highway,US-131 RAMP 077H,,2,2,42.97347222,42.97347222,-85.679030560,-85.679030560,0,No Special Jurisdiction,1,Rollover/Overturn,0,The First Harmful Event was Not a Collision with a Motor Vehicle in Transport,1,Yes,5,Entrance/Exit Ramp Related,1,Not an Intersection,0,None,,,4,On Roadside,3,Dark - Lighted,,,,,1,Clear,0,No,0000000,Not Applicable,99,Unknown,99,Unknown,99,Unknown EMS Scene Arrival Hour,99,Unknown EMS Scene Arrival Minutes,88,"Not Applicable (Not Transported) ",88,Not Applicable (Not Transported),,,,,,,1,
2021,26,260609,Michigan,1,1,0,1,1,1,1,55,GRAND TRAVERSE (55),0,NOT APPLICABLE,24,24,8,August,2021,3,Tuesday,6,6:00am-6:59am,7,7,1,This section IS ON the NHS,1,Rural,3,Principal Arterial - Other,1,State Highway Agency,2,U.S. Highway,US-31,SR-137,24,24,44.65877778,44.65877778,-85.767794440,-85.767794440,0,No Special Jurisdiction,9,Pedalcyclist,0,The First Harmful Event was Not a Collision with a Motor Vehicle in Transport,0,No,2,Intersection,2,Four-Way Intersection,0,None,,,1,On Roadway,2,Dark - Not Lighted,,,,,1,Clear,0,No,0000000,Not Applicable,6,6:00am-6:59am,7,7,6,6:00am-6:59am,14,14,88,"Not Applicable (Not Transported) ",88,Not Applicable (Not Transported),,,,,,,1,
2021,26,260610,Michigan,2,2,0,0,0,2,2,55,GRAND TRAVERSE (55),0,NOT APPLICABLE,26,26,8,August,2021,5,Thursday,7,7:00am-7:59am,58,58,0,This section IS NOT on the NHS,2,Urban,6,Minor Collector,2,County Highway Agency,4,County Road,CR-ZIMMER RD,,0,None,44.72656667,44.72656667,-85.676572220,-85.676572220,0,No Special Jurisdiction,12,Motor Vehicle In-Transport,6,Angle,0,No,8,Driveway Access Related,1,Not an Intersection,0,None,,,1,On Roadway,1,Daylight,,,,,1,Clear,0,No,0000000,Not Applicable,7,7:00am-7:59am,59,59,8,8:00am-8:59am,2,2,99,Unknown,99,Unknown EMS Hospital Arrival Time,,,,,,,1,
2021,26,260611,Michigan,1,1,0,0,0,2,2,91,LENAWEE (91),0,NOT APPLICABLE,26,26,8,August,2021,5,Thursday,1,1:00am-1:59am,8,8,0,This section IS NOT on the NHS,1,Rural,7,Local,2,County Highway Agency,4,County Road,CR-HENNING HWY,BEECHER RD,0,None,41.88582222,41.88582222,-84.261469440,-84.261469440,0,No Special Jurisdiction,1,Rollover/Overturn,0,The First Harmful Event was Not a Collision with a Motor Vehicle in Transport,0,No,3,Intersection-Related,3,T-Intersection,0,None,,,4,On Roadside,2,Dark - Not Lighted,,,,,1,Clear,0,No,0000000,Not Applicable,1,1:00am-1:59am,11,11,1,1:00am-1:59am,25,25,88,"Not Applicable (Not Transported) ",88,Not Applicable (Not Transported),,,,,,,1,
2021,26,260612,Michigan,1,1,0,0,0,1,1,81,KENT (81),0,NOT APPLICABLE,27,27,8,August,2021,6,Friday,3,3:00am-3:59am,11,11,1,This section IS ON the NHS,2,Urban,3,Principal Arterial - Other,2,County Highway Agency,4,County Road,CR-RIVER DR,,51,51,43.06676111,43.06676111,-85.624219440,-85.624219440,0,No Special Jurisdiction,17,Boulder,0,The First Harmful Event was Not a Collision with a Motor Vehicle in Transport,0,No,1,Non-Junction,1,Not an Intersection,0,None,,,4,On Roadside,2,Dark - Not Lighted,,,,,5,"Fog, Smog, Smoke",0,No,0000000,Not Applicable,3,3:00am-3:59am,11,11,3,3:00am-3:59am,27,27,88,"Not Applicable (Not Transported) ",88,Not Applicable (Not Transported),,,,,,,1,
2021,26,260613,Michigan,1,1,0,0,0,1,1,81,KENT (81),5319,WYOMING,28,28,8,August,2021,7,Saturday,23,11:00pm-11:59pm,7,7,0,This section IS NOT on the NHS,2,Urban,4,Minor Arterial,4,City or Municipal Highway Agency,6,Local Street - Municipality,CLAY AVE,,25,25,42.89123056,42.89123056,-85.677913890,-85.677913890,0,No Special Jurisdiction,33,Curb,0,The First Harmful Event was Not a Collision with a Motor Vehicle in Transport,0,No,1,Non-Junction,1,Not an Intersection,0,None,,,4,On Roadside,3,Dark - Lighted,,,,,1,Clear,0,No,0000000,Not Applicable,23,11:00pm-11:59pm,7,7,23,11:00pm-11:59pm,12,12,88,"Not Applicable (Not Transported) ",88,Not Applicable (Not Transported),,,,,,,1,
2021,26,260614,Michigan,1,1,0,1,1,1,1,163,WAYNE (163),1260,DETROIT,22,22,8,August,2021,1,Sunday,1,1:00am-1:59am,18,18,0,This section IS NOT on the NHS,2,Urban,7,Local,4,City or Municipal Highway Agency,6,Local Street - Municipality,FREER ST,SAINT STEPHENS ST,2,2,42.32926667,42.32926667,-83.132658330,-83.132658330,0,No Special Jurisdiction,8,Pedestrian,0,The First Harmful Event was Not a Collision with a Motor Vehicle in Transport,0,No,3,Intersection-Related,3,T-Intersection,0,None,,,1,On Roadway,3,Dark - Lighted,,,,,1,Clear,0,No,0000000,Not Applicable,99,Unknown,99,Unknown,99,Unknown EMS Scene Arrival Hour,99,Unknown EMS Scene Arrival Minutes,99,Unknown,99,Unknown EMS Hospital Arrival Time,,,,,,,1,
2021,26,260615,Michigan,2,2,0,0,0,4,4,45,EATON (45),1460,EATON RAPIDS,27,27,8,August,2021,6,Friday,15,3:00pm-3:59pm,48,48,0,This section IS NOT on the NHS,2,Urban,4,Minor Arterial,1,State Highway Agency,3,State Highway,SR-99 MICHIGAN RD,,68,68,42.51852778,42.51852778,-84.655002780,-84.655002780,0,No Special Jurisdiction,12,Motor Vehicle In-Transport,2,Front-to-Front,0,No,1,Non-Junction,1,Not an Intersection,0,None,,,1,On Roadway,1,Daylight,,,,,1,Clear,0,No,0000000,Not Applicable,15,3:00pm-3:59pm,47,47,15,3:00pm-3:59pm,55,55,99,Unknown,99,Unknown EMS Hospital Arrival Time,,,,,,,1,
2021,26,260616,Michigan,1,1,0,0,0,1,1,77,KALAMAZOO (77),0,NOT APPLICABLE,22,22,8,August,2021,1,Sunday,1,1:00am-1:59am,11,11,0,This section IS NOT on the NHS,1,Rural,4,Minor Arterial,2,County Highway Agency,4,County Road,CR-E G AVE,,99,99,42.33285833,42.33285833,-85.385961110,-85.385961110,0,No Special Jurisdiction,1,Rollover/Overturn,0,The First Harmful Event was Not a Collision with a Motor Vehicle in Transport,0,No,1,Non-Junction,1,Not an Intersection,0,None,,,4,On Roadside,2,Dark - Not Lighted,,,,,1,Clear,0,No,0000000,Not Applicable,99,Unknown,99,Unknown,99,Unknown EMS Scene Arrival Hour,99,Unknown EMS Scene Arrival Minutes,88,"Not Applicable (Not Transported) ",88,Not Applicable (Not Transported),,,,,,,1,
2021,26,260617,Michigan,1,1,0,1,1,1,1,67,IONIA (67),0,NOT APPLICABLE,29,29,8,August,2021,1,Sunday,21,9:00pm-9:59pm,50,50,0,This section IS NOT on the NHS,1,Rural,4,Minor Arterial,1,State Highway Agency,3,State Highway,SR-66 STATE RD,,29,29,43.02522778,43.02522778,-85.075125000,-85.075125000,0,No Special Jurisdiction,8,Pedestrian,0,The First Harmful Event was Not a Collision with a Motor Vehicle in Transport,0,No,1,Non-Junction,1,Not an Intersection,0,None,,,1,On Roadway,2,Dark - Not Lighted,,,,,1,Clear,0,No,0000000,Not Applicable,21,9:00pm-9:59pm,52,52,21,9:00pm-9:59pm,56,56,88,"Not Applicable (Not Transported) ",88,Not Applicable (Not Transported),,,,,,,1,
2021,26,260618,Michigan,1,1,0,0,0,7,7,81,KENT (81),0,NOT APPLICABLE,28,28,8,August,2021,7,Saturday,1,1:00am-1:59am,43,43,1,This section IS ON the NHS,2,Urban,3,Principal Arterial - Other,2,County Highway Agency,4,County Road,CR-84TH ST SW,,61,61,42.81174444,42.81174444,-85.663594440,-85.663594440,0,No Special Jurisdiction,30,Utility Pole/Light Support,0,The First Harmful Event was Not a Collision with a Motor Vehicle in Transport,0,No,1,Non-Junction,1,Not an Intersection,0,None,,,4,On Roadside,2,Dark - Not Lighted,,,,,1,Clear,0,No,0000000,Not Applicable,1,1:00am-1:59am,44,44,1,1:00am-1:59am,50,50,99,Unknown,99,Unknown EMS Hospital Arrival Time,,,,,,,1,
2021,26,260619,Michigan,1,1,0,0,0,1,1,91,LENAWEE (91),0,NOT APPLICABLE,30,30,8,August,2021,2,Monday,15,3:00pm-3:59pm,49,49,0,This section IS NOT on the NHS,1,Rural,7,Local,2,County Highway Agency,4,County Road,CR-BENT OAK HWY,,42,42,41.96804722,41.96804722,-84.035613890,-84.035613890,0,No Special Jurisdiction,32,Culvert,0,The First Harmful Event was Not a Collision with a Motor Vehicle in Transport,0,No,1,Non-Junction,1,Not an Intersection,0,None,,,4,On Roadside,2,Dark - Not Lighted,,,,,99,Reported as Unknown,0,No,0000000,Not Applicable,15,3:00pm-3:59pm,50,50,16,4:00pm-4:59pm,2,2,88,"Not Applicable (Not Transported) ",88,Not Applicable (Not Transported),,,,,,,1,
2021,26,260620,Michigan,1,1,0,0,0,1,1,7,ALPENA (7),0,NOT APPLICABLE,25,25,8,August,2021,4,Wednesday,21,9:00pm-9:59pm,42,42,0,This section IS NOT on the NHS,1,Rural,5,Major Collector,2,County Highway Agency,4,County Road,CR-LONG RAPIDS RD,,183,183,45.10985000,45.10985000,-83.529622220,-83.529622220,0,No Special Jurisdiction,42,Tree (Standing Only),0,The First Harmful Event was Not a Collision with a Motor Vehicle in Transport,0,No,1,Non-Junction,1,Not an Intersection,0,None,,,4,On Roadside,2,Dark - Not Lighted,,,,,1,Clear,0,No,0000000,Not Applicable,21,9:00pm-9:59pm,44,44,21,9:00pm-9:59pm,51,51,99,Unknown,99,Unknown EMS Hospital Arrival Time,,,,,,,1,
2021,26,260621,Michigan,2,2,0,0,0,2,2,91,LENAWEE (91),0,NOT APPLICABLE,15,15,8,August,2021,1,Sunday,0,0:00am-0:59am,31,31,0,This section IS NOT on the NHS,1,Rural,7,Local,2,County Highway Agency,4,County Road,CR-TREAT HWY,GORMAN RD,74,74,41.82459167,41.82459167,-84.002833330,-84.002833330,0,No Special Jurisdiction,12,Motor Vehicle In-Transport,6,Angle,0,No,2,Intersection,2,Four-Way Intersection,0,None,,,1,On Roadway,2,Dark - Not Lighted,,,,,1,Clear,0,No,0000000,Not Applicable,99,Unknown,99,Unknown,99,Unknown EMS Scene Arrival Hour,99,Unknown EMS Scene Arrival Minutes,99,Unknown,99,Unknown EMS Hospital Arrival Time,,,,,,,1,
2021,26,260622,Michigan,2,2,0,0,0,2,2,163,WAYNE (163),1260,DETROIT,27,27,8,August,2021,6,Friday,23,11:00pm-11:59pm,30,30,0,This section IS NOT on the NHS,2,Urban,4,Minor Arterial,2,County Highway Agency,4,County Road,CR-E OUTER DR,CONNER ST,61,61,42.44107778,42.44107778,-83.018219440,-83.018219440,0,No Special Jurisdiction,12,Motor Vehicle In-Transport,6,Angle,0,No,2,Intersection,3,T-Intersection,0,None,,,1,On Roadway,3,Dark - Lighted,,,,,1,Clear,0,No,0000000,Not Applicable,99,Unknown,99,Unknown,99,Unknown EMS Scene Arrival Hour,99,Unknown EMS Scene Arrival Minutes,99,Unknown,99,Unknown EMS Hospital Arrival Time,,,,,,,1,
2021,26,260623,Michigan,2,2,0,0,0,3,3,81,KENT (81),0,NOT APPLICABLE,29,29,8,August,2021,1,Sunday,19,7:00pm-7:59pm,39,39,0,This section IS NOT on the NHS,1,Rural,5,Major Collector,2,County Highway Agency,4,County Road,CR-ALGOMA AVE,20 MILE RD,100,100,43.26294444,43.26294444,-85.611341670,-85.611341670,0,No Special Jurisdiction,12,Motor Vehicle In-Transport,6,Angle,0,No,2,Intersection,2,Four-Way Intersection,0,None,,,1,On Roadway,1,Daylight,,,,,1,Clear,0,No,0000000,Not Applicable,99,Unknown,99,Unknown,99,Unknown EMS Scene Arrival Hour,99,Unknown EMS Scene Arrival Minutes,99,Unknown,99,Unknown EMS Hospital Arrival Time,,,,,,,2,
2021,26,260624,Michigan,1,1,0,0,0,1,1,81,KENT (81),5319,WYOMING,31,31,8,August,2021,3,Tuesday,4,4:00am-4:59am,24,24,0,This section IS NOT on the NHS,2,Urban,4,Minor Arterial,4,City or Municipal Highway Agency,6,Local Street - Municipality,CLAY AVE SW,,11,11,42.87041389,42.87041389,-85.677636110,-85.677636110,0,No Special Jurisdiction,33,Curb,0,The First Harmful Event was Not a Collision with a Motor Vehicle in Transport,0,No,1,Non-Junction,1,Not an Intersection,0,None,,,4,On Roadside,3,Dark - Lighted,,,,,1,Clear,0,No,0000000,Not Applicable,4,4:00am-4:59am,24,24,4,4:00am-4:59am,31,31,99,Unknown,99,Unknown EMS Hospital Arrival Time,,,,,,,1,
2021,26,260625,Michigan,2,2,0,0,0,3,3,9,ANTRIM (9),0,NOT APPLICABLE,31,31,8,August,2021,3,Tuesday,15,3:00pm-3:59pm,55,55,1,This section IS ON the NHS,1,Rural,3,Principal Arterial - Other,1,State Highway Agency,2,U.S. Highway,US-31,,187,187,45.11257222,45.11257222,-85.350288890,-85.350288890,0,No Special Jurisdiction,12,Motor Vehicle In-Transport,6,Angle,0,No,8,Driveway Access Related,1,Not an Intersection,0,None,,,1,On Roadway,1,Daylight,,,,,1,Clear,0,No,0000000,Not Applicable,15,3:00pm-3:59pm,55,55,16,4:00pm-4:59pm,20,20,99,Unknown,99,Unknown EMS Hospital Arrival Time,,,,,,,1,
2021,26,260626,Michigan,1,1,0,0,0,1,1,125,OAKLAND (125),3641,OAK PARK,26,26,8,August,2021,5,Thursday,23,11:00pm-11:59pm,9,9,1,This section IS ON the NHS,2,Urban,3,Principal Arterial - Other,1,State Highway Agency,3,State Highway,SR-102 8 MILE RD,,74,74,42.44561111,42.44561111,-83.175808330,-83.175808330,0,No Special Jurisdiction,42,Tree (Standing Only),0,The First Harmful Event was Not a Collision with a Motor Vehicle in Transport,0,No,1,Non-Junction,1,Not an Intersection,0,None,,,3,On Median,3,Dark - Lighted,,,,,1,Clear,0,No,0000000,Not Applicable,23,11:00pm-11:59pm,5,5,23,11:00pm-11:59pm,12,12,99,Unknown,99,Unknown EMS Hospital Arrival Time,,,,,,,1,
2021,26,260627,Michigan,2,2,0,0,0,2,2,67,IONIA (67),0,NOT APPLICABLE,26,26,8,August,2021,5,Thursday,14,2:00pm-2:59pm,31,31,1,This section IS ON the NHS,2,Urban,1,Interstate,1,State Highway Agency,1,Interstate,I-96,,201,201,42.86191667,42.86191667,-84.922944440,-84.922944440,0,No Special Jurisdiction,12,Motor Vehicle In-Transport,1,Front-to-Rear,0,No,1,Non-Junction,1,Not an Intersection,0,None,,,1,On Roadway,1,Daylight,,,,,1,Clear,0,No,0000000,Not Applicable,99,Unknown,99,Unknown,99,Unknown EMS Scene Arrival Hour,99,Unknown EMS Scene Arrival Minutes,99,Unknown,99,Unknown EMS Hospital Arrival Time,,,,,,,1,
2021,26,260628,Michigan,2,2,0,0,0,3,3,81,KENT (81),5319,WYOMING,30,30,8,August,2021,2,Monday,20,8:00pm-8:59pm,25,25,0,This section IS NOT on the NHS,2,Urban,7,Local,4,City or Municipal Highway Agency,6,Local Street - Municipality,FOREST PARK DR SW,44TH ST SW,2,2,42.88469167,42.88469167,-85.717291670,-85.717291670,0,No Special Jurisdiction,12,Motor Vehicle In-Transport,6,Angle,0,No,2,Intersection,2,Four-Way Intersection,0,None,,,1,On Roadway,5,Dusk,,,,,1,Clear,0,No,0000000,Not Applicable,20,8:00pm-8:59pm,27,27,20,8:00pm-8:59pm,31,31,88,"Not Applicable (Not Transported) ",88,Not Applicable (Not Transported),,,,,,,1,
2021,26,260629,Michigan,1,1,0,0,0,3,3,45,EATON (45),0,NOT APPLICABLE,29,29,8,August,2021,1,Sunday,14,2:00pm-2:59pm,33,33,0,This section IS NOT on the NHS,1,Rural,5,Major Collector,2,County Highway Agency,4,County Road,CR-S BELLEVUE HWY,,121,121,42.45073056,42.45073056,-84.683366670,-84.683366670,0,No Special Jurisdiction,42,Tree (Standing Only),0,The First Harmful Event was Not a Collision with a Motor Vehicle in Transport,0,No,1,Non-Junction,1,Not an Intersection,0,None,,,4,On Roadside,1,Daylight,,,,,1,Clear,0,No,0000000,Not Applicable,99,Unknown,99,Unknown,99,Unknown EMS Scene Arrival Hour,99,Unknown EMS Scene Arrival Minutes,99,Unknown,99,Unknown EMS Hospital Arrival Time,,,,,,,2,
2021,26,260630,Michigan,1,1,0,0,0,1,1,49,GENESEE (49),1730,FLINT,27,27,8,August,2021,6,Friday,3,3:00am-3:59am,41,41,0,This section IS NOT on the NHS,2,Urban,5,Major Collector,4,City or Municipal Highway Agency,6,Local Street - Municipality,N CHEVROLET AVE,,29,29,43.04336944,43.04336944,-83.716236110,-83.716236110,0,No Special Jurisdiction,42,Tree (Standing Only),0,The First Harmful Event was Not a Collision with a Motor Vehicle in Transport,0,No,1,Non-Junction,1,Not an Intersection,0,None,,,4,On Roadside,2,Dark - Not Lighted,,,,,1,Clear,0,No,0000000,Not Applicable,3,3:00am-3:59am,41,41,3,3:00am-3:59am,45,45,88,"Not Applicable (Not Transported) ",88,Not Applicable (Not Transported),,,,,,,1,
2021,26,260632,Michigan,2,2,0,0,0,3,3,65,INGHAM (65),2700,LANSING,20,20,8,August,2021,6,Friday,13,1:00pm-1:59pm,48,48,1,This section IS ON the NHS,2,Urban,3,Principal Arterial - Other,2,County Highway Agency,6,Local Street - Municipality,MICHIGAN AVE,,15,15,42.73363056,42.73363056,-84.522994440,-84.522994440,0,No Special Jurisdiction,12,Motor Vehicle In-Transport,6,Angle,0,No,8,Driveway Access Related,1,Not an Intersection,0,None,,,1,On Roadway,1,Daylight,,,,,1,Clear,0,No,0000000,Not Applicable,13,1:00pm-1:59pm,49,49,13,1:00pm-1:59pm,52,52,99,Unknown,99,Unknown EMS Hospital Arrival Time,,,,,,,1,
2021,26,260633,Michigan,2,2,0,0,0,5,5,163,WAYNE (163),1210,DEARBORN,31,31,8,August,2021,3,Tuesday,12,12:00pm-12:59pm,58,58,9,Unknown if this section is on the NHS,2,Urban,4,Minor Arterial,2,County Highway Agency,4,County Road,CR-WYOMING,RAMP 210B,3,3,42.32240000,42.32240000,-83.157200000,-83.157200000,0,No Special Jurisdiction,12,Motor Vehicle In-Transport,6,Angle,0,No,2,Intersection,3,T-Intersection,0,None,,,1,On Roadway,1,Daylight,,,,,1,Clear,0,No,0000000,Not Applicable,99,Unknown,99,Unknown,99,Unknown EMS Scene Arrival Hour,99,Unknown EMS Scene Arrival Minutes,99,Unknown,99,Unknown EMS Hospital Arrival Time,,,,,,,1,
2021,26,260634,Michigan,1,1,0,1,1,1,1,21,BERRIEN (21),4410,ST. JOSEPH,27,27,8,August,2021,6,Friday,7,7:00am-7:59am,47,47,0,This section IS NOT on the NHS,2,Urban,4,Minor Arterial,4,City or Municipal Highway Agency,6,Local Street - Municipality,BROAD ST,MAIN ST,16,16,42.10832778,42.10832778,-86.481402780,-86.481402780,0,No Special Jurisdiction,8,Pedestrian,0,The First Harmful Event was Not a Collision with a Motor Vehicle in Transport,0,No,3,Intersection-Related,2,Four-Way Intersection,0,None,,,1,On Roadway,1,Daylight,,,,,1,Clear,0,No,0000000,Not Applicable,99,Unknown,99,Unknown,99,Unknown EMS Scene Arrival Hour,99,Unknown EMS Scene Arrival Minutes,99,Unknown,99,Unknown EMS Hospital Arrival Time,,,,,,,1,
2021,26,260635,Michigan,1,1,0,1,1,1,1,163,WAYNE (163),4295,ROMULUS,13,13,8,August,2021,6,Friday,5,5:00am-5:59am,50,50,1,This section IS ON the NHS,2,Urban,3,Principal Arterial - Other,2,County Highway Agency,4,County Road,CR-MIDDLEBELT RD,GODDARD RD,84,84,42.23875278,42.23875278,-83.327863890,-83.327863890,0,No Special Jurisdiction,8,Pedestrian,0,The First Harmful Event was Not a Collision with a Motor Vehicle in Transport,0,No,3,Intersection-Related,2,Four-Way Intersection,0,None,,,1,On Roadway,2,Dark - Not Lighted,,,,,10,Cloudy,0,No,0000000,Not Applicable,99,Unknown,98,Unknown if Notified,99,Unknown EMS Scene Arrival Hour,98,Unknown if Arrived,88,"Not Applicable (Not Transported) ",88,Not Applicable (Not Transported),,,,,,,1,
2021,26,260636,Michigan,2,2,0,0,0,3,3,143,ROSCOMMON (143),0,NOT APPLICABLE,31,31,8,August,2021,3,Tuesday,12,12:00pm-12:59pm,18,18,0,This section IS NOT on the NHS,1,Rural,4,Minor Arterial,1,State Highway Agency,3,State Highway,SR-18,,3,3,44.51111389,44.51111389,-84.575516670,-84.575516670,0,No Special Jurisdiction,12,Motor Vehicle In-Transport,6,Angle,0,No,8,Driveway Access Related,1,Not an Intersection,0,None,,,1,On Roadway,1,Daylight,,,,,10,Cloudy,0,No,0000000,Not Applicable,12,12:00pm-12:59pm,25,25,12,12:00pm-12:59pm,36,36,99,Unknown,99,Unknown EMS Hospital Arrival Time,,,,,,,1,
2021,26,260637,Michigan,2,2,0,0,0,3,3,109,MENOMINEE (109),2179,HARRIS,26,26,8,August,2021,5,Thursday,18,6:00pm-6:59pm,22,22,0,This section IS NOT on the NHS,1,Rural,7,Local,2,County Highway Agency,4,County Road,CR-D1,CHEESE FACTORY 38 RD,0,None,45.66684167,45.66684167,-87.387911110,-87.387911110,0,No Special Jurisdiction,12,Motor Vehicle In-Transport,6,Angle,0,No,2,Intersection,2,Four-Way Intersection,0,None,,,1,On Roadway,1,Daylight,,,,,1,Clear,0,No,0000000,Not Applicable,99,Unknown,99,Unknown,99,Unknown EMS Scene Arrival Hour,99,Unknown EMS Scene Arrival Minutes,99,Unknown,99,Unknown EMS Hospital Arrival Time,,,,,,,1,
2021,26,260638,Michigan,2,2,0,0,0,2,2,125,OAKLAND (125),0,NOT APPLICABLE,27,27,8,August,2021,6,Friday,11,11:00am-11:59am,25,25,0,This section IS NOT on the NHS,2,Urban,5,Major Collector,2,County Highway Agency,4,County Road,CR-WILLOW RD,LOCHHAVEN RD,17,17,42.59972222,42.59972222,-83.412680560,-83.412680560,0,No Special Jurisdiction,12,Motor Vehicle In-Transport,6,Angle,0,No,2,Intersection,3,T-Intersection,0,None,,,1,On Roadway,1,Daylight,,,,,2,Rain,0,No,0000000,Not Applicable,11,11:00am-11:59am,26,26,11,11:00am-11:59am,33,33,99,Unknown,99,Unknown EMS Hospital Arrival Time,,,,,,,1,