caseyear,state,st_case,statename,ve_total,ve_forms,pvh_invl,peds,pernotmvit,permvit,persons,county,countyname,city,cityname,day,dayname,month,monthname,year,day_week,day_weekname,hour,hourname,minute,minutename,nhs,nhsname,rur_urb,rur_urbname,func_sys,func_sysname,rd_owner,rd_ownername,route,routename,tway_id,tway_id2,milept,mileptname,latitude,latitudename,longitud,longitudname,sp_jur,sp_jurname,harm_ev,harm_evname,man_coll,man_collname,reljct1,reljct1name,reljct2,reljct2name,typ_int,typ_intname,wrk_zone,wrk_zonename,road_fnc,road_fncname,rel_road,rel_roadname,lgt_cond,lgt_condname,weather1,weather1name,weather2,weather2name,weather,weathername,sch_bus,sch_busname,rail,railname,not_hour,not_hourname,not_min,not_minname,arr_hour,arr_hourname,arr_min,arr_minname,hosp_hr,hosp_hrname,hosp_mn,hosp_mnname,cf1,cf1name,cf2,cf2name,cf3,cf3name,fatals,drunk_dr
2021,26,260639,Michigan,2,2,0,0,0,3,3,121,MUSKEGON (121),0,NOT APPLICABLE,30,30,8,August,2021,2,Monday,8,8:00am-8:59am,25,25,0,This section IS NOT on the NHS,1,Rural,7,Local,2,County Highway Agency,4,County Road,CR-MCMILLAN RD,ORSHAL RD,18,18,43.31240833,43.31240833,-86.356733330,-86.356733330,0,No Special Jurisdiction,12,Motor Vehicle In-Transport,6,Angle,0,No,2,Intersection,2,Four-Way Intersection,0,None,,,1,On Roadway,1,Daylight,,,,,1,Clear,0,No,0000000,Not Applicable,99,Unknown,99,Unknown,99,Unknown EMS Scene Arrival Hour,99,Unknown EMS Scene Arrival Minutes,99,Unknown,99,Unknown EMS Hospital Arrival Time,,,,,,,1,
2021,26,260640,Michigan,1,1,0,0,0,1,1,27,CASS (27),0,NOT APPLICABLE,23,23,8,August,2021,2,Monday,3,3:00am-3:59am,25,25,0,This section IS NOT on the NHS,1,Rural,4,Minor Arterial,1,State Highway Agency,3,State Highway,SR-62,,39,39,41.98418889,41.98418889,-86.198713890,-86.198713890,0,No Special Jurisdiction,1,Rollover/Overturn,0,The First Harmful Event was Not a Collision with a Motor Vehicle in Transport,0,No,1,Non-Junction,1,Not an Intersection,0,None,,,4,On Roadside,2,Dark - Not Lighted,,,,,1,Clear,0,No,0000000,Not Applicable,99,Unknown,99,Unknown,99,Unknown EMS Scene Arrival Hour,99,Unknown EMS Scene Arrival Minutes,88,"Not Applicable (Not Transported) ",88,Not Applicable (Not Transported),,,,,,,1,
2021,26,260641,Michigan,1,1,0,0,0,1,1,93,LIVINGSTON (93),0,NOT APPLICABLE,29,29,8,August,2021,1,Sunday,18,6:00pm-6:59pm,0,0,0,This section IS NOT on the NHS,1,Rural,5,Major Collector,2,County Highway Agency,4,County Road,CR-FENTON RD,,47,47,42.67222778,42.67222778,-83.701627780,-83.701627780,0,No Special Jurisdiction,42,Tree (Standing Only),0,The First Harmful Event was Not a Collision with a Motor Vehicle in Transport,0,No,1,Non-Junction,1,Not an Intersection,0,None,,,4,On Roadside,1,Daylight,,,,,10,Cloudy,0,No,0000000,Not Applicable,99,Unknown,99,Unknown,99,Unknown EMS Scene Arrival Hour,99,Unknown EMS Scene Arrival Minutes,88,"Not Applicable (Not Transported) ",88,Not Applicable (Not Transported),,,,,,,1,
2021,26,260642,Michigan,2,2,0,0,0,3,3,163,WAYNE (163),738,CANTON TOWNSHIP,4,4,8,August,2021,4,Wednesday,14,2:00pm-2:59pm,49,49,1,This section IS ON the NHS,2,Urban,3,Principal Arterial - Other,1,State Highway Agency,3,State Highway,SR-153 FORD RD,,32,32,42.32212778,42.32212778,-83.481841670,-83.481841670,0,No Special Jurisdiction,12,Motor Vehicle In-Transport,6,Angle,0,No,8,Driveway Access Related,1,Not an Intersection,0,None,,,1,On Roadway,1,Daylight,,,,,5,"Fog, Smog, Smoke",0,No,0000000,Not Applicable,14,2:00pm-2:59pm,50,50,14,2:00pm-2:59pm,57,57,99,Unknown,99,Unknown EMS Hospital Arrival Time,,,,,,,1,
2021,26,260643,Michigan,2,2,0,0,0,4,4,125,OAKLAND (125),0,NOT APPLICABLE,20,20,8,August,2021,6,Friday,23,11:00pm-11:59pm,50,50,1,This section IS ON the NHS,2,Urban,3,Principal Arterial - Other,2,County Highway Agency,4,County Road,CR-COOLEY LAKE RD,HILLER RD,26,26,42.62217500,42.62217500,-83.399100000,-83.399100000,0,No Special Jurisdiction,12,Motor Vehicle In-Transport,6,Angle,0,No,2,Intersection,3,T-Intersection,0,None,,,1,On Roadway,2,Dark - Not Lighted,,,,,1,Clear,0,No,0000000,Not Applicable,99,Unknown,99,Unknown,99,Unknown EMS Scene Arrival Hour,99,Unknown EMS Scene Arrival Minutes,99,Unknown,99,Unknown EMS Hospital Arrival Time,,,,,,,1,
2021,26,260644,Michigan,1,1,0,0,0,3,3,143,ROSCOMMON (143),0,NOT APPLICABLE,22,22,8,August,2021,1,Sunday,2,2:00am-2:59am,48,48,0,This section IS NOT on the NHS,1,Rural,98,Not Reported,2,County Highway Agency,4,County Road,CR-NORTHPOINT DR,,1,1,44.24976667,44.24976667,-84.489136110,-84.489136110,0,No Special Jurisdiction,35,Embankment,0,The First Harmful Event was Not a Collision with a Motor Vehicle in Transport,0,No,1,Non-Junction,1,Not an Intersection,0,None,,,4,On Roadside,2,Dark - Not Lighted,,,,,1,Clear,0,No,0000000,Not Applicable,99,Unknown,99,Unknown,99,Unknown EMS Scene Arrival Hour,99,Unknown EMS Scene Arrival Minutes,88,"Not Applicable (Not Transported) ",88,Not Applicable (Not Transported),,,,,,,1,
2021,26,260645,Michigan,2,2,0,0,0,3,3,99,MACOMB (99),2761,LENOX,14,14,8,August,2021,7,Saturday,16,4:00pm-4:59pm,52,52,0,This section IS NOT on the NHS,1,Rural,4,Minor Arterial,1,State Highway Agency,3,State Highway,SR-19 GRATIOT AVE,,139,139,42.77936389,42.77936389,-82.748608330,-82.748608330,0,No Special Jurisdiction,12,Motor Vehicle In-Transport,1,Front-to-Rear,0,No,1,Non-Junction,1,Not an Intersection,0,None,,,1,On Roadway,1,Daylight,,,,,1,Clear,0,No,0000000,Not Applicable,99,Unknown,99,Unknown,99,Unknown EMS Scene Arrival Hour,99,Unknown EMS Scene Arrival Minutes,99,Unknown,99,Unknown EMS Hospital Arrival Time,,,,,,,1,
2021,26,260646,Michigan,3,1,2,2,2,5,5,163,WAYNE (163),1260,DETROIT,14,14,8,August,2021,7,Saturday,21,9:00pm-9:59pm,35,35,0,This section IS NOT on the NHS,2,Urban,7,Local,4,City or Municipal Highway Agency,6,Local Street - Municipality,FOLEY ST,,7,7,42.37786111,42.37786111,-83.165716670,-83.165716670,0,No Special Jurisdiction,14,Parked Motor Vehicle,0,The First Harmful Event was Not a Collision with a Motor Vehicle in Transport,0,No,1,Non-Junction,1,Not an Intersection,0,None,,,4,On Roadside,3,Dark - Lighted,,,,,1,Clear,0,No,0000000,Not Applicable,99,Unknown,99,Unknown,99,Unknown EMS Scene Arrival Hour,99,Unknown EMS Scene Arrival Minutes,99,Unknown,99,Unknown EMS Hospital Arrival Time,,,,,,,1,
2021,26,260647,Michigan,1,1,0,0,0,1,1,113,MISSAUKEE (113),0,NOT APPLICABLE,29,29,8,August,2021,1,Sunday,11,11:00am-11:59am,30,30,0,This section IS NOT on the NHS,1,Rural,7,Local,2,County Highway Agency,4,County Road,CR-WALKER RD,,51,51,44.38594167,44.38594167,-84.994025000,-84.994025000,0,No Special Jurisdiction,1,Rollover/Overturn,0,The First Harmful Event was Not a Collision with a Motor Vehicle in Transport,0,No,1,Non-Junction,1,Not an Intersection,0,None,,,4,On Roadside,1,Daylight,,,,,1,Clear,0,No,0000000,Not Applicable,11,11:00am-11:59am,35,35,99,Unknown EMS Scene Arrival Hour,99,Unknown EMS Scene Arrival Minutes,88,"Not Applicable (Not Transported) ",88,Not Applicable (Not Transported),,,,,,,1,
2021,26,260648,Michigan,1,1,0,0,0,1,1,163,WAYNE (163),1260,DETROIT,3,3,8,August,2021,3,Tuesday,23,11:00pm-11:59pm,2,2,1,This section IS ON the NHS,2,Urban,3,Principal Arterial - Other,1,State Highway Agency,3,State Highway,SR-5 GRAND RIVER AVE,,25,25,42.40268056,42.40268056,-83.223130560,-83.223130560,0,No Special Jurisdiction,33,Curb,0,The First Harmful Event was Not a Collision with a Motor Vehicle in Transport,0,No,1,Non-Junction,1,Not an Intersection,0,None,,,12,Pedestrian Refuge Island or Traffic Island,3,Dark - Lighted,,,,,1,Clear,0,No,0000000,Not Applicable,99,Unknown,99,Unknown,99,Unknown EMS Scene Arrival Hour,99,Unknown EMS Scene Arrival Minutes,99,Unknown,99,Unknown EMS Hospital Arrival Time,,,,,,,1,
2021,26,260649,Michigan,2,2,0,0,0,2,2,49,GENESEE (49),0,NOT APPLICABLE,13,13,8,August,2021,6,Friday,19,7:00pm-7:59pm,40,40,0,This section IS NOT on the NHS,1,Rural,5,Major Collector,2,County Highway Agency,4,County Road,CR-GRAND BLAND RD,,65,65,42.91352778,42.91352778,-83.799722220,-83.799722220,0,No Special Jurisdiction,12,Motor Vehicle In-Transport,6,Angle,0,No,8,Driveway Access Related,1,Not an Intersection,0,None,,,1,On Roadway,1,Daylight,,,,,1,Clear,0,No,0000000,Not Applicable,19,7:00pm-7:59pm,40,40,19,7:00pm-7:59pm,46,46,99,Unknown,99,Unknown EMS Hospital Arrival Time,,,,,,,1,
2021,26,260651,Michigan,1,1,0,0,0,1,1,125,OAKLAND (125),208,ABURN HILLS,15,15,8,August,2021,1,Sunday,1,1:00am-1:59am,34,34,1,This section IS ON the NHS,2,Urban,1,Interstate,1,State Highway Agency,1,Interstate,I-75 RAMP 080D,,3,3,42.65256667,42.65256667,-83.239752780,-83.239752780,0,No Special Jurisdiction,24,Guardrail Face,0,The First Harmful Event was Not a Collision with a Motor Vehicle in Transport,1,Yes,5,Entrance/Exit Ramp Related,1,Not an Intersection,0,None,,,4,On Roadside,2,Dark - Not Lighted,,,,,1,Clear,0,No,0000000,Not Applicable,99,Unknown,99,Unknown,99,Unknown EMS Scene Arrival Hour,99,Unknown EMS Scene Arrival Minutes,88,"Not Applicable (Not Transported) ",88,Not Applicable (Not Transported),,,,,,,1,
2021,26,260652,Michigan,2,2,0,0,0,3,3,99,MACOMB (99),2934,"MACOMB, TOWNSHIP",8,8,8,August,2021,1,Sunday,3,3:00am-3:59am,6,6,0,This section IS NOT on the NHS,2,Urban,7,Local,2,County Highway Agency,4,County Road,CR-HAYES RD,26 MILE RD,101,101,42.71590278,42.71590278,-82.976833330,-82.976833330,0,No Special Jurisdiction,12,Motor Vehicle In-Transport,6,Angle,0,No,2,Intersection,2,Four-Way Intersection,0,None,,,1,On Roadway,2,Dark - Not Lighted,,,,,1,Clear,0,No,0000000,Not Applicable,99,Unknown,99,Unknown,99,Unknown EMS Scene Arrival Hour,99,Unknown EMS Scene Arrival Minutes,99,Unknown,99,Unknown EMS Hospital Arrival Time,,,,,,,1,
2021,26,260653,Michigan,1,1,0,1,1,2,2,87,LAPEER (87),2710,LAPEER,30,30,8,August,2021,2,Monday,16,4:00pm-4:59pm,10,10,0,This section IS NOT on the NHS,2,Urban,5,Major Collector,4,City or Municipal Highway Agency,6,Local Street - Municipality,DEMILL ST,,14,14,43.04341389,43.04341389,-83.321175000,-83.321175000,0,No Special Jurisdiction,9,Pedalcyclist,0,The First Harmful Event was Not a Collision with a Motor Vehicle in Transport,0,No,8,Driveway Access Related,1,Not an Intersection,0,None,,,1,On Roadway,1,Daylight,,,,,1,Clear,0,No,0000000,Not Applicable,16,4:00pm-4:59pm,16,16,16,4:00pm-4:59pm,16,16,99,Unknown,99,Unknown EMS Hospital Arrival Time,,,,,,,1,
2021,26,260654,Michigan,1,1,0,0,0,1,1,49,GENESEE (49),686,BURTON,30,30,5,May,2021,1,Sunday,21,9:00pm-9:59pm,43,43,1,This section IS ON the NHS,2,Urban,3,Principal Arterial - Other,1,State Highway Agency,3,State Highway,SR-54 DORT HWY,,52,52,42.98000833,42.98000833,-83.653127780,-83.653127780,0,No Special Jurisdiction,33,Curb,0,The First Harmful Event was Not a Collision with a Motor Vehicle in Transport,0,No,1,Non-Junction,1,Not an Intersection,0,None,,,4,On Roadside,3,Dark - Lighted,,,,,1,Clear,0,No,0000000,Not Applicable,20,8:00pm-8:59pm,41,41,20,8:00pm-8:59pm,45,45,88,"Not Applicable (Not Transported) ",88,Not Applicable (Not Transported),,,,,,,1,
2021,26,260655,Michigan,1,1,0,0,0,1,1,151,SANILAC (151),0,NOT APPLICABLE,12,12,6,June,2021,7,Saturday,7,7:00am-7:59am,41,41,0,This section IS NOT on the NHS,1,Rural,7,Local,2,County Highway Agency,4,County Road,CR-GATES RD,,39,39,43.47807222,43.47807222,-82.853047220,-82.853047220,0,No Special Jurisdiction,1,Rollover/Overturn,0,The First Harmful Event was Not a Collision with a Motor Vehicle in Transport,0,No,1,Non-Junction,1,Not an Intersection,0,None,,,4,On Roadside,2,Dark - Not Lighted,,,,,1,Clear,0,No,0000000,Not Applicable,7,7:00am-7:59am,44,44,7,7:00am-7:59am,54,54,88,"Not Applicable (Not Transported) ",88,Not Applicable (Not Transported),,,,,,,1,
2021,26,260656,Michigan,1,1,0,1,1,2,2,63,HURON (63),0,NOT APPLICABLE,23,23,6,June,2021,4,Wednesday,11,11:00am-11:59am,25,25,1,This section IS ON the NHS,1,Rural,3,Principal Arterial - Other,1,State Highway Agency,3,State Highway,SR-53 VAN DYKE RD,BARRIE RD,110,110,43.80164444,43.80164444,-83.020763890,-83.020763890,0,No Special Jurisdiction,9,Pedalcyclist,0,The First Harmful Event was Not a Collision with a Motor Vehicle in Transport,0,No,2,Intersection,2,Four-Way Intersection,0,None,,,1,On Roadway,1,Daylight,,,,,1,Clear,0,No,0000000,Not Applicable,11,11:00am-11:59am,31,31,11,11:00am-11:59am,34,34,88,"Not Applicable (Not Transported) ",88,Not Applicable (Not Transported),,,,,,,1,
2021,26,260657,Michigan,2,2,0,0,0,2,2,161,WASHTENAW (161),150,ANN ARBOR,14,14,7,July,2021,4,Wednesday,13,1:00pm-1:59pm,7,7,1,This section IS ON the NHS,2,Urban,3,Principal Arterial - Other,4,City or Municipal Highway Agency,6,Local Street - Municipality,PACKARD ST,SPRINGBROOK ST,34,34,42.24498056,42.24498056,-83.702588890,-83.702588890,0,No Special Jurisdiction,1,Rollover/Overturn,0,The First Harmful Event was Not a Collision with a Motor Vehicle in Transport,0,No,2,Intersection,2,Four-Way Intersection,0,None,,,1,On Roadway,1,Daylight,,,,,1,Clear,0,No,0000000,Not Applicable,99,Unknown,99,Unknown,99,Unknown EMS Scene Arrival Hour,99,Unknown EMS Scene Arrival Minutes,99,Unknown,99,Unknown EMS Hospital Arrival Time,,,,,,,1,
2021,26,260658,Michigan,4,4,0,0,0,5,5,161,WASHTENAW (161),150,ANN ARBOR,30,30,8,August,2021,2,Monday,15,3:00pm-3:59pm,25,25,1,This section IS ON the NHS,2,Urban,2,Principal Arterial - Other Freeways and Expressways,1,State Highway Agency,3,State Highway,SR-14,,12,12,42.29647500,42.29647500,-83.789063890,-83.789063890,0,No Special Jurisdiction,12,Motor Vehicle In-Transport,1,Front-to-Rear,1,Yes,18,Through Roadway,1,Not an Intersection,0,None,,,1,On Roadway,1,Daylight,,,,,1,Clear,0,No,0000000,Not Applicable,99,Unknown,99,Unknown,99,Unknown EMS Scene Arrival Hour,99,Unknown EMS Scene Arrival Minutes,88,"Not Applicable (Not Transported) ",88,Not Applicable (Not Transported),,,,,,,1,
2021,26,260659,Michigan,2,2,0,0,0,2,2,99,MACOMB (99),4330,ROSEVILLE,6,6,9,September,2021,2,Monday,8,8:00am-8:59am,5,5,1,This section IS ON the NHS,2,Urban,1,Interstate,1,State Highway Agency,1,Interstate,I-94,,43,43,42.51058889,42.51058889,-82.918247220,-82.918247220,0,No Special Jurisdiction,12,Motor Vehicle In-Transport,1,Front-to-Rear,0,No,1,Non-Junction,1,Not an Intersection,0,None,,,1,On Roadway,1,Daylight,,,,,1,Clear,0,No,0000000,Not Applicable,99,Unknown,99,Unknown,99,Unknown EMS Scene Arrival Hour,99,Unknown EMS Scene Arrival Minutes,99,Unknown,99,Unknown EMS Hospital Arrival Time,,,,,,,1,
2021,26,260660,Michigan,1,1,0,1,1,1,1,55,GRAND TRAVERSE (55),4880,TRAVERSE CITY,6,6,9,September,2021,2,Monday,9,9:00am-9:59am,57,57,0,This section IS NOT on the NHS,2,Urban,7,Local,2,County Highway Agency,4,County Road,CR-TRAVERSEFIELD DR,,1,1,44.71750000,44.71750000,-85.587247220,-85.587247220,0,No Special Jurisdiction,8,Pedestrian,0,The First Harmful Event was Not a Collision with a Motor Vehicle in Transport,0,No,1,Non-Junction,1,Not an Intersection,0,None,,,1,On Roadway,1,Daylight,,,,,1,Clear,0,No,0000000,Not Applicable,9,9:00am-9:59am,57,57,10,10:00am-10:59am,3,3,99,Unknown,99,Unknown EMS Hospital Arrival Time,,,,,,,1,
2021,26,260661,Michigan,1,1,0,0,0,1,1,115,MONROE (115),1586,ERIE,8,8,9,September,2021,4,Wednesday,2,2:00am-2:59am,43,43,0,This section IS NOT on the NHS,2,Urban,4,Minor Arterial,2,County Highway Agency,4,County Road,CR-STERNS RD,,141,141,41.75034444,41.75034444,-83.490322220,-83.490322220,0,No Special Jurisdiction,34,Ditch,0,The First Harmful Event was Not a Collision with a Motor Vehicle in Transport,0,No,1,Non-Junction,1,Not an Intersection,0,None,,,4,On Roadside,2,Dark - Not Lighted,,,,,1,Clear,0,No,0000000,Not Applicable,2,2:00am-2:59am,45,45,2,2:00am-2:59am,54,54,88,"Not Applicable (Not Transported) ",88,Not Applicable (Not Transported),,,,,,,1,
2021,26,260662,Michigan,2,1,1,0,1,1,2,139,OTTAWA (139),4807,TALLMADGE,8,8,9,September,2021,4,Wednesday,11,11:00am-11:59am,45,45,1,This section IS ON the NHS,2,Urban,1,Interstate,1,State Highway Agency,1,Interstate,I-96,,183,183,43.03179444,43.03179444,-85.808783330,-85.808783330,0,No Special Jurisdiction,45,"Working Motor Vehicle ",0,The First Harmful Event was Not a Collision with a Motor Vehicle in Transport,0,No,1,Non-Junction,1,Not an Intersection,2,Maintenance,,,1,On Roadway,1,Daylight,,,,,1,Clear,0,No,0000000,Not Applicable,11,11:00am-11:59am,47,47,11,11:00am-11:59am,49,49,99,Unknown,99,Unknown EMS Hospital Arrival Time,,,,,,,1,
2021,26,260663,Michigan,1,1,0,0,0,1,1,37,CLINTON (37),0,NOT APPLICABLE,11,11,9,September,2021,7,Saturday,16,4:00pm-4:59pm,19,19,1,This section IS ON the NHS,2,Urban,2,Principal Arterial - Other Freeways and Expressways,1,State Highway Agency,1,Interstate,I-96,,66,66,42.81680278,42.81680278,-84.562569440,-84.562569440,0,No Special Jurisdiction,1,Rollover/Overturn,0,The First Harmful Event was Not a Collision with a Motor Vehicle in Transport,0,No,1,Non-Junction,1,Not an Intersection,0,None,,,3,On Median,1,Daylight,,,,,1,Clear,0,No,0000000,Not Applicable,16,4:00pm-4:59pm,19,19,16,4:00pm-4:59pm,25,25,88,"Not Applicable (Not Transported) ",88,Not Applicable (Not Transported),,,,,,,1,
2021,26,260664,Michigan,2,2,0,0,0,3,3,57,GRATIOT (57),4420,ST. LOUIS,7,7,9,September,2021,3,Tuesday,15,3:00pm-3:59pm,23,23,1,This section IS ON the NHS,2,Urban,3,Principal Arterial - Other,1,State Highway Agency,3,State Highway,SR-46 WASHINGTON AVE,DEVON DR,112,112,43.40781944,43.40781944,-84.621277780,-84.621277780,0,No Special Jurisdiction,12,Motor Vehicle In-Transport,6,Angle,0,No,2,Intersection,3,T-Intersection,0,None,,,1,On Roadway,1,Daylight,,,,,2,Rain,0,No,0000000,Not Applicable,99,Unknown,99,Unknown,99,Unknown EMS Scene Arrival Hour,99,Unknown EMS Scene Arrival Minutes,99,Unknown,99,Unknown EMS Hospital Arrival Time,,,,,,,1,
2021,26,260665,Michigan,1,1,0,0,0,1,1,43,DICKINSON (43),0,NOT APPLICABLE,8,8,9,September,2021,4,Wednesday,16,4:00pm-4:59pm,25,25,0,This section IS NOT on the NHS,2,Urban,7,Local,2,County Highway Agency,4,County Road,CR-SPRUCE ST,,2,2,45.77756389,45.77756389,-87.858258330,-87.858258330,0,No Special Jurisdiction,10,Railway Vehicle,0,The First Harmful Event was Not a Collision with a Motor Vehicle in Transport,0,No,6,"Railway Grade Crossing ",1,Not an Intersection,0,None,,,1,On Roadway,1,Daylight,,,,,1,Clear,0,No,180583H,180583H,99,Unknown,99,Unknown,99,Unknown EMS Scene Arrival Hour,99,Unknown EMS Scene Arrival Minutes,99,Unknown,99,Unknown EMS Hospital Arrival Time,,,,,,,1,
2021,26,260666,Michigan,2,2,0,0,0,3,3,81,KENT (81),0,NOT APPLICABLE,13,13,9,September,2021,2,Monday,17,5:00pm-5:59pm,55,55,0,This section IS NOT on the NHS,2,Urban,4,Minor Arterial,1,State Highway Agency,3,State Highway,SR-57 14 MILE RD,,67,67,43.17559167,43.17559167,-85.519255560,-85.519255560,0,No Special Jurisdiction,12,Motor Vehicle In-Transport,7,Sideswipe - Same Direction,0,No,1,Non-Junction,1,Not an Intersection,0,None,,,1,On Roadway,1,Daylight,,,,,1,Clear,0,No,0000000,Not Applicable,99,Unknown,99,Unknown,99,Unknown EMS Scene Arrival Hour,99,Unknown EMS Scene Arrival Minutes,99,Unknown,99,Unknown EMS Hospital Arrival Time,,,,,,,2,
2021,26,260667,Michigan,1,1,0,0,0,2,2,49,GENESEE (49),1730,FLINT,12,12,9,September,2021,1,Sunday,3,3:00am-3:59am,44,44,1,This section IS ON the NHS,2,Urban,3,Principal Arterial - Other,1,State Highway Agency,3,State Highway,SR-54 DORT HWY,DAKOTA AVE,95,95,43.04188889,43.04188889,-83.655766670,-83.655766670,0,No Special Jurisdiction,33,Curb,0,The First Harmful Event was Not a Collision with a Motor Vehicle in Transport,0,No,3,Intersection-Related,4,Y-Intersection,0,None,,,12,Pedestrian Refuge Island or Traffic Island,3,Dark - Lighted,,,,,10,Cloudy,0,No,0000000,Not Applicable,3,3:00am-3:59am,46,46,3,3:00am-3:59am,49,49,99,Unknown,99,Unknown EMS Hospital Arrival Time,,,,,,,1,
2021,26,260668,Michigan,2,2,0,0,0,3,3,25,CALHOUN (25),310,BATTLE CREEK,17,17,9,September,2021,6,Friday,2,2:00am-2:59am,30,30,0,This section IS NOT on the NHS,2,Urban,3,Principal Arterial - Other,1,State Highway Agency,3,State Highway,SR-96 COLUMBIA AVE,MAIN ST,57,57,42.30024167,42.30024167,-85.169600000,-85.169600000,0,No Special Jurisdiction,12,Motor Vehicle In-Transport,6,Angle,0,No,2,Intersection,2,Four-Way Intersection,0,None,,,1,On Roadway,3,Dark - Lighted,,,,,1,Clear,0,No,0000000,Not Applicable,2,2:00am-2:59am,30,30,2,2:00am-2:59am,33,33,99,Unknown,99,Unknown EMS Hospital Arrival Time,,,,,,,1,
2021,26,260669,Michigan,2,2,0,0,0,2,2,75,JACKSON (75),0,NOT APPLICABLE,20,20,9,September,2021,2,Monday,14,2:00pm-2:59pm,18,18,0,This section IS NOT on the NHS,1,Rural,6,Minor Collector,2,County Highway Agency,4,County Road,CR-NORVELL RD,,39,39,42.19581944,42.19581944,-84.191302780,-84.191302780,0,No Special Jurisdiction,12,Motor Vehicle In-Transport,2,Front-to-Front,0,No,1,Non-Junction,1,Not an Intersection,0,None,,,1,On Roadway,1,Daylight,,,,,10,Cloudy,0,No,0000000,Not Applicable,14,2:00pm-2:59pm,18,18,14,2:00pm-2:59pm,26,26,99,Unknown,99,Unknown EMS Hospital Arrival Time,,,,,,,1,
2021,26,260670,Michigan,1,1,0,1,1,1,1,125,OAKLAND (125),490,BIRMINGHAM,17,17,9,September,2021,6,Friday,21,9:00pm-9:59pm,13,13,1,This section IS ON the NHS,2,Urban,3,Principal Arterial - Other,1,State Highway Agency,3,State Highway,SR-1 WOODWARD AVE,BROWN ST,49,49,42.54559167,42.54559167,-83.210947220,-83.210947220,0,No Special Jurisdiction,8,Pedestrian,0,The First Harmful Event was Not a Collision with a Motor Vehicle in Transport,0,No,3,Intersection-Related,3,T-Intersection,0,None,,,1,On Roadway,3,Dark - Lighted,,,,,1,Clear,0,No,0000000,Not Applicable,99,Unknown,99,Unknown,99,Unknown EMS Scene Arrival Hour,99,Unknown EMS Scene Arrival Minutes,88,"Not Applicable (Not Transported) ",88,Not Applicable (Not Transported),,,,,,,1,
2021,26,260671,Michigan,1,1,0,0,0,1,1,49,GENESEE (49),0,NOT APPLICABLE,17,17,9,September,2021,6,Friday,0,0:00am-0:59am,4,4,0,This section IS NOT on the NHS,1,Rural,5,Major Collector,2,County Highway Agency,4,County Road,CR-SEYMOUR RD,RAY RD,52,52,42.86936667,42.86936667,-83.848786110,-83.848786110,0,No Special Jurisdiction,42,Tree (Standing Only),0,The First Harmful Event was Not a Collision with a Motor Vehicle in Transport,0,No,3,Intersection-Related,3,T-Intersection,0,None,,,4,On Roadside,3,Dark - Lighted,,,,,1,Clear,0,No,0000000,Not Applicable,99,Unknown,98,Unknown if Notified,99,Unknown EMS Scene Arrival Hour,98,Unknown if Arrived,88,"Not Applicable (Not Transported) ",88,Not Applicable (Not Transported),,,,,,,1,
2021,26,260672,Michigan,2,2,0,0,0,3,3,99,MACOMB (99),919,CHESTERFIELD TOWNSHIP,2,2,8,August,2021,2,Monday,9,9:00am-9:59am,51,51,0,This section IS NOT on the NHS,2,Urban,4,Minor Arterial,2,County Highway Agency,4,County Road,CR-21 MILE RD,,9,9,42.64073333,42.64073333,-83.021952780,-83.021952780,0,No Special Jurisdiction,12,Motor Vehicle In-Transport,2,Front-to-Front,0,No,8,Driveway Access Related,1,Not an Intersection,0,None,,,1,On Roadway,1,Daylight,,,,,1,Clear,0,No,0000000,Not Applicable,2,2:00am-2:59am,26,26,2,2:00am-2:59am,30,30,99,Unknown,99,Unknown EMS Hospital Arrival Time,,,,,,,1,
2021,26,260673,Michigan,2,2,0,0,0,2,2,147,ST. CLAIR (147),0,NOT APPLICABLE,2,2,9,September,2021,5,Thursday,7,7:00am-7:59am,1,1,1,This section IS ON the NHS,2,Urban,3,Principal Arterial - Other,1,State Highway Agency,3,State Highway,SR-25 LAKESHORE RD,,75,75,43.09793056,43.09793056,-82.484044440,-82.484044440,0,No Special Jurisdiction,12,Motor Vehicle In-Transport,2,Front-to-Front,0,No,1,Non-Junction,1,Not an Intersection,0,None,,,1,On Roadway,1,Daylight,,,,,1,Clear,0,No,0000000,Not Applicable,7,7:00am-7:59am,4,4,7,7:00am-7:59am,19,19,88,"Not Applicable (Not Transported) ",88,Not Applicable (Not Transported),,,,,,,1,
2021,26,260674,Michigan,1,1,0,1,1,1,1,163,WAYNE (163),1260,DETROIT,5,5,9,September,2021,1,Sunday,2,2:00am-2:59am,52,52,0,This section IS NOT on the NHS,2,Urban,4,Minor Arterial,4,City or Municipal Highway Agency,6,Local Street - Municipality,N VERNOR,GREEN ST,14,14,42.31386111,42.31386111,-83.121391670,-83.121391670,0,No Special Jurisdiction,8,Pedestrian,0,The First Harmful Event was Not a Collision with a Motor Vehicle in Transport,0,No,3,Intersection-Related,2,Four-Way Intersection,0,None,,,1,On Roadway,3,Dark - Lighted,,,,,10,Cloudy,0,No,0000000,Not Applicable,99,Unknown,99,Unknown,99,Unknown EMS Scene Arrival Hour,99,Unknown EMS Scene Arrival Minutes,88,"Not Applicable (Not Transported) ",88,Not Applicable (Not Transported),,,,,,,1,