caseyear,state,st_case,statename,ve_total,ve_forms,pvh_invl,peds,pernotmvit,permvit,persons,county,countyname,city,cityname,day,dayname,month,monthname,year,day_week,day_weekname,hour,hourname,minute,minutename,nhs,nhsname,rur_urb,rur_urbname,func_sys,func_sysname,rd_owner,rd_ownername,route,routename,tway_id,tway_id2,milept,mileptname,latitude,latitudename,longitud,longitudname,sp_jur,sp_jurname,harm_ev,harm_evname,man_coll,man_collname,reljct1,reljct1name,reljct2,reljct2name,typ_int,typ_intname,wrk_zone,wrk_zonename,road_fnc,road_fncname,rel_road,rel_roadname,lgt_cond,lgt_condname,weather1,weather1name,weather2,weather2name,weather,weathername,sch_bus,sch_busname,rail,railname,not_hour,not_hourname,not_min,not_minname,arr_hour,arr_hourname,arr_min,arr_minname,hosp_hr,hosp_hrname,hosp_mn,hosp_mnname,cf1,cf1name,cf2,cf2name,cf3,cf3name,fatals,drunk_dr
2021,26,260782,Michigan,2,2,0,1,1,2,2,163,WAYNE (163),2430,INKSTER,7,7,9,September,2021,3,Tuesday,2,2:00am-2:59am,4,4,1,This section IS ON the NHS,2,Urban,3,Principal Arterial - Other,1,State Highway Agency,2,U.S. Highway,US-12 MICHIGAN AVE,MIDDLEBELT RD,116,116,42.28935556,42.28935556,-83.329208330,-83.329208330,0,No Special Jurisdiction,8,Pedestrian,0,The First Harmful Event was Not a Collision with a Motor Vehicle in Transport,0,No,2,Intersection,2,Four-Way Intersection,0,None,,,1,On Roadway,3,Dark - Lighted,,,,,1,Clear,0,No,0000000,Not Applicable,99,Unknown,98,Unknown if Notified,99,Unknown EMS Scene Arrival Hour,98,Unknown if Arrived,88,"Not Applicable (Not Transported) ",88,Not Applicable (Not Transported),,,,,,,1,
2021,26,260783,Michigan,1,1,0,1,1,1,1,163,WAYNE (163),1260,DETROIT,23,23,10,October,2021,7,Saturday,19,7:00pm-7:59pm,0,0,1,This section IS ON the NHS,2,Urban,3,Principal Arterial - Other,4,City or Municipal Highway Agency,6,Local Street - Municipality,E JEFFERSON AVE,NEWPORT ST,56,56,42.37210000,42.37210000,-82.946333330,-82.946333330,0,No Special Jurisdiction,8,Pedestrian,0,The First Harmful Event was Not a Collision with a Motor Vehicle in Transport,0,No,2,Intersection,3,T-Intersection,0,None,,,1,On Roadway,3,Dark - Lighted,,,,,1,Clear,0,No,0000000,Not Applicable,99,Unknown,99,Unknown,99,Unknown EMS Scene Arrival Hour,99,Unknown EMS Scene Arrival Minutes,99,Unknown,99,Unknown EMS Hospital Arrival Time,,,,,,,1,
2021,26,260784,Michigan,2,2,0,0,0,2,2,99,MACOMB (99),0,NOT APPLICABLE,24,24,10,October,2021,1,Sunday,22,10:00pm-10:59pm,36,36,1,This section IS ON the NHS,2,Urban,3,Principal Arterial - Other,2,County Highway Agency,4,County Road,CR-23 MILE RD,,49,49,42.67007778,42.67007778,-83.001191670,-83.001191670,0,No Special Jurisdiction,12,Motor Vehicle In-Transport,2,Front-to-Front,0,No,1,Non-Junction,1,Not an Intersection,0,None,,,1,On Roadway,2,Dark - Not Lighted,,,,,2,Rain,0,No,0000000,Not Applicable,22,10:00pm-10:59pm,35,35,22,10:00pm-10:59pm,39,39,99,Unknown,99,Unknown EMS Hospital Arrival Time,,,,,,,1,
2021,26,260785,Michigan,2,2,0,0,0,2,2,161,WASHTENAW (161),0,NOT APPLICABLE,30,30,10,October,2021,7,Saturday,0,0:00am-0:59am,7,7,1,This section IS ON the NHS,2,Urban,3,Principal Arterial - Other,1,State Highway Agency,2,U.S. Highway,US-12 E MICHIGAN AVE,,152,152,42.19419167,42.19419167,-83.710963890,-83.710963890,0,No Special Jurisdiction,12,Motor Vehicle In-Transport,2,Front-to-Front,0,No,1,Non-Junction,1,Not an Intersection,0,None,,,1,On Roadway,2,Dark - Not Lighted,,,,,2,Rain,0,No,0000000,Not Applicable,0,0:00am-0:59am,13,13,0,0:00am-0:59am,25,25,99,Unknown,99,Unknown EMS Hospital Arrival Time,,,,,,,1,
2021,26,260786,Michigan,2,2,0,0,0,4,4,163,WAYNE (163),1260,DETROIT,25,25,7,July,2021,1,Sunday,1,1:00am-1:59am,8,8,1,This section IS ON the NHS,2,Urban,2,Principal Arterial - Other Freeways and Expressways,1,State Highway Agency,3,State Highway,SR-10,,50,50,42.40500556,42.40500556,-83.131602780,-83.131602780,0,No Special Jurisdiction,12,Motor Vehicle In-Transport,1,Front-to-Rear,1,Yes,18,Through Roadway,1,Not an Intersection,0,None,,,1,On Roadway,3,Dark - Lighted,,,,,10,Cloudy,0,No,0000000,Not Applicable,99,Unknown,99,Unknown,99,Unknown EMS Scene Arrival Hour,99,Unknown EMS Scene Arrival Minutes,99,Unknown,99,Unknown EMS Hospital Arrival Time,,,,,,,1,
2021,26,260787,Michigan,1,1,0,0,0,2,2,99,MACOMB (99),4380,ST. CLAIR SHORES,18,18,10,October,2021,2,Monday,8,8:00am-8:59am,55,55,1,This section IS ON the NHS,2,Urban,1,Interstate,1,State Highway Agency,1,Interstate,I-94,,59,59,42.53053056,42.53053056,-82.906538890,-82.906538890,0,No Special Jurisdiction,1,Rollover/Overturn,0,The First Harmful Event was Not a Collision with a Motor Vehicle in Transport,0,No,1,Non-Junction,1,Not an Intersection,0,None,,,1,On Roadway,1,Daylight,,,,,1,Clear,0,No,0000000,Not Applicable,99,Unknown,99,Unknown,99,Unknown EMS Scene Arrival Hour,99,Unknown EMS Scene Arrival Minutes,88,"Not Applicable (Not Transported) ",88,Not Applicable (Not Transported),,,,,,,1,
2021,26,260788,Michigan,2,1,1,2,2,1,1,99,MACOMB (99),1009,CLINTON TOWNSHIP,30,30,10,October,2021,7,Saturday,16,4:00pm-4:59pm,50,50,1,This section IS ON the NHS,2,Urban,1,Interstate,1,State Highway Agency,1,Interstate,I-94,,83,83,42.55213611,42.55213611,-82.875225000,-82.875225000,0,No Special Jurisdiction,14,Parked Motor Vehicle,0,The First Harmful Event was Not a Collision with a Motor Vehicle in Transport,0,No,1,Non-Junction,1,Not an Intersection,0,None,,,4,On Roadside,1,Daylight,,,,,10,Cloudy,0,No,0000000,Not Applicable,16,4:00pm-4:59pm,55,55,17,5:00pm-5:59pm,3,3,99,Unknown,99,Unknown EMS Hospital Arrival Time,,,,,,,1,
2021,26,260789,Michigan,4,4,0,0,0,4,4,115,MONROE (115),0,NOT APPLICABLE,19,19,6,June,2021,7,Saturday,14,2:00pm-2:59pm,5,5,0,This section IS NOT on the NHS,1,Rural,4,Minor Arterial,1,State Highway Agency,3,State Highway,SR-50 TECHUMSEH ST,,23,23,41.96883889,41.96883889,-83.726888890,-83.726888890,0,No Special Jurisdiction,12,Motor Vehicle In-Transport,1,Front-to-Rear,0,No,1,Non-Junction,1,Not an Intersection,0,None,,,1,On Roadway,1,Daylight,,,,,1,Clear,0,No,0000000,Not Applicable,99,Unknown,99,Unknown,99,Unknown EMS Scene Arrival Hour,99,Unknown EMS Scene Arrival Minutes,99,Unknown,99,Unknown EMS Hospital Arrival Time,,,,,,,2,
2021,26,260791,Michigan,5,2,3,0,0,2,2,33,CHIPPEWA (33),4480,SAULT STE MARIE,17,17,6,June,2021,5,Thursday,19,7:00pm-7:59pm,59,59,0,This section IS NOT on the NHS,2,Urban,4,Minor Arterial,1,State Highway Agency,3,State Highway,SR-129 ASHMUN ST,,279,279,46.47350556,46.47350556,-84.353888890,-84.353888890,0,No Special Jurisdiction,12,Motor Vehicle In-Transport,1,Front-to-Rear,0,No,1,Non-Junction,1,Not an Intersection,0,None,,,1,On Roadway,1,Daylight,,,,,1,Clear,0,No,0000000,Not Applicable,99,Unknown,99,Unknown,99,Unknown EMS Scene Arrival Hour,99,Unknown EMS Scene Arrival Minutes,99,Unknown,99,Unknown EMS Hospital Arrival Time,,,,,,,1,
2021,26,260792,Michigan,1,1,0,0,0,1,1,159,VAN BUREN (159),0,NOT APPLICABLE,15,15,10,October,2021,6,Friday,20,8:00pm-8:59pm,52,52,0,This section IS NOT on the NHS,1,Rural,5,Major Collector,2,County Highway Agency,4,County Road,CR-354,,25,25,42.15077222,42.15077222,-85.842166670,-85.842166670,0,No Special Jurisdiction,52,Guardrail End,0,The First Harmful Event was Not a Collision with a Motor Vehicle in Transport,0,No,1,Non-Junction,1,Not an Intersection,0,None,,,4,On Roadside,2,Dark - Not Lighted,,,,,10,Cloudy,0,No,0000000,Not Applicable,99,Unknown,99,Unknown,99,Unknown EMS Scene Arrival Hour,99,Unknown EMS Scene Arrival Minutes,99,Unknown,99,Unknown EMS Hospital Arrival Time,,,,,,,1,
2021,26,260793,Michigan,1,1,0,0,0,1,1,143,ROSCOMMON (143),0,NOT APPLICABLE,26,26,10,October,2021,3,Tuesday,9,9:00am-9:59am,30,30,1,This section IS ON the NHS,1,Rural,1,Interstate,1,State Highway Agency,4,County Road,CR-I-75 EXIT RAMP 006A,,2,2,44.45783889,44.45783889,-84.602119440,-84.602119440,0,No Special Jurisdiction,1,Rollover/Overturn,0,The First Harmful Event was Not a Collision with a Motor Vehicle in Transport,0,No,5,Entrance/Exit Ramp Related,1,Not an Intersection,0,None,,,8,Gore,9,Reported as Unknown,,,,,99,Reported as Unknown,0,No,0000000,Not Applicable,99,Unknown,99,Unknown,99,Unknown EMS Scene Arrival Hour,99,Unknown EMS Scene Arrival Minutes,88,"Not Applicable (Not Transported) ",88,Not Applicable (Not Transported),,,,,,,1,
2021,26,260794,Michigan,4,4,0,0,0,6,6,99,MACOMB (99),5110,WARREN,31,31,10,October,2021,1,Sunday,11,11:00am-11:59am,51,51,0,This section IS NOT on the NHS,2,Urban,4,Minor Arterial,2,County Highway Agency,4,County Road,CR-10 MILE RD,MOUND RD,20,20,42.47722500,42.47722500,-83.045652780,-83.045652780,0,No Special Jurisdiction,12,Motor Vehicle In-Transport,6,Angle,0,No,2,Intersection,2,Four-Way Intersection,0,None,,,1,On Roadway,1,Daylight,,,,,1,Clear,0,No,0000000,Not Applicable,99,Unknown,99,Unknown,99,Unknown EMS Scene Arrival Hour,99,Unknown EMS Scene Arrival Minutes,99,Unknown,99,Unknown EMS Hospital Arrival Time,,,,,,,1,
2021,26,260795,Michigan,3,3,0,1,1,3,3,163,WAYNE (163),1260,DETROIT,29,29,10,October,2021,6,Friday,7,7:00am-7:59am,40,40,0,This section IS NOT on the NHS,2,Urban,4,Minor Arterial,4,City or Municipal Highway Agency,6,Local Street - Municipality,CLAIRMOUNT ST,ROSA PARKS BLVD,5,5,42.37636111,42.37636111,-83.099497220,-83.099497220,0,No Special Jurisdiction,8,Pedestrian,0,The First Harmful Event was Not a Collision with a Motor Vehicle in Transport,0,No,3,Intersection-Related,2,Four-Way Intersection,0,None,,,1,On Roadway,4,Dawn,,,,,2,Rain,0,No,0000000,Not Applicable,99,Unknown,99,Unknown,99,Unknown EMS Scene Arrival Hour,99,Unknown EMS Scene Arrival Minutes,99,Unknown,99,Unknown EMS Hospital Arrival Time,,,,,,,1,
2021,26,260796,Michigan,2,2,0,0,0,3,3,161,WASHTENAW (161),0,NOT APPLICABLE,21,21,10,October,2021,5,Thursday,18,6:00pm-6:59pm,14,14,0,This section IS NOT on the NHS,1,Rural,7,Local,2,County Highway Agency,4,County Road,CR-GOODBAND RD,NORTH LAKE RD,5,5,42.39825000,42.39825000,-84.024408330,-84.024408330,0,No Special Jurisdiction,12,Motor Vehicle In-Transport,6,Angle,0,No,2,Intersection,3,T-Intersection,0,None,,,1,On Roadway,1,Daylight,,,,,2,Rain,0,No,0000000,Not Applicable,99,Unknown,99,Unknown,99,Unknown EMS Scene Arrival Hour,99,Unknown EMS Scene Arrival Minutes,99,Unknown,99,Unknown EMS Hospital Arrival Time,,,,,,,1,
2021,26,260798,Michigan,1,1,0,1,1,1,1,163,WAYNE (163),4295,ROMULUS,1,1,10,October,2021,6,Friday,5,5:00am-5:59am,53,53,1,This section IS ON the NHS,2,Urban,3,Principal Arterial - Other,2,County Highway Agency,4,County Road,CR-EUREKA RD,,48,48,42.19575556,42.19575556,-83.312827780,-83.312827780,0,No Special Jurisdiction,8,Pedestrian,0,The First Harmful Event was Not a Collision with a Motor Vehicle in Transport,0,No,1,Non-Junction,1,Not an Intersection,0,None,,,1,On Roadway,2,Dark - Not Lighted,,,,,1,Clear,0,No,0000000,Not Applicable,99,Unknown,99,Unknown,99,Unknown EMS Scene Arrival Hour,99,Unknown EMS Scene Arrival Minutes,99,Unknown,99,Unknown EMS Hospital Arrival Time,,,,,,,1,
2021,26,260799,Michigan,2,2,0,0,0,3,3,25,CALHOUN (25),4649,SPRINGFIELD,1,1,11,November,2021,2,Monday,10,10:00am-10:59am,4,4,0,This section IS NOT on the NHS,2,Urban,7,Local,4,City or Municipal Highway Agency,6,Local Street - Municipality,N 30TH ST,N 6TH AVE,12,12,42.31470833,42.31470833,-85.231569440,-85.231569440,0,No Special Jurisdiction,12,Motor Vehicle In-Transport,6,Angle,0,No,2,Intersection,2,Four-Way Intersection,0,None,,,1,On Roadway,1,Daylight,,,,,1,Clear,0,No,0000000,Not Applicable,10,10:00am-10:59am,4,4,10,10:00am-10:59am,10,10,99,Unknown,99,Unknown EMS Hospital Arrival Time,,,,,,,1,
2021,26,260800,Michigan,2,2,0,0,0,2,2,111,MIDLAND (111),0,NOT APPLICABLE,2,2,11,November,2021,3,Tuesday,9,9:00am-9:59am,56,56,1,This section IS ON the NHS,2,Urban,3,Principal Arterial - Other,2,County Highway Agency,4,County Road,CR-E SAGINAW RD,,175,175,43.64577500,43.64577500,-84.301722220,-84.301722220,0,No Special Jurisdiction,12,Motor Vehicle In-Transport,2,Front-to-Front,0,No,1,Non-Junction,1,Not an Intersection,0,None,,,2,On Shoulder,1,Daylight,,,,,1,Clear,0,No,0000000,Not Applicable,9,9:00am-9:59am,59,59,10,10:00am-10:59am,3,3,99,Unknown,99,Unknown EMS Hospital Arrival Time,,,,,,,1,
2021,26,260801,Michigan,1,1,0,0,0,1,1,67,IONIA (67),0,NOT APPLICABLE,4,4,11,November,2021,5,Thursday,8,8:00am-8:59am,25,25,0,This section IS NOT on the NHS,1,Rural,5,Major Collector,2,County Highway Agency,4,County Road,CR-JORDAN LAKE RD,,33,33,42.82480278,42.82480278,-85.133633330,-85.133633330,0,No Special Jurisdiction,35,Embankment,0,The First Harmful Event was Not a Collision with a Motor Vehicle in Transport,0,No,1,Non-Junction,1,Not an Intersection,0,None,,,4,On Roadside,4,Dawn,,,,,10,Cloudy,0,No,0000000,Not Applicable,99,Unknown,99,Unknown,99,Unknown EMS Scene Arrival Hour,99,Unknown EMS Scene Arrival Minutes,88,"Not Applicable (Not Transported) ",88,Not Applicable (Not Transported),,,,,,,1,
2021,26,260802,Michigan,1,1,0,0,0,2,2,107,MECOSTA (107),0,NOT APPLICABLE,7,7,11,November,2021,1,Sunday,17,5:00pm-5:59pm,32,32,0,This section IS NOT on the NHS,1,Rural,4,Minor Arterial,1,State Highway Agency,3,State Highway,SR-20 9 MILE RD,,39,39,43.59685556,43.59685556,-85.177277780,-85.177277780,0,No Special Jurisdiction,11,Live Animal,0,The First Harmful Event was Not a Collision with a Motor Vehicle in Transport,0,No,1,Non-Junction,1,Not an Intersection,0,None,,,1,On Roadway,1,Daylight,,,,,1,Clear,0,No,0000000,Not Applicable,17,5:00pm-5:59pm,34,34,17,5:00pm-5:59pm,48,48,99,Unknown,99,Unknown EMS Hospital Arrival Time,,,,,,,1,
2021,26,260803,Michigan,2,2,0,0,0,2,2,5,ALLEGAN (5),0,NOT APPLICABLE,6,6,11,November,2021,7,Saturday,22,10:00pm-10:59pm,1,1,0,This section IS NOT on the NHS,1,Rural,5,Major Collector,2,County Highway Agency,4,County Road,CR-109TH AVE,,24,24,42.48400000,42.48400000,-86.199622220,-86.199622220,0,No Special Jurisdiction,11,Live Animal,0,The First Harmful Event was Not a Collision with a Motor Vehicle in Transport,0,No,1,Non-Junction,1,Not an Intersection,0,None,,,1,On Roadway,2,Dark - Not Lighted,,,,,1,Clear,0,No,0000000,Not Applicable,88,Not Applicable (Not Notified),88,Not Applicable (Not Notified),88,Not Applicable,88,Not Applicable,88,"Not Applicable (Not Transported) ",88,Not Applicable (Not Transported),,,,,,,1,
2021,26,260804,Michigan,1,1,0,0,0,1,1,151,SANILAC (151),0,NOT APPLICABLE,7,7,11,November,2021,1,Sunday,4,4:00am-4:59am,3,3,0,This section IS NOT on the NHS,1,Rural,7,Local,2,County Highway Agency,4,County Road,CR-ST CLAIR RD,,9,9,43.18116944,43.18116944,-82.525766670,-82.525766670,0,No Special Jurisdiction,11,Live Animal,0,The First Harmful Event was Not a Collision with a Motor Vehicle in Transport,0,No,1,Non-Junction,1,Not an Intersection,0,None,,,1,On Roadway,2,Dark - Not Lighted,,,,,1,Clear,0,No,0000000,Not Applicable,4,4:00am-4:59am,4,4,4,4:00am-4:59am,21,21,88,"Not Applicable (Not Transported) ",88,Not Applicable (Not Transported),,,,,,,1,
2021,26,260805,Michigan,1,1,0,0,0,1,1,149,ST JOSEPH (149),0,NOT APPLICABLE,8,8,11,November,2021,2,Monday,14,2:00pm-2:59pm,14,14,1,This section IS ON the NHS,2,Urban,3,Principal Arterial - Other,1,State Highway Agency,2,U.S. Highway,US-131,,58,58,42.00328333,42.00328333,-85.633802780,-85.633802780,0,No Special Jurisdiction,34,Ditch,0,The First Harmful Event was Not a Collision with a Motor Vehicle in Transport,0,No,1,Non-Junction,1,Not an Intersection,0,None,,,4,On Roadside,1,Daylight,,,,,10,Cloudy,0,No,0000000,Not Applicable,14,2:00pm-2:59pm,17,17,14,2:00pm-2:59pm,25,25,88,"Not Applicable (Not Transported) ",88,Not Applicable (Not Transported),,,,,,,1,
2021,26,260806,Michigan,1,1,0,0,0,3,3,121,MUSKEGON (121),0,NOT APPLICABLE,7,7,11,November,2021,1,Sunday,5,5:00am-5:59am,28,28,0,This section IS NOT on the NHS,2,Urban,7,Local,2,County Highway Agency,4,County Road,CR-S SHERIDAN DR,S AIRLINE HWY,0,None,43.15890556,43.15890556,-86.186219440,-86.186219440,0,No Special Jurisdiction,30,Utility Pole/Light Support,0,The First Harmful Event was Not a Collision with a Motor Vehicle in Transport,0,No,3,Intersection-Related,3,T-Intersection,0,None,,,4,On Roadside,3,Dark - Lighted,,,,,1,Clear,0,No,0000000,Not Applicable,99,Unknown,99,Unknown,99,Unknown EMS Scene Arrival Hour,99,Unknown EMS Scene Arrival Minutes,99,Unknown,99,Unknown EMS Hospital Arrival Time,,,,,,,1,
2021,26,260807,Michigan,1,1,0,0,0,1,1,117,MONTCALM (117),0,NOT APPLICABLE,9,9,11,November,2021,3,Tuesday,18,6:00pm-6:59pm,46,46,0,This section IS NOT on the NHS,1,Rural,7,Local,2,County Highway Agency,4,County Road,CR-E KIMBALL RD,,13,13,43.29968889,43.29968889,-84.880311110,-84.880311110,0,No Special Jurisdiction,1,Rollover/Overturn,0,The First Harmful Event was Not a Collision with a Motor Vehicle in Transport,0,No,1,Non-Junction,1,Not an Intersection,0,None,,,4,On Roadside,2,Dark - Not Lighted,,,,,1,Clear,0,No,0000000,Not Applicable,18,6:00pm-6:59pm,46,46,19,7:00pm-7:59pm,1,1,88,"Not Applicable (Not Transported) ",88,Not Applicable (Not Transported),,,,,,,1,
2021,26,260808,Michigan,2,2,0,0,0,6,6,149,ST JOSEPH (149),0,NOT APPLICABLE,20,20,7,July,2021,3,Tuesday,14,2:00pm-2:59pm,31,31,0,This section IS NOT on the NHS,1,Rural,5,Major Collector,2,County Highway Agency,4,County Road,CR-LUTZ RD,DICKINSON RD,7,7,41.80939444,41.80939444,-85.623219440,-85.623219440,0,No Special Jurisdiction,12,Motor Vehicle In-Transport,6,Angle,0,No,2,Intersection,2,Four-Way Intersection,0,None,,,1,On Roadway,1,Daylight,,,,,1,Clear,0,No,0000000,Not Applicable,14,2:00pm-2:59pm,38,38,14,2:00pm-2:59pm,48,48,88,"Not Applicable (Not Transported) ",88,Not Applicable (Not Transported),,,,,,,1,
2021,26,260809,Michigan,1,1,0,0,0,1,1,159,VAN BUREN (159),1143,COVERT,3,3,7,July,2021,7,Saturday,18,6:00pm-6:59pm,56,56,0,This section IS NOT on the NHS,1,Rural,5,Major Collector,2,County Highway Agency,4,County Road,CR-BLUE STAR HWY,,72,72,42.33028611,42.33028611,-86.298583330,-86.298583330,0,No Special Jurisdiction,1,Rollover/Overturn,0,The First Harmful Event was Not a Collision with a Motor Vehicle in Transport,0,No,1,Non-Junction,1,Not an Intersection,0,None,,,4,On Roadside,1,Daylight,,,,,1,Clear,0,No,0000000,Not Applicable,99,Unknown,99,Unknown,99,Unknown EMS Scene Arrival Hour,99,Unknown EMS Scene Arrival Minutes,99,Unknown,99,Unknown EMS Hospital Arrival Time,,,,,,,1,
2021,26,260810,Michigan,2,2,0,0,0,2,2,55,GRAND TRAVERSE (55),0,NOT APPLICABLE,1,1,10,October,2021,6,Friday,11,11:00am-11:59am,28,28,0,This section IS NOT on the NHS,1,Rural,6,Minor Collector,2,County Highway Agency,4,County Road,CR-DUCK LAKE RD,,16,16,44.62000833,44.62000833,-85.726133330,-85.726133330,0,No Special Jurisdiction,12,Motor Vehicle In-Transport,8,Sideswipe - Opposite Direction,0,No,1,Non-Junction,1,Not an Intersection,0,None,,,1,On Roadway,1,Daylight,,,,,1,Clear,0,No,0000000,Not Applicable,11,11:00am-11:59am,30,30,11,11:00am-11:59am,33,33,88,"Not Applicable (Not Transported) ",88,Not Applicable (Not Transported),,,,,,,1,
2021,26,260811,Michigan,2,2,0,0,0,2,2,163,WAYNE (163),738,CANTON TOWNSHIP,13,13,9,September,2021,2,Monday,7,7:00am-7:59am,52,52,0,This section IS NOT on the NHS,2,Urban,3,Principal Arterial - Other,1,State Highway Agency,3,State Highway,SR-153 FORD RD,N CANTON CENTER RD,30,30,42.32203889,42.32203889,-83.487900000,-83.487900000,0,No Special Jurisdiction,12,Motor Vehicle In-Transport,6,Angle,0,No,2,Intersection,2,Four-Way Intersection,0,None,,,1,On Roadway,1,Daylight,,,,,10,Cloudy,0,No,0000000,Not Applicable,7,7:00am-7:59am,53,53,7,7:00am-7:59am,57,57,99,Unknown,99,Unknown EMS Hospital Arrival Time,,,,,,,1,
2021,26,260812,Michigan,1,1,0,1,1,1,1,145,SAGINAW (145),0,NOT APPLICABLE,10,10,11,November,2021,4,Wednesday,14,2:00pm-2:59pm,14,14,1,This section IS ON the NHS,2,Urban,3,Principal Arterial - Other,1,State Highway Agency,3,State Highway,SR-58 STATE ST,,29,29,43.43668889,43.43668889,-84.001775000,-84.001775000,0,No Special Jurisdiction,9,Pedalcyclist,0,The First Harmful Event was Not a Collision with a Motor Vehicle in Transport,0,No,1,Non-Junction,1,Not an Intersection,4,"Work Zone, Type Unknown",,,1,On Roadway,1,Daylight,,,,,1,Clear,1,Yes,0000000,Not Applicable,14,2:00pm-2:59pm,14,14,14,2:00pm-2:59pm,22,22,88,"Not Applicable (Not Transported) ",88,Not Applicable (Not Transported),,,,,,,1,
2021,26,260813,Michigan,1,1,0,0,0,5,5,27,CASS (27),0,NOT APPLICABLE,1,1,10,October,2021,6,Friday,23,11:00pm-11:59pm,32,32,0,This section IS NOT on the NHS,1,Rural,6,Minor Collector,2,County Highway Agency,4,County Road,CR-MASON ST,,16,16,41.79597222,41.79597222,-85.958750000,-85.958750000,0,No Special Jurisdiction,1,Rollover/Overturn,0,The First Harmful Event was Not a Collision with a Motor Vehicle in Transport,0,No,1,Non-Junction,1,Not an Intersection,0,None,,,4,On Roadside,2,Dark - Not Lighted,,,,,10,Cloudy,0,No,0000000,Not Applicable,23,11:00pm-11:59pm,32,32,23,11:00pm-11:59pm,41,41,99,Unknown,99,Unknown EMS Hospital Arrival Time,,,,,,,1,
2021,26,260814,Michigan,1,1,0,0,0,1,1,21,BERRIEN (21),4410,ST. JOSEPH,8,8,11,November,2021,2,Monday,2,2:00am-2:59am,56,56,1,This section IS ON the NHS,2,Urban,3,Principal Arterial - Other,4,City or Municipal Highway Agency,6,Local Street - Municipality,BR I-95 LAKESHORE DR,,47,47,42.09288611,42.09288611,-86.495333330,-86.495333330,0,No Special Jurisdiction,33,Curb,0,The First Harmful Event was Not a Collision with a Motor Vehicle in Transport,0,No,1,Non-Junction,1,Not an Intersection,0,None,,,4,On Roadside,3,Dark - Lighted,,,,,1,Clear,0,No,0000000,Not Applicable,99,Unknown,99,Unknown,99,Unknown EMS Scene Arrival Hour,99,Unknown EMS Scene Arrival Minutes,88,"Not Applicable (Not Transported) ",88,Not Applicable (Not Transported),,,,,,,1,
2021,26,260815,Michigan,2,2,0,0,0,2,2,27,CASS (27),0,NOT APPLICABLE,9,9,11,November,2021,3,Tuesday,18,6:00pm-6:59pm,33,33,0,This section IS NOT on the NHS,1,Rural,5,Major Collector,1,State Highway Agency,3,State Highway,SR-152,,36,36,42.05630000,42.05630000,-86.131025000,-86.131025000,0,No Special Jurisdiction,12,Motor Vehicle In-Transport,2,Front-to-Front,0,No,1,Non-Junction,1,Not an Intersection,0,None,,,1,On Roadway,1,Daylight,,,,,1,Clear,0,No,0000000,Not Applicable,99,Unknown,99,Unknown,99,Unknown EMS Scene Arrival Hour,99,Unknown EMS Scene Arrival Minutes,88,"Not Applicable (Not Transported) ",88,Not Applicable (Not Transported),,,,,,,1,
2021,26,260816,Michigan,1,1,0,1,1,1,1,161,WASHTENAW (161),0,NOT APPLICABLE,5,5,10,October,2021,3,Tuesday,23,11:00pm-11:59pm,45,45,1,This section IS ON the NHS,2,Urban,3,Principal Arterial - Other,1,State Highway Agency,4,County Road,CR-CARPENTER RD,,96,96,42.22363333,42.22363333,-83.679827780,-83.679827780,0,No Special Jurisdiction,9,Pedalcyclist,0,The First Harmful Event was Not a Collision with a Motor Vehicle in Transport,0,No,1,Non-Junction,1,Not an Intersection,0,None,,,1,On Roadway,2,Dark - Not Lighted,,,,,1,Clear,0,No,0000000,Not Applicable,23,11:00pm-11:59pm,40,40,23,11:00pm-11:59pm,50,50,88,"Not Applicable (Not Transported) ",88,Not Applicable (Not Transported),,,,,,,1,
2021,26,260817,Michigan,1,1,0,1,1,1,1,163,WAYNE (163),1210,DEARBORN,7,7,11,November,2021,1,Sunday,14,2:00pm-2:59pm,50,50,0,This section IS NOT on the NHS,2,Urban,7,Local,4,City or Municipal Highway Agency,6,Local Street - Municipality,BINGHAM,,2,2,42.34837222,42.34837222,-83.174802780,-83.174802780,0,No Special Jurisdiction,8,Pedestrian,0,The First Harmful Event was Not a Collision with a Motor Vehicle in Transport,0,No,1,Non-Junction,1,Not an Intersection,0,None,,,1,On Roadway,1,Daylight,,,,,1,Clear,0,No,0000000,Not Applicable,99,Unknown,99,Unknown,99,Unknown EMS Scene Arrival Hour,99,Unknown EMS Scene Arrival Minutes,99,Unknown,99,Unknown EMS Hospital Arrival Time,,,,,,,1,
2021,26,260818,Michigan,2,2,0,1,1,2,2,163,WAYNE (163),1260,DETROIT,14,14,11,November,2021,1,Sunday,3,3:00am-3:59am,12,12,1,This section IS ON the NHS,2,Urban,2,Principal Arterial - Other Freeways and Expressways,1,State Highway Agency,3,State Highway,SR-39,,132,132,42.41195000,42.41195000,-83.218672220,-83.218672220,0,No Special Jurisdiction,8,Pedestrian,0,The First Harmful Event was Not a Collision with a Motor Vehicle in Transport,0,No,1,Non-Junction,1,Not an Intersection,0,None,,,1,On Roadway,3,Dark - Lighted,,,,,1,Clear,0,No,0000000,Not Applicable,99,Unknown,99,Unknown,99,Unknown EMS Scene Arrival Hour,99,Unknown EMS Scene Arrival Minutes,88,"Not Applicable (Not Transported) ",88,Not Applicable (Not Transported),,,,,,,1,
2021,26,260819,Michigan,1,1,0,1,1,1,1,81,KENT (81),2010,GRAND RAPIDS,6,6,10,October,2021,4,Wednesday,5,5:00am-5:59am,58,58,1,This section IS ON the NHS,2,Urban,3,Principal Arterial - Other,4,City or Municipal Highway Agency,6,Local Street - Municipality,BURTON ST,,6,6,42.92741944,42.92741944,-85.653225000,-85.653225000,0,No Special Jurisdiction,8,Pedestrian,0,The First Harmful Event was Not a Collision with a Motor Vehicle in Transport,0,No,1,Non-Junction,1,Not an Intersection,0,None,,,1,On Roadway,2,Dark - Not Lighted,,,,,1,Clear,0,No,0000000,Not Applicable,5,5:00am-5:59am,58,58,6,6:00am-6:59am,4,4,99,Unknown,99,Unknown EMS Hospital Arrival Time,,,,,,,1,