caseyear,state,st_case,statename,ve_total,ve_forms,pvh_invl,peds,pernotmvit,permvit,persons,county,countyname,city,cityname,day,dayname,month,monthname,year,day_week,day_weekname,hour,hourname,minute,minutename,nhs,nhsname,rur_urb,rur_urbname,func_sys,func_sysname,rd_owner,rd_ownername,route,routename,tway_id,tway_id2,milept,mileptname,latitude,latitudename,longitud,longitudname,sp_jur,sp_jurname,harm_ev,harm_evname,man_coll,man_collname,reljct1,reljct1name,reljct2,reljct2name,typ_int,typ_intname,wrk_zone,wrk_zonename,road_fnc,road_fncname,rel_road,rel_roadname,lgt_cond,lgt_condname,weather1,weather1name,weather2,weather2name,weather,weathername,sch_bus,sch_busname,rail,railname,not_hour,not_hourname,not_min,not_minname,arr_hour,arr_hourname,arr_min,arr_minname,hosp_hr,hosp_hrname,hosp_mn,hosp_mnname,cf1,cf1name,cf2,cf2name,cf3,cf3name,fatals,drunk_dr
2021,26,260928,Michigan,2,1,1,0,1,1,2,155,SHIAWASSEE (155),0,NOT APPLICABLE,13,13,10,October,2021,4,Wednesday,11,11:00am-11:59am,51,51,1,This section IS ON the NHS,1,Rural,1,Interstate,1,State Highway Agency,1,Interstate,I-69,,165,165,42.90010833,42.90010833,-84.077619440,-84.077619440,0,No Special Jurisdiction,14,Parked Motor Vehicle,0,The First Harmful Event was Not a Collision with a Motor Vehicle in Transport,0,No,1,Non-Junction,1,Not an Intersection,0,None,,,2,On Shoulder,1,Daylight,,,,,1,Clear,0,No,0000000,Not Applicable,11,11:00am-11:59am,52,52,11,11:00am-11:59am,59,59,88,"Not Applicable (Not Transported) ",88,Not Applicable (Not Transported),,,,,,,1,
2021,26,260929,Michigan,2,2,0,0,0,3,3,67,IONIA (67),0,NOT APPLICABLE,24,24,12,December,2021,6,Friday,9,9:00am-9:59am,10,10,0,This section IS NOT on the NHS,1,Rural,4,Minor Arterial,1,State Highway Agency,3,State Highway,SR-50 THOMPSON RD,HASTINGS RD,10,10,42.79882222,42.79882222,-85.291316670,-85.291316670,0,No Special Jurisdiction,12,Motor Vehicle In-Transport,6,Angle,0,No,2,Intersection,2,Four-Way Intersection,0,None,,,1,On Roadway,1,Daylight,,,,,5,"Fog, Smog, Smoke",0,No,0000000,Not Applicable,9,9:00am-9:59am,10,10,9,9:00am-9:59am,25,25,88,"Not Applicable (Not Transported) ",88,Not Applicable (Not Transported),,,,,,,2,
2021,26,260930,Michigan,1,1,0,1,1,1,1,165,WEXFORD (165),0,NOT APPLICABLE,24,24,10,October,2021,1,Sunday,19,7:00pm-7:59pm,21,21,0,This section IS NOT on the NHS,1,Rural,4,Minor Arterial,2,County Highway Agency,3,State Highway,SR-115,,43,43,44.40636111,44.40636111,-85.739963890,-85.739963890,0,No Special Jurisdiction,8,Pedestrian,0,The First Harmful Event was Not a Collision with a Motor Vehicle in Transport,0,No,8,Driveway Access Related,1,Not an Intersection,0,None,,,1,On Roadway,2,Dark - Not Lighted,,,,,10,Cloudy,0,No,0000000,Not Applicable,99,Unknown,99,Unknown,99,Unknown EMS Scene Arrival Hour,99,Unknown EMS Scene Arrival Minutes,88,"Not Applicable (Not Transported) ",88,Not Applicable (Not Transported),,,,,,,1,
2021,26,260931,Michigan,1,1,0,0,0,1,1,145,SAGINAW (145),0,NOT APPLICABLE,15,15,12,December,2021,4,Wednesday,20,8:00pm-8:59pm,4,4,0,This section IS NOT on the NHS,1,Rural,5,Major Collector,2,County Highway Agency,4,County Road,CR-W BRANDT RD,,81,81,43.25924167,43.25924167,-84.208205560,-84.208205560,0,No Special Jurisdiction,24,Guardrail Face,0,The First Harmful Event was Not a Collision with a Motor Vehicle in Transport,0,No,1,Non-Junction,1,Not an Intersection,0,None,,,4,On Roadside,2,Dark - Not Lighted,,,,,10,Cloudy,0,No,0000000,Not Applicable,99,Unknown,99,Unknown,99,Unknown EMS Scene Arrival Hour,99,Unknown EMS Scene Arrival Minutes,88,"Not Applicable (Not Transported) ",88,Not Applicable (Not Transported),,,,,,,1,
2021,26,260932,Michigan,2,2,0,0,0,3,3,33,CHIPPEWA (33),4480,SAULT STE MARIE,23,23,12,December,2021,5,Thursday,8,8:00am-8:59am,58,58,0,This section IS NOT on the NHS,2,Urban,4,Minor Arterial,1,State Highway Agency,3,State Highway,SR-63I-75 BUS SPUR MACKINAW TR,,152,152,46.46982222,46.46982222,-84.364491670,-84.364491670,0,No Special Jurisdiction,18,Other Object (not fixed),0,The First Harmful Event was Not a Collision with a Motor Vehicle in Transport,0,No,1,Non-Junction,1,Not an Intersection,0,None,,,4,On Roadside,1,Daylight,,,,,4,Snow,0,No,0000000,Not Applicable,99,Unknown,99,Unknown,99,Unknown EMS Scene Arrival Hour,99,Unknown EMS Scene Arrival Minutes,99,Unknown,99,Unknown EMS Hospital Arrival Time,,,,,,,1,
2021,26,260933,Michigan,2,1,1,0,1,1,2,163,WAYNE (163),1260,DETROIT,24,24,10,October,2021,1,Sunday,16,4:00pm-4:59pm,43,43,1,This section IS ON the NHS,2,Urban,1,Interstate,1,State Highway Agency,1,Interstate,I-94,,267,267,42.35397500,42.35397500,-83.087561110,-83.087561110,0,No Special Jurisdiction,14,Parked Motor Vehicle,0,The First Harmful Event was Not a Collision with a Motor Vehicle in Transport,0,No,1,Non-Junction,1,Not an Intersection,0,None,,,2,On Shoulder,1,Daylight,,,,,2,Rain,0,No,0000000,Not Applicable,16,4:00pm-4:59pm,43,43,16,4:00pm-4:59pm,50,50,99,Unknown,99,Unknown EMS Hospital Arrival Time,,,,,,,1,
2021,26,260934,Michigan,2,1,1,2,3,1,2,125,OAKLAND (125),4905,TROY,25,25,6,June,2021,6,Friday,11,11:00am-11:59am,51,51,1,This section IS ON the NHS,2,Urban,1,Interstate,1,State Highway Agency,1,Interstate,I-75,,146,146,42.60462222,42.60462222,-83.198850000,-83.198850000,0,No Special Jurisdiction,14,Parked Motor Vehicle,0,The First Harmful Event was Not a Collision with a Motor Vehicle in Transport,0,No,1,Non-Junction,1,Not an Intersection,0,None,,,2,On Shoulder,1,Daylight,,,,,2,Rain,0,No,0000000,Not Applicable,12,12:00pm-12:59pm,0,0,12,12:00pm-12:59pm,10,10,99,Unknown,99,Unknown EMS Hospital Arrival Time,,,,,,,2,
2021,26,260935,Michigan,3,3,0,0,0,7,7,11,ARENAC (11),0,NOT APPLICABLE,11,11,7,July,2021,1,Sunday,18,6:00pm-6:59pm,15,15,0,This section IS NOT on the NHS,1,Rural,4,Minor Arterial,1,State Highway Agency,3,State Highway,SR-61,,21,21,43.98307778,43.98307778,-84.001980560,-84.001980560,0,No Special Jurisdiction,12,Motor Vehicle In-Transport,8,Sideswipe - Opposite Direction,0,No,1,Non-Junction,1,Not an Intersection,0,None,,,1,On Roadway,1,Daylight,,,,,1,Clear,0,No,0000000,Not Applicable,18,6:00pm-6:59pm,15,15,18,6:00pm-6:59pm,25,25,99,Unknown,99,Unknown EMS Hospital Arrival Time,,,,,,,1,
2021,26,260936,Michigan,2,2,0,0,0,2,2,17,BAY (17),0,NOT APPLICABLE,1,1,12,December,2021,4,Wednesday,12,12:00pm-12:59pm,45,45,0,This section IS NOT on the NHS,2,Urban,7,Local,2,County Highway Agency,4,County Road,CR-BAY-MID COUNTY LINE RD,WHEELER RD,20,20,43.64106111,43.64106111,-84.167127780,-84.167127780,0,No Special Jurisdiction,12,Motor Vehicle In-Transport,6,Angle,0,No,2,Intersection,2,Four-Way Intersection,0,None,,,1,On Roadway,1,Daylight,,,,,10,Cloudy,0,No,0000000,Not Applicable,99,Unknown,99,Unknown,99,Unknown EMS Scene Arrival Hour,99,Unknown EMS Scene Arrival Minutes,99,Unknown,99,Unknown EMS Hospital Arrival Time,,,,,,,1,
2021,26,260937,Michigan,1,1,0,1,1,1,1,149,ST JOSEPH (149),4870,THREE RIVERS,27,27,12,December,2021,2,Monday,17,5:00pm-5:59pm,37,37,0,This section IS NOT on the NHS,2,Urban,4,Minor Arterial,1,State Highway Agency,3,State Highway,SR-MAIN ST,E CUSHMAN ST,7,7,41.95361111,41.95361111,-85.634783330,-85.634783330,0,No Special Jurisdiction,8,Pedestrian,0,The First Harmful Event was Not a Collision with a Motor Vehicle in Transport,0,No,3,Intersection-Related,2,Four-Way Intersection,0,None,,,1,On Roadway,3,Dark - Lighted,,,,,10,Cloudy,0,No,0000000,Not Applicable,99,Unknown,99,Unknown,99,Unknown EMS Scene Arrival Hour,99,Unknown EMS Scene Arrival Minutes,88,"Not Applicable (Not Transported) ",88,Not Applicable (Not Transported),,,,,,,1,
2021,26,260938,Michigan,2,2,0,0,0,4,4,99,MACOMB (99),919,CHESTERFIELD TOWNSHIP,27,27,12,December,2021,2,Monday,10,10:00am-10:59am,46,46,0,This section IS NOT on the NHS,2,Urban,4,Minor Arterial,2,County Highway Agency,4,County Road,CR-GRATIOT RD,,87,87,42.71463333,42.71463333,-82.801200000,-82.801200000,0,No Special Jurisdiction,12,Motor Vehicle In-Transport,2,Front-to-Front,0,No,1,Non-Junction,1,Not an Intersection,0,None,,,1,On Roadway,1,Daylight,,,,,10,Cloudy,0,No,0000000,Not Applicable,99,Unknown,99,Unknown,99,Unknown EMS Scene Arrival Hour,99,Unknown EMS Scene Arrival Minutes,99,Unknown,99,Unknown EMS Hospital Arrival Time,,,,,,,1,
2021,26,260939,Michigan,4,4,0,0,0,4,4,125,OAKLAND (125),4905,TROY,19,19,7,July,2021,2,Monday,8,8:00am-8:59am,32,32,1,This section IS ON the NHS,2,Urban,1,Interstate,1,State Highway Agency,1,Interstate,I-75,,118,118,42.58713611,42.58713611,-83.159425000,-83.159425000,0,No Special Jurisdiction,12,Motor Vehicle In-Transport,1,Front-to-Rear,0,No,1,Non-Junction,1,Not an Intersection,0,None,,,1,On Roadway,1,Daylight,,,,,1,Clear,0,No,0000000,Not Applicable,8,8:00am-8:59am,32,32,8,8:00am-8:59am,50,50,88,"Not Applicable (Not Transported) ",88,Not Applicable (Not Transported),,,,,,,1,
2021,26,260940,Michigan,1,1,0,0,0,1,1,77,KALAMAZOO (77),0,NOT APPLICABLE,26,26,12,December,2021,1,Sunday,0,0:00am-0:59am,20,20,0,This section IS NOT on the NHS,1,Rural,4,Minor Arterial,2,County Highway Agency,4,County Road,CR-N RIVERVIEW DR,,58,58,42.37471389,42.37471389,-85.551938890,-85.551938890,0,No Special Jurisdiction,42,Tree (Standing Only),0,The First Harmful Event was Not a Collision with a Motor Vehicle in Transport,0,No,1,Non-Junction,1,Not an Intersection,0,None,,,4,On Roadside,2,Dark - Not Lighted,,,,,10,Cloudy,0,No,0000000,Not Applicable,99,Unknown,99,Unknown,99,Unknown EMS Scene Arrival Hour,99,Unknown EMS Scene Arrival Minutes,99,Unknown,99,Unknown EMS Hospital Arrival Time,,,,,,,1,
2021,26,260941,Michigan,1,1,0,1,1,1,1,129,OGEMAW (129),0,NOT APPLICABLE,30,30,12,December,2021,5,Thursday,18,6:00pm-6:59pm,25,25,0,This section IS NOT on the NHS,1,Rural,5,Major Collector,2,County Highway Agency,4,County Road,CR- M-76 ALGER RD,,67,67,44.24895000,44.24895000,-84.207666670,-84.207666670,0,No Special Jurisdiction,9,Pedalcyclist,0,The First Harmful Event was Not a Collision with a Motor Vehicle in Transport,0,No,1,Non-Junction,1,Not an Intersection,0,None,,,1,On Roadway,2,Dark - Not Lighted,,,,,10,Cloudy,0,No,0000000,Not Applicable,99,Unknown,99,Unknown,99,Unknown EMS Scene Arrival Hour,99,Unknown EMS Scene Arrival Minutes,88,"Not Applicable (Not Transported) ",88,Not Applicable (Not Transported),,,,,,,1,
2021,26,260942,Michigan,5,5,0,0,0,9,9,75,JACKSON (75),4448,SANDSTONE,24,24,7,July,2021,7,Saturday,19,7:00pm-7:59pm,50,50,1,This section IS ON the NHS,1,Rural,1,Interstate,1,State Highway Agency,1,Interstate,I-94,,116,116,42.26894444,42.26894444,-84.499386110,-84.499386110,0,No Special Jurisdiction,12,Motor Vehicle In-Transport,8,Sideswipe - Opposite Direction,0,No,1,Non-Junction,1,Not an Intersection,0,None,,,1,On Roadway,1,Daylight,,,,,1,Clear,0,No,0000000,Not Applicable,19,7:00pm-7:59pm,50,50,19,7:00pm-7:59pm,59,59,99,Unknown,99,Unknown EMS Hospital Arrival Time,,,,,,,1,
2021,26,260943,Michigan,2,2,0,0,0,3,3,55,GRAND TRAVERSE (55),0,NOT APPLICABLE,5,5,12,December,2021,1,Sunday,9,9:00am-9:59am,12,12,0,This section IS NOT on the NHS,1,Rural,5,Major Collector,2,County Highway Agency,4,County Road,CR-SUMMIT CITY RD,WALTON RD,20,20,44.54117500,44.54117500,-85.516486110,-85.516486110,0,No Special Jurisdiction,12,Motor Vehicle In-Transport,6,Angle,0,No,2,Intersection,2,Four-Way Intersection,0,None,,,1,On Roadway,1,Daylight,,,,,11,Blowing Snow,0,No,0000000,Not Applicable,99,Unknown,99,Unknown,99,Unknown EMS Scene Arrival Hour,99,Unknown EMS Scene Arrival Minutes,99,Unknown,99,Unknown EMS Hospital Arrival Time,,,,,,,1,
2021,26,260944,Michigan,2,2,0,0,0,2,2,125,OAKLAND (125),4567,SOUTHFIELD,26,26,12,December,2021,1,Sunday,8,8:00am-8:59am,36,36,1,This section IS ON the NHS,2,Urban,3,Principal Arterial - Other,1,State Highway Agency,3,State Highway,SR-102 W 8 MILE RD,,41,41,42.44409444,42.44409444,-83.241286110,-83.241286110,0,No Special Jurisdiction,12,Motor Vehicle In-Transport,6,Angle,0,No,8,Driveway Access Related,1,Not an Intersection,0,None,,,1,On Roadway,1,Daylight,,,,,1,Clear,0,No,0000000,Not Applicable,99,Unknown,99,Unknown,99,Unknown EMS Scene Arrival Hour,99,Unknown EMS Scene Arrival Minutes,99,Unknown,99,Unknown EMS Hospital Arrival Time,,,,,,,1,
2021,26,260945,Michigan,3,3,0,0,0,3,3,107,MECOSTA (107),0,NOT APPLICABLE,17,17,12,December,2021,6,Friday,11,11:00am-11:59am,49,49,1,This section IS ON the NHS,2,Urban,3,Principal Arterial - Other,1,State Highway Agency,3,State Highway,SR-20 PERRY AVE 215TH AVE,WALDRON WAY,34,34,43.68829722,43.68829722,-85.511705560,-85.511705560,0,No Special Jurisdiction,12,Motor Vehicle In-Transport,6,Angle,0,No,2,Intersection,2,Four-Way Intersection,0,None,,,1,On Roadway,1,Daylight,,,,,1,Clear,0,No,0000000,Not Applicable,99,Unknown,99,Unknown,99,Unknown EMS Scene Arrival Hour,99,Unknown EMS Scene Arrival Minutes,99,Unknown,99,Unknown EMS Hospital Arrival Time,,,,,,,1,
2021,26,260946,Michigan,2,2,0,0,0,2,2,125,OAKLAND (125),4567,SOUTHFIELD,16,16,12,December,2021,5,Thursday,15,3:00pm-3:59pm,17,17,1,This section IS ON the NHS,2,Urban,3,Principal Arterial - Other,2,County Highway Agency,4,County Road,CR-W 12 MILE RD,MURRAY CRESCENT RD,132,132,42.50158889,42.50158889,-83.258750000,-83.258750000,0,No Special Jurisdiction,12,Motor Vehicle In-Transport,1,Front-to-Rear,0,No,2,Intersection,2,Four-Way Intersection,0,None,,,1,On Roadway,1,Daylight,,,,,1,Clear,0,No,0000000,Not Applicable,99,Unknown,99,Unknown,99,Unknown EMS Scene Arrival Hour,99,Unknown EMS Scene Arrival Minutes,99,Unknown,99,Unknown EMS Hospital Arrival Time,,,,,,,1,
2021,26,260947,Michigan,1,1,0,0,0,1,1,163,WAYNE (163),5140,WAYNE,7,7,2,February,2021,1,Sunday,13,1:00pm-1:59pm,42,42,0,This section IS NOT on the NHS,2,Urban,7,Local,4,City or Municipal Highway Agency,6,Local Street - Municipality,NIAGARA ST,,0,None,42.28485556,42.28485556,-83.354872220,-83.354872220,0,No Special Jurisdiction,42,Tree (Standing Only),0,The First Harmful Event was Not a Collision with a Motor Vehicle in Transport,0,No,1,Non-Junction,1,Not an Intersection,0,None,,,4,On Roadside,1,Daylight,,,,,4,Snow,0,No,0000000,Not Applicable,99,Unknown,99,Unknown,99,Unknown EMS Scene Arrival Hour,99,Unknown EMS Scene Arrival Minutes,99,Unknown,99,Unknown EMS Hospital Arrival Time,,,,,,,1,
2021,26,260948,Michigan,1,1,0,2,2,1,1,163,WAYNE (163),1260,DETROIT,2,2,5,May,2021,1,Sunday,2,2:00am-2:59am,33,33,1,This section IS ON the NHS,2,Urban,3,Principal Arterial - Other,2,County Highway Agency,4,County Road,CR-7 MILE RD,,104,104,42.42987778,42.42987778,-83.229194440,-83.229194440,0,No Special Jurisdiction,8,Pedestrian,0,The First Harmful Event was Not a Collision with a Motor Vehicle in Transport,0,No,1,Non-Junction,1,Not an Intersection,0,None,,,1,On Roadway,3,Dark - Lighted,,,,,1,Clear,0,No,0000000,Not Applicable,99,Unknown,99,Unknown,99,Unknown EMS Scene Arrival Hour,99,Unknown EMS Scene Arrival Minutes,99,Unknown,99,Unknown EMS Hospital Arrival Time,,,,,,,2,
2021,26,260949,Michigan,2,2,0,0,0,2,2,91,LENAWEE (91),0,NOT APPLICABLE,2,2,12,December,2021,5,Thursday,19,7:00pm-7:59pm,34,34,0,This section IS NOT on the NHS,1,Rural,5,Major Collector,2,County Highway Agency,4,County Road,CR-GILBERT HWY,,40,40,41.98370278,41.98370278,-84.150255560,-84.150255560,0,No Special Jurisdiction,12,Motor Vehicle In-Transport,2,Front-to-Front,0,No,1,Non-Junction,1,Not an Intersection,0,None,,,1,On Roadway,2,Dark - Not Lighted,,,,,1,Clear,0,No,0000000,Not Applicable,19,7:00pm-7:59pm,34,34,19,7:00pm-7:59pm,43,43,88,"Not Applicable (Not Transported) ",88,Not Applicable (Not Transported),,,,,,,1,
2021,26,260950,Michigan,1,1,0,0,0,1,1,161,WASHTENAW (161),0,NOT APPLICABLE,5,5,12,December,2021,1,Sunday,18,6:00pm-6:59pm,46,46,0,This section IS NOT on the NHS,2,Urban,5,Major Collector,2,County Highway Agency,4,County Road,CR-HURON RIVER DR,,9,9,42.21130556,42.21130556,-83.602047220,-83.602047220,0,No Special Jurisdiction,42,Tree (Standing Only),0,The First Harmful Event was Not a Collision with a Motor Vehicle in Transport,0,No,1,Non-Junction,1,Not an Intersection,0,None,,,4,On Roadside,2,Dark - Not Lighted,,,,,2,Rain,0,No,0000000,Not Applicable,18,6:00pm-6:59pm,49,49,19,7:00pm-7:59pm,0,0,88,"Not Applicable (Not Transported) ",88,Not Applicable (Not Transported),,,,,,,1,
2021,26,260951,Michigan,1,1,0,2,2,1,1,151,SANILAC (151),0,NOT APPLICABLE,14,14,12,December,2021,3,Tuesday,17,5:00pm-5:59pm,55,55,0,This section IS NOT on the NHS,1,Rural,5,Major Collector,2,County Highway Agency,4,County Road,CR-SHEPHARD RD,,59,59,43.22816667,43.22816667,-82.921288890,-82.921288890,0,No Special Jurisdiction,15,Non-Motorist on Personal Conveyance,0,The First Harmful Event was Not a Collision with a Motor Vehicle in Transport,0,No,1,Non-Junction,1,Not an Intersection,0,None,,,1,On Roadway,2,Dark - Not Lighted,,,,,1,Clear,0,No,0000000,Not Applicable,18,6:00pm-6:59pm,1,1,18,6:00pm-6:59pm,15,15,99,Unknown,99,Unknown EMS Hospital Arrival Time,,,,,,,1,
2021,26,260952,Michigan,1,1,0,0,0,1,1,161,WASHTENAW (161),0,NOT APPLICABLE,12,12,10,October,2021,3,Tuesday,6,6:00am-6:59am,39,39,1,This section IS ON the NHS,2,Urban,2,Principal Arterial - Other Freeways and Expressways,1,State Highway Agency,2,U.S. Highway,US-23,,81,81,42.20050278,42.20050278,-83.685313890,-83.685313890,0,No Special Jurisdiction,42,Tree (Standing Only),0,The First Harmful Event was Not a Collision with a Motor Vehicle in Transport,0,No,1,Non-Junction,1,Not an Intersection,0,None,,,3,On Median,2,Dark - Not Lighted,,,,,10,Cloudy,0,No,0000000,Not Applicable,99,Unknown,99,Unknown,99,Unknown EMS Scene Arrival Hour,99,Unknown EMS Scene Arrival Minutes,88,"Not Applicable (Not Transported) ",88,Not Applicable (Not Transported),,,,,,,1,
2021,26,260953,Michigan,2,2,0,0,0,2,2,129,OGEMAW (129),0,NOT APPLICABLE,29,29,10,October,2021,6,Friday,14,2:00pm-2:59pm,2,2,0,This section IS NOT on the NHS,1,Rural,5,Major Collector,2,County Highway Agency,4,County Road,CR-GREENWOOD RD,,195,195,44.18352500,44.18352500,-84.022861110,-84.022861110,0,No Special Jurisdiction,12,Motor Vehicle In-Transport,8,Sideswipe - Opposite Direction,0,No,1,Non-Junction,1,Not an Intersection,0,None,,,1,On Roadway,1,Daylight,,,,,2,Rain,0,No,0000000,Not Applicable,14,2:00pm-2:59pm,3,3,14,2:00pm-2:59pm,8,8,88,"Not Applicable (Not Transported) ",88,Not Applicable (Not Transported),,,,,,,1,
2021,26,260954,Michigan,2,2,0,0,0,2,2,81,KENT (81),0,NOT APPLICABLE,29,29,12,December,2021,4,Wednesday,17,5:00pm-5:59pm,27,27,0,This section IS NOT on the NHS,1,Rural,5,Major Collector,2,County Highway Agency,4,County Road,CR-17 MILE RD,,136,136,43.22033333,43.22033333,-85.520855560,-85.520855560,0,No Special Jurisdiction,12,Motor Vehicle In-Transport,2,Front-to-Front,0,No,1,Non-Junction,1,Not an Intersection,0,None,,,1,On Roadway,2,Dark - Not Lighted,,,,,10,Cloudy,0,No,0000000,Not Applicable,17,5:00pm-5:59pm,30,30,17,5:00pm-5:59pm,34,34,88,"Not Applicable (Not Transported) ",88,Not Applicable (Not Transported),,,,,,,1,
2021,26,260955,Michigan,2,2,0,0,0,4,4,99,MACOMB (99),4330,ROSEVILLE,30,30,12,December,2021,5,Thursday,19,7:00pm-7:59pm,40,40,1,This section IS ON the NHS,2,Urban,3,Principal Arterial - Other,1,State Highway Agency,3,State Highway,SR-3 GRATIOT AVE,MARTIN RD,40,40,42.50228056,42.50228056,-82.933522220,-82.933522220,0,No Special Jurisdiction,12,Motor Vehicle In-Transport,6,Angle,0,No,2,Intersection,2,Four-Way Intersection,0,None,,,1,On Roadway,3,Dark - Lighted,,,,,1,Clear,0,No,0000000,Not Applicable,19,7:00pm-7:59pm,45,45,19,7:00pm-7:59pm,55,55,99,Unknown,99,Unknown EMS Hospital Arrival Time,,,,,,,1,
2021,26,260956,Michigan,2,2,0,0,0,3,3,81,KENT (81),0,NOT APPLICABLE,17,17,10,October,2021,1,Sunday,13,1:00pm-1:59pm,3,3,0,This section IS NOT on the NHS,1,Rural,4,Minor Arterial,1,State Highway Agency,3,State Highway,SR-57 15 MILE RD,,132,132,43.17639167,43.17639167,-85.389916670,-85.389916670,0,No Special Jurisdiction,12,Motor Vehicle In-Transport,2,Front-to-Front,0,No,1,Non-Junction,1,Not an Intersection,0,None,,,1,On Roadway,1,Daylight,,,,,10,Cloudy,0,No,0000000,Not Applicable,99,Unknown,99,Unknown,99,Unknown EMS Scene Arrival Hour,99,Unknown EMS Scene Arrival Minutes,99,Unknown,99,Unknown EMS Hospital Arrival Time,,,,,,,2,
2021,26,260957,Michigan,1,1,0,1,1,1,1,15,BARRY (15),0,NOT APPLICABLE,30,30,10,October,2021,7,Saturday,19,7:00pm-7:59pm,20,20,0,This section IS NOT on the NHS,1,Rural,5,Major Collector,2,County Highway Agency,4,County Road,CR-MARSH RD,,13,13,42.57082778,42.57082778,-85.514425000,-85.514425000,0,No Special Jurisdiction,8,Pedestrian,0,The First Harmful Event was Not a Collision with a Motor Vehicle in Transport,0,No,1,Non-Junction,1,Not an Intersection,0,None,,,1,On Roadway,2,Dark - Not Lighted,,,,,1,Clear,0,No,0000000,Not Applicable,19,7:00pm-7:59pm,21,21,19,7:00pm-7:59pm,30,30,88,"Not Applicable (Not Transported) ",88,Not Applicable (Not Transported),,,,,,,1,
2021,26,260958,Michigan,1,1,0,0,0,1,1,163,WAYNE (163),1260,DETROIT,29,29,12,December,2021,4,Wednesday,17,5:00pm-5:59pm,30,30,0,This section IS NOT on the NHS,2,Urban,5,Major Collector,4,City or Municipal Highway Agency,3,State Highway,SR-CENTRAL WAY,INSELRUHE ST,5,5,42.33942500,42.33942500,-82.986550000,-82.986550000,0,No Special Jurisdiction,43,Other Fixed Object,0,The First Harmful Event was Not a Collision with a Motor Vehicle in Transport,0,No,2,Intersection,2,Four-Way Intersection,0,None,,,1,On Roadway,3,Dark - Lighted,,,,,1,Clear,0,No,0000000,Not Applicable,17,5:00pm-5:59pm,32,32,17,5:00pm-5:59pm,40,40,88,"Not Applicable (Not Transported) ",88,Not Applicable (Not Transported),,,,,,,1,
2021,26,260959,Michigan,2,2,0,0,0,2,2,77,KALAMAZOO (77),0,NOT APPLICABLE,22,22,11,November,2021,2,Monday,1,1:00am-1:59am,56,56,1,This section IS ON the NHS,2,Urban,1,Interstate,1,State Highway Agency,1,Interstate,I-94,,59,59,42.23798889,42.23798889,-85.653325000,-85.653325000,0,No Special Jurisdiction,12,Motor Vehicle In-Transport,6,Angle,0,No,1,Non-Junction,1,Not an Intersection,0,None,,,1,On Roadway,2,Dark - Not Lighted,,,,,10,Cloudy,0,No,0000000,Not Applicable,1,1:00am-1:59am,58,58,2,2:00am-2:59am,2,2,99,Unknown,99,Unknown EMS Hospital Arrival Time,,,,,,,1,
2021,26,260960,Michigan,2,2,0,0,0,7,7,163,WAYNE (163),1260,DETROIT,29,29,11,November,2021,2,Monday,20,8:00pm-8:59pm,58,58,1,This section IS ON the NHS,2,Urban,3,Principal Arterial - Other,2,County Highway Agency,4,County Road,CR-7 MILE RD,RIVERVIEW ST,80,80,42.42899167,42.42899167,-83.275363890,-83.275363890,0,No Special Jurisdiction,12,Motor Vehicle In-Transport,6,Angle,0,No,2,Intersection,2,Four-Way Intersection,0,None,,,1,On Roadway,3,Dark - Lighted,,,,,4,Snow,0,No,0000000,Not Applicable,99,Unknown,99,Unknown,99,Unknown EMS Scene Arrival Hour,99,Unknown EMS Scene Arrival Minutes,99,Unknown,99,Unknown EMS Hospital Arrival Time,,,,,,,1,
2021,26,260961,Michigan,3,3,0,0,0,7,7,163,WAYNE (163),1260,DETROIT,29,29,12,December,2021,4,Wednesday,18,6:00pm-6:59pm,58,58,1,This section IS ON the NHS,2,Urban,3,Principal Arterial - Other,1,State Highway Agency,3,State Highway,SR-153 E FORD RD,,188,188,42.32928889,42.32928889,-83.179683330,-83.179683330,0,No Special Jurisdiction,12,Motor Vehicle In-Transport,7,Sideswipe - Same Direction,0,No,1,Non-Junction,1,Not an Intersection,0,None,,,1,On Roadway,3,Dark - Lighted,,,,,1,Clear,0,No,0000000,Not Applicable,99,Unknown,99,Unknown,99,Unknown EMS Scene Arrival Hour,99,Unknown EMS Scene Arrival Minutes,99,Unknown,99,Unknown EMS Hospital Arrival Time,,,,,,,1,
2021,26,260962,Michigan,2,2,0,0,0,2,2,81,KENT (81),2010,GRAND RAPIDS,19,19,11,November,2021,6,Friday,16,4:00pm-4:59pm,15,15,1,This section IS ON the NHS,2,Urban,3,Principal Arterial - Other,4,City or Municipal Highway Agency,6,Local Street - Municipality,LEONARD ST,,14,14,42.98447778,42.98447778,-85.638233330,-85.638233330,0,No Special Jurisdiction,12,Motor Vehicle In-Transport,6,Angle,0,No,8,Driveway Access Related,1,Not an Intersection,0,None,,,1,On Roadway,1,Daylight,,,,,1,Clear,0,No,0000000,Not Applicable,18,6:00pm-6:59pm,18,18,18,6:00pm-6:59pm,22,22,99,Unknown,99,Unknown EMS Hospital Arrival Time,,,,,,,1,
2021,26,260963,Michigan,2,2,0,1,1,2,2,49,GENESEE (49),1730,FLINT,28,28,12,December,2021,3,Tuesday,17,5:00pm-5:59pm,48,48,1,This section IS ON the NHS,2,Urban,3,Principal Arterial - Other,4,City or Municipal Highway Agency,6,Local Street - Municipality,N SAGINAW ST,,144,144,43.05733889,43.05733889,-83.693816670,-83.693816670,0,No Special Jurisdiction,8,Pedestrian,0,The First Harmful Event was Not a Collision with a Motor Vehicle in Transport,0,No,1,Non-Junction,1,Not an Intersection,0,None,,,1,On Roadway,3,Dark - Lighted,,,,,4,Snow,0,No,0000000,Not Applicable,17,5:00pm-5:59pm,54,54,17,5:00pm-5:59pm,54,54,88,"Not Applicable (Not Transported) ",88,Not Applicable (Not Transported),,,,,,,1,