caseyear,state,st_case,statename,ve_total,ve_forms,pvh_invl,peds,pernotmvit,permvit,persons,county,countyname,city,cityname,day,dayname,month,monthname,year,day_week,day_weekname,hour,hourname,minute,minutename,nhs,nhsname,rur_urb,rur_urbname,func_sys,func_sysname,rd_owner,rd_ownername,route,routename,tway_id,tway_id2,milept,mileptname,latitude,latitudename,longitud,longitudname,sp_jur,sp_jurname,harm_ev,harm_evname,man_coll,man_collname,reljct1,reljct1name,reljct2,reljct2name,typ_int,typ_intname,wrk_zone,wrk_zonename,road_fnc,road_fncname,rel_road,rel_roadname,lgt_cond,lgt_condname,weather1,weather1name,weather2,weather2name,weather,weathername,sch_bus,sch_busname,rail,railname,not_hour,not_hourname,not_min,not_minname,arr_hour,arr_hourname,arr_min,arr_minname,hosp_hr,hosp_hrname,hosp_mn,hosp_mnname,cf1,cf1name,cf2,cf2name,cf3,cf3name,fatals,drunk_dr
2021,26,261070,Michigan,2,2,0,0,0,2,2,99,MACOMB (99),3390,MOUNT CLEMENS,20,20,12,December,2021,2,Monday,13,1:00pm-1:59pm,5,5,0,This section IS NOT on the NHS,2,Urban,5,Major Collector,4,City or Municipal Highway Agency,6,Local Street - Municipality,ROSE ST,CASS AVE,5,5,42.59845278,42.59845278,-82.895855560,-82.895855560,0,No Special Jurisdiction,12,Motor Vehicle In-Transport,6,Angle,0,No,2,Intersection,2,Four-Way Intersection,0,None,,,1,On Roadway,1,Daylight,,,,,1,Clear,0,No,0000000,Not Applicable,99,Unknown,99,Unknown,99,Unknown EMS Scene Arrival Hour,99,Unknown EMS Scene Arrival Minutes,99,Unknown,99,Unknown EMS Hospital Arrival Time,,,,,,,1,
2021,26,261071,Michigan,1,1,0,1,1,1,1,125,OAKLAND (125),4567,SOUTHFIELD,26,26,7,July,2021,2,Monday,0,0:00am-0:59am,41,41,1,This section IS ON the NHS,2,Urban,3,Principal Arterial - Other,1,State Highway Agency,2,U.S. Highway,US-24 TELEGRAPH RD,,17,17,42.46679167,42.46679167,-83.278972220,-83.278972220,0,No Special Jurisdiction,8,Pedestrian,0,The First Harmful Event was Not a Collision with a Motor Vehicle in Transport,0,No,1,Non-Junction,1,Not an Intersection,0,None,,,1,On Roadway,2,Dark - Not Lighted,,,,,1,Clear,0,No,0000000,Not Applicable,99,Unknown,99,Unknown,99,Unknown EMS Scene Arrival Hour,99,Unknown EMS Scene Arrival Minutes,99,Unknown,99,Unknown EMS Hospital Arrival Time,,,,,,,1,
2021,26,261072,Michigan,1,1,0,1,1,1,1,125,OAKLAND (125),4567,SOUTHFIELD,4,4,7,July,2021,1,Sunday,6,6:00am-6:59am,47,47,0,This section IS NOT on the NHS,2,Urban,7,Local,4,City or Municipal Highway Agency,6,Local Street - Municipality,MARTHA WASHINGTON DR,,2,2,42.47018889,42.47018889,-83.227244440,-83.227244440,0,No Special Jurisdiction,15,Non-Motorist on Personal Conveyance,0,The First Harmful Event was Not a Collision with a Motor Vehicle in Transport,0,No,1,Non-Junction,1,Not an Intersection,0,None,,,1,On Roadway,2,Dark - Not Lighted,,,,,1,Clear,0,No,0000000,Not Applicable,99,Unknown,99,Unknown,99,Unknown EMS Scene Arrival Hour,99,Unknown EMS Scene Arrival Minutes,88,"Not Applicable (Not Transported) ",88,Not Applicable (Not Transported),,,,,,,1,
2021,26,261073,Michigan,1,1,0,1,1,1,1,125,OAKLAND (125),4567,SOUTHFIELD,2,2,11,November,2021,3,Tuesday,7,7:00am-7:59am,20,20,1,This section IS ON the NHS,2,Urban,3,Principal Arterial - Other,1,State Highway Agency,3,State Highway,SR-102 W 8 MILE RD,LAHSER RD,32,32,42.44351944,42.44351944,-83.259027780,-83.259027780,0,No Special Jurisdiction,8,Pedestrian,0,The First Harmful Event was Not a Collision with a Motor Vehicle in Transport,0,No,3,Intersection-Related,2,Four-Way Intersection,0,None,,,1,On Roadway,3,Dark - Lighted,,,,,1,Clear,0,No,0000000,Not Applicable,99,Unknown,99,Unknown,99,Unknown EMS Scene Arrival Hour,99,Unknown EMS Scene Arrival Minutes,99,Unknown,99,Unknown EMS Hospital Arrival Time,,,,,,,1,
2021,26,261074,Michigan,1,1,0,1,1,1,1,125,OAKLAND (125),4567,SOUTHFIELD,6,6,12,December,2021,2,Monday,23,11:00pm-11:59pm,55,55,1,This section IS ON the NHS,2,Urban,3,Principal Arterial - Other,1,State Highway Agency,3,State Highway,SR-102 W 8 MILE RD,,50,50,42.44435000,42.44435000,-83.225055560,-83.225055560,0,No Special Jurisdiction,8,Pedestrian,0,The First Harmful Event was Not a Collision with a Motor Vehicle in Transport,0,No,1,Non-Junction,1,Not an Intersection,0,None,,,1,On Roadway,2,Dark - Not Lighted,,,,,1,Clear,0,No,0000000,Not Applicable,99,Unknown,99,Unknown,99,Unknown EMS Scene Arrival Hour,99,Unknown EMS Scene Arrival Minutes,99,Unknown,99,Unknown EMS Hospital Arrival Time,,,,,,,1,
2021,26,261075,Michigan,1,1,0,1,1,1,1,23,BRANCH (23),0,NOT APPLICABLE,22,22,1,January,2021,6,Friday,8,8:00am-8:59am,52,52,0,This section IS NOT on the NHS,1,Rural,6,Minor Collector,2,County Highway Agency,4,County Road,CR-LESTER RD,,20,20,41.82560278,41.82560278,-84.912647220,-84.912647220,0,No Special Jurisdiction,15,Non-Motorist on Personal Conveyance,0,The First Harmful Event was Not a Collision with a Motor Vehicle in Transport,0,No,1,Non-Junction,1,Not an Intersection,0,None,,,1,On Roadway,1,Daylight,,,,,10,Cloudy,0,No,0000000,Not Applicable,99,Unknown,99,Unknown,99,Unknown EMS Scene Arrival Hour,99,Unknown EMS Scene Arrival Minutes,99,Unknown,99,Unknown EMS Hospital Arrival Time,,,,,,,1,
2021,26,261076,Michigan,1,1,0,0,0,1,1,99,MACOMB (99),3390,MOUNT CLEMENS,3,3,4,April,2021,7,Saturday,2,2:00am-2:59am,37,37,1,This section IS ON the NHS,2,Urban,3,Principal Arterial - Other,1,State Highway Agency,3,State Highway,SR-3 GRATIOT AVE,,16,16,42.59730000,42.59730000,-82.877002780,-82.877002780,0,No Special Jurisdiction,39,Wall,0,The First Harmful Event was Not a Collision with a Motor Vehicle in Transport,0,No,1,Non-Junction,1,Not an Intersection,0,None,,,5,Outside Trafficway,3,Dark - Lighted,,,,,1,Clear,0,No,0000000,Not Applicable,99,Unknown,99,Unknown,99,Unknown EMS Scene Arrival Hour,99,Unknown EMS Scene Arrival Minutes,88,"Not Applicable (Not Transported) ",88,Not Applicable (Not Transported),,,,,,,1,
2021,26,261077,Michigan,1,1,0,0,0,2,2,99,MACOMB (99),2181,HARRISON TOWNSHIP,25,25,6,June,2021,6,Friday,21,9:00pm-9:59pm,55,55,1,This section IS ON the NHS,2,Urban,1,Interstate,1,State Highway Agency,1,Interstate,I-94,,94,94,42.55654722,42.55654722,-82.860225000,-82.860225000,0,No Special Jurisdiction,24,Guardrail Face,0,The First Harmful Event was Not a Collision with a Motor Vehicle in Transport,0,No,1,Non-Junction,1,Not an Intersection,0,None,,,4,On Roadside,2,Dark - Not Lighted,,,,,2,Rain,0,No,0000000,Not Applicable,99,Unknown,99,Unknown,99,Unknown EMS Scene Arrival Hour,99,Unknown EMS Scene Arrival Minutes,99,Unknown,99,Unknown EMS Hospital Arrival Time,,,,,,,2,
2021,26,261078,Michigan,1,1,0,0,0,1,1,99,MACOMB (99),2934,"MACOMB, TOWNSHIP",7,7,8,August,2021,7,Saturday,18,6:00pm-6:59pm,37,37,0,This section IS NOT on the NHS,2,Urban,4,Minor Arterial,2,County Highway Agency,4,County Road,CR-21 MILE RD,,54,54,42.64275556,42.64275556,-82.933155560,-82.933155560,0,No Special Jurisdiction,24,Guardrail Face,0,The First Harmful Event was Not a Collision with a Motor Vehicle in Transport,0,No,1,Non-Junction,1,Not an Intersection,0,None,,,4,On Roadside,1,Daylight,,,,,10,Cloudy,0,No,0000000,Not Applicable,99,Unknown,99,Unknown,99,Unknown EMS Scene Arrival Hour,99,Unknown EMS Scene Arrival Minutes,99,Unknown,99,Unknown EMS Hospital Arrival Time,,,,,,,1,
2021,26,261079,Michigan,2,2,0,0,0,2,2,99,MACOMB (99),4731,STERLING HEIGHTS,16,16,11,November,2021,3,Tuesday,13,1:00pm-1:59pm,26,26,0,This section IS NOT on the NHS,2,Urban,4,Minor Arterial,2,County Highway Agency,4,County Road,CR-HAYES RD,,13,13,42.58778056,42.58778056,-82.971669440,-82.971669440,0,No Special Jurisdiction,12,Motor Vehicle In-Transport,2,Front-to-Front,0,No,1,Non-Junction,1,Not an Intersection,0,None,,,1,On Roadway,1,Daylight,,,,,1,Clear,0,No,0000000,Not Applicable,99,Unknown,99,Unknown,99,Unknown EMS Scene Arrival Hour,99,Unknown EMS Scene Arrival Minutes,99,Unknown,99,Unknown EMS Hospital Arrival Time,,,,,,,1,
2021,26,261080,Michigan,3,3,0,0,0,5,5,25,CALHOUN (25),4649,SPRINGFIELD,4,4,6,June,2021,6,Friday,9,9:00am-9:59am,13,13,0,This section IS NOT on the NHS,2,Urban,5,Major Collector,4,City or Municipal Highway Agency,6,Local Street - Municipality,AVENUE A,,16,16,42.32573056,42.32573056,-85.231105560,-85.231105560,0,No Special Jurisdiction,12,Motor Vehicle In-Transport,7,Sideswipe - Same Direction,0,No,1,Non-Junction,1,Not an Intersection,0,None,,,1,On Roadway,1,Daylight,,,,,1,Clear,0,No,0000000,Not Applicable,9,9:00am-9:59am,15,15,9,9:00am-9:59am,28,28,99,Unknown,99,Unknown EMS Hospital Arrival Time,,,,,,,1,
2021,26,261081,Michigan,1,1,0,0,0,6,6,133,OSCEOLA (133),0,NOT APPLICABLE,23,23,6,June,2021,4,Wednesday,11,11:00am-11:59am,16,16,1,This section IS ON the NHS,1,Rural,1,Interstate,1,State Highway Agency,2,U.S. Highway,US-131,,96,96,43.95285833,43.95285833,-85.518525000,-85.518525000,0,No Special Jurisdiction,24,Guardrail Face,0,The First Harmful Event was Not a Collision with a Motor Vehicle in Transport,0,No,1,Non-Junction,1,Not an Intersection,0,None,,,4,On Roadside,1,Daylight,,,,,1,Clear,0,No,0000000,Not Applicable,99,Unknown,99,Unknown,99,Unknown EMS Scene Arrival Hour,99,Unknown EMS Scene Arrival Minutes,99,Unknown,99,Unknown EMS Hospital Arrival Time,,,,,,,1,
2021,26,261082,Michigan,1,1,0,0,0,4,4,49,GENESEE (49),1730,FLINT,13,13,12,December,2021,2,Monday,15,3:00pm-3:59pm,19,19,0,This section IS NOT on the NHS,2,Urban,4,Minor Arterial,4,City or Municipal Highway Agency,6,Local Street - Municipality,HARRISON ST,HEARSLEY ST,4,4,43.01769722,43.01769722,-83.690541670,-83.690541670,0,No Special Jurisdiction,19,Building,0,The First Harmful Event was Not a Collision with a Motor Vehicle in Transport,0,No,3,Intersection-Related,2,Four-Way Intersection,0,None,,,5,Outside Trafficway,1,Daylight,,,,,10,Cloudy,0,No,0000000,Not Applicable,15,3:00pm-3:59pm,38,38,15,3:00pm-3:59pm,39,39,99,Unknown,99,Unknown EMS Hospital Arrival Time,,,,,,,2,
2021,26,261083,Michigan,1,1,0,1,1,1,1,99,MACOMB (99),1009,CLINTON TOWNSHIP,11,11,11,November,2021,5,Thursday,21,9:00pm-9:59pm,39,39,0,This section IS NOT on the NHS,2,Urban,4,Minor Arterial,2,County Highway Agency,4,County Road,CR-HARPER AVE,,88,88,42.56990556,42.56990556,-82.871563890,-82.871563890,0,No Special Jurisdiction,8,Pedestrian,0,The First Harmful Event was Not a Collision with a Motor Vehicle in Transport,0,No,1,Non-Junction,1,Not an Intersection,0,None,,,1,On Roadway,2,Dark - Not Lighted,,,,,2,Rain,0,No,0000000,Not Applicable,99,Unknown,99,Unknown,99,Unknown EMS Scene Arrival Hour,99,Unknown EMS Scene Arrival Minutes,88,"Not Applicable (Not Transported) ",88,Not Applicable (Not Transported),,,,,,,1,
2022,26,260001,Michigan,2,2,0,0,0,3,3,77,KALAMAZOO (77),0,NOT APPLICABLE,1,1,1,January,2022,7,Saturday,0,0:00am-0:59am,53,53,1,This section IS ON the NHS,2,Urban,3,Principal Arterial - Other,2,County Highway Agency,4,County Road,CR-SPRINKLE RD,,85,85,42.29400833,42.29400833,-85.527352780,-85.52735278,0,No Special Jurisdiction,12,Motor Vehicle In-Transport,2,Front-to-Front,0,No,1,Non-Junction,1,Not an Intersection,0,None,,,1,On Roadway,3,Dark - Lighted,,,,,2,Rain,0,No,0000000,Not Applicable,0,0:00am-0:59am,55,55,1,1:00am-1:59am,5,5,99,Unknown,99,Unknown EMS Hospital Arrival Time,,,,,,,1,
2022,26,260002,Michigan,2,2,0,0,0,3,3,147,ST. CLAIR (147),0,NOT APPLICABLE,3,3,1,January,2022,2,Monday,14,2:00pm-2:59pm,28,28,1,This section IS ON the NHS,1,Rural,1,Interstate,1,State Highway Agency,1,Interstate,I-94,,43,43,42.77987778,42.77987778,-82.673363890,-82.67336389,0,No Special Jurisdiction,12,Motor Vehicle In-Transport,2,Front-to-Front,0,No,1,Non-Junction,1,Not an Intersection,0,None,,,1,On Roadway,1,Daylight,,,,,1,Clear,0,No,0000000,Not Applicable,14,2:00pm-2:59pm,28,28,14,2:00pm-2:59pm,47,47,99,Unknown,99,Unknown EMS Hospital Arrival Time,,,,,,,2,
2022,26,260003,Michigan,1,1,0,0,0,1,1,123,NEWAYGO (123),0,NOT APPLICABLE,4,4,1,January,2022,3,Tuesday,8,8:00am-8:59am,47,47,0,This section IS NOT on the NHS,1,Rural,4,Minor Arterial,2,County Highway Agency,4,County Road,CR-E 14 MILE RD,,58,58,43.75680000,43.75680000,-85.763608330,-85.76360833,0,No Special Jurisdiction,42,Tree (Standing Only),0,The First Harmful Event was Not a Collision with a Motor Vehicle in Transport,0,No,1,Non-Junction,1,Not an Intersection,0,None,,,4,On Roadside,1,Daylight,,,,,1,Clear,0,No,0000000,Not Applicable,8,8:00am-8:59am,47,47,9,9:00am-9:59am,8,8,99,Unknown,99,Unknown EMS Hospital Arrival Time,,,,,,,1,
2022,26,260004,Michigan,2,2,0,0,0,2,2,81,KENT (81),5089,WALKER,5,5,1,January,2022,4,Wednesday,13,1:00pm-1:59pm,45,45,1,This section IS ON the NHS,2,Urban,3,Principal Arterial - Other,1,State Highway Agency,3,State Highway,SR-11 WILSON AVE SW,,40,40,42.95100556,42.95100556,-85.775752780,-85.77575278,0,No Special Jurisdiction,12,Motor Vehicle In-Transport,2,Front-to-Front,0,No,1,Non-Junction,1,Not an Intersection,0,None,,,1,On Roadway,1,Daylight,,,,,4,Snow,0,No,0000000,Not Applicable,13,1:00pm-1:59pm,48,48,14,2:00pm-2:59pm,0,0,88,"Not Applicable (Not Transported) ",88,Not Applicable (Not Transported),,,,,,,1,
2022,26,260005,Michigan,2,2,0,0,0,3,3,41,DELTA (41),3091,MASONVILLE,7,7,1,January,2022,6,Friday,13,1:00pm-1:59pm,30,30,1,This section IS ON the NHS,1,Rural,3,Principal Arterial - Other,1,State Highway Agency,2,U.S. Highway,US-2,,355,355,45.90437500,45.90437500,-86.928322220,-86.92832222,0,No Special Jurisdiction,12,Motor Vehicle In-Transport,6,Angle,0,No,1,Non-Junction,1,Not an Intersection,0,None,,,1,On Roadway,1,Daylight,,,,,1,Clear,0,No,0000000,Not Applicable,13,1:00pm-1:59pm,35,35,13,1:00pm-1:59pm,40,40,99,Unknown,99,Unknown EMS Hospital Arrival Time,,,,,,,1,
2022,26,260006,Michigan,2,2,0,0,0,2,2,159,VAN BUREN (159),0,NOT APPLICABLE,7,7,1,January,2022,6,Friday,11,11:00am-11:59am,25,25,0,This section IS NOT on the NHS,1,Rural,4,Minor Arterial,2,County Highway Agency,4,County Road,CR-RED ARROW HWY,,83,83,42.21922500,42.21922500,-86.066311110,-86.06631111,0,No Special Jurisdiction,12,Motor Vehicle In-Transport,6,Angle,0,No,1,Non-Junction,1,Not an Intersection,0,None,,,1,On Roadway,1,Daylight,,,,,4,Snow,0,No,0000000,Not Applicable,11,11:00am-11:59am,28,28,11,11:00am-11:59am,35,35,88,"Not Applicable (Not Transported) ",88,Not Applicable (Not Transported),,,,,,,1,
2022,26,260007,Michigan,1,1,0,0,0,3,3,157,TUSCOLA (157),0,NOT APPLICABLE,9,9,1,January,2022,1,Sunday,2,2:00am-2:59am,42,42,0,This section IS NOT on the NHS,1,Rural,4,Minor Arterial,1,State Highway Agency,3,State Highway,SR-15 STATE RD,,65,65,43.31395000,43.31395000,-83.547361110,-83.54736111,0,No Special Jurisdiction,1,Rollover/Overturn,0,The First Harmful Event was Not a Collision with a Motor Vehicle in Transport,0,No,1,Non-Junction,1,Not an Intersection,0,None,,,4,On Roadside,2,Dark - Not Lighted,,,,,3,Sleet or Hail,0,No,0000000,Not Applicable,2,2:00am-2:59am,41,41,2,2:00am-2:59am,51,51,88,"Not Applicable (Not Transported) ",88,Not Applicable (Not Transported),,,,,,,1,
2022,26,260008,Michigan,1,1,0,0,0,1,1,75,JACKSON (75),0,NOT APPLICABLE,8,8,1,January,2022,7,Saturday,6,6:00am-6:59am,5,5,0,This section IS NOT on the NHS,1,Rural,6,Minor Collector,2,County Highway Agency,4,County Road,CR-CRAWFORD RD,,1,1,42.33499444,42.33499444,-84.659597220,-84.65959722,0,No Special Jurisdiction,42,Tree (Standing Only),0,The First Harmful Event was Not a Collision with a Motor Vehicle in Transport,0,No,1,Non-Junction,1,Not an Intersection,0,None,,,4,On Roadside,2,Dark - Not Lighted,,,,,10,Cloudy,0,No,0000000,Not Applicable,99,Unknown,99,Unknown,99,Unknown EMS Scene Arrival Hour,99,Unknown EMS Scene Arrival Minutes,88,"Not Applicable (Not Transported) ",88,Not Applicable (Not Transported),,,,,,,1,
2022,26,260009,Michigan,2,2,0,1,1,3,3,163,WAYNE (163),1260,DETROIT,8,8,1,January,2022,7,Saturday,18,6:00pm-6:59pm,6,6,1,This section IS ON the NHS,2,Urban,3,Principal Arterial - Other,4,City or Municipal Highway Agency,6,Local Street - Municipality,E 7 MILE RD,KEYSTONE ST,195,195,42.43341389,42.43341389,-83.051205560,-83.05120556,0,No Special Jurisdiction,8,Pedestrian,0,The First Harmful Event was Not a Collision with a Motor Vehicle in Transport,0,No,3,Intersection-Related,3,T-Intersection,0,None,,,1,On Roadway,3,Dark - Lighted,,,,,1,Clear,0,No,0000000,Not Applicable,99,Unknown,99,Unknown,99,Unknown EMS Scene Arrival Hour,99,Unknown EMS Scene Arrival Minutes,99,Unknown,99,Unknown EMS Hospital Arrival Time,,,,,,,1,
2022,26,260010,Michigan,1,1,0,1,1,1,1,117,MONTCALM (117),0,NOT APPLICABLE,13,13,1,January,2022,5,Thursday,15,3:00pm-3:59pm,10,10,1,This section IS ON the NHS,1,Rural,3,Principal Arterial - Other,1,State Highway Agency,3,State Highway,SR-46 E MAIN ST,,233,233,43.40814444,43.40814444,-85.025788890,-85.02578889,0,No Special Jurisdiction,59,"Traffic Sign Support ",0,The First Harmful Event was Not a Collision with a Motor Vehicle in Transport,0,No,1,Non-Junction,1,Not an Intersection,0,None,,,4,On Roadside,1,Daylight,,,,,10,Cloudy,0,No,0000000,Not Applicable,15,3:00pm-3:59pm,10,10,15,3:00pm-3:59pm,15,15,88,"Not Applicable (Not Transported) ",88,Not Applicable (Not Transported),,,,,,,1,
2022,26,260011,Michigan,1,1,0,0,0,1,1,55,GRAND TRAVERSE (55),0,NOT APPLICABLE,14,14,1,January,2022,6,Friday,15,3:00pm-3:59pm,59,59,0,This section IS NOT on the NHS,1,Rural,7,Local,2,County Highway Agency,4,County Road,CR-EAST COUNTY LINE RD,,25,25,44.51296944,44.51296944,-85.406244440,-85.40624444,0,No Special Jurisdiction,42,Tree (Standing Only),0,The First Harmful Event was Not a Collision with a Motor Vehicle in Transport,0,No,1,Non-Junction,1,Not an Intersection,0,None,,,4,On Roadside,1,Daylight,,,,,1,Clear,0,No,0000000,Not Applicable,16,4:00pm-4:59pm,2,2,16,4:00pm-4:59pm,14,14,88,"Not Applicable (Not Transported) ",88,Not Applicable (Not Transported),,,,,,,1,
2022,26,260012,Michigan,2,1,1,0,0,1,1,81,KENT (81),5319,WYOMING,15,15,1,January,2022,7,Saturday,1,1:00am-1:59am,1,1,1,This section IS ON the NHS,2,Urban,2,Principal Arterial - Other Freeways and Expressways,1,State Highway Agency,2,U.S. Highway,US-131,,96,96,42.90496389,42.90496389,-85.677372220,-85.67737222,0,No Special Jurisdiction,14,Parked Motor Vehicle,0,The First Harmful Event was Not a Collision with a Motor Vehicle in Transport,0,No,1,Non-Junction,1,Not an Intersection,0,None,,,4,On Roadside,3,Dark - Lighted,,,,,1,Clear,0,No,0000000,Not Applicable,1,1:00am-1:59am,1,1,1,1:00am-1:59am,4,4,88,"Not Applicable (Not Transported) ",88,Not Applicable (Not Transported),,,,,,,1,
2022,26,260013,Michigan,1,1,0,1,1,1,1,49,GENESEE (49),1730,FLINT,12,12,1,January,2022,4,Wednesday,17,5:00pm-5:59pm,17,17,1,This section IS ON the NHS,2,Urban,3,Principal Arterial - Other,1,State Highway Agency,3,State Highway,SR-54 N DORT HWY,,86,86,43.02809167,43.02809167,-83.655275000,-83.65527500,0,No Special Jurisdiction,9,Pedalcyclist,0,The First Harmful Event was Not a Collision with a Motor Vehicle in Transport,0,No,1,Non-Junction,1,Not an Intersection,0,None,,,1,On Roadway,3,Dark - Lighted,,,,,10,Cloudy,0,No,0000000,Not Applicable,19,7:00pm-7:59pm,15,15,19,7:00pm-7:59pm,17,17,88,"Not Applicable (Not Transported) ",88,Not Applicable (Not Transported),,,,,,,1,
2022,26,260014,Michigan,1,1,0,0,0,1,1,163,WAYNE (163),5140,WAYNE,13,13,1,January,2022,5,Thursday,3,3:00am-3:59am,17,17,0,This section IS NOT on the NHS,2,Urban,4,Minor Arterial,2,County Highway Agency,4,County Road,CR-VENOY RD,,13,13,42.28568889,42.28568889,-83.363333330,-83.36333333,0,No Special Jurisdiction,34,Ditch,0,The First Harmful Event was Not a Collision with a Motor Vehicle in Transport,0,No,1,Non-Junction,1,Not an Intersection,0,None,,,4,On Roadside,3,Dark - Lighted,,,,,1,Clear,0,No,0000000,Not Applicable,88,Not Applicable (Not Notified),88,Not Applicable (Not Notified),88,Not Applicable,88,Not Applicable,88,"Not Applicable (Not Transported) ",88,Not Applicable (Not Transported),,,,,,,1,
2022,26,260015,Michigan,2,2,0,0,0,4,4,17,BAY (17),0,NOT APPLICABLE,17,17,1,January,2022,2,Monday,14,2:00pm-2:59pm,27,27,0,This section IS NOT on the NHS,1,Rural,4,Minor Arterial,1,State Highway Agency,3,State Highway,SR-13 N HURON RD,,258,258,43.89905000,43.89905000,-83.966163890,-83.96616389,0,No Special Jurisdiction,12,Motor Vehicle In-Transport,1,Front-to-Rear,0,No,1,Non-Junction,1,Not an Intersection,0,None,,,1,On Roadway,1,Daylight,,,,,1,Clear,0,No,0000000,Not Applicable,14,2:00pm-2:59pm,27,27,14,2:00pm-2:59pm,36,36,88,"Not Applicable (Not Transported) ",88,Not Applicable (Not Transported),,,,,,,3,
2022,26,260016,Michigan,1,1,0,1,1,1,1,163,WAYNE (163),1260,DETROIT,16,16,1,January,2022,1,Sunday,0,0:00am-0:59am,8,8,1,This section IS ON the NHS,2,Urban,1,Interstate,1,State Highway Agency,1,Interstate,I-94,,346,346,42.40641111,42.40641111,-82.955300000,-82.95530000,0,No Special Jurisdiction,8,Pedestrian,0,The First Harmful Event was Not a Collision with a Motor Vehicle in Transport,0,No,1,Non-Junction,1,Not an Intersection,0,None,,,1,On Roadway,3,Dark - Lighted,,,,,1,Clear,0,No,0000000,Not Applicable,99,Unknown,99,Unknown,99,Unknown EMS Scene Arrival Hour,99,Unknown EMS Scene Arrival Minutes,88,"Not Applicable (Not Transported) ",88,Not Applicable (Not Transported),,,,,,,1,
2022,26,260017,Michigan,3,3,0,0,0,3,3,123,NEWAYGO (123),0,NOT APPLICABLE,20,20,1,January,2022,5,Thursday,6,6:00am-6:59am,24,24,0,This section IS NOT on the NHS,1,Rural,4,Minor Arterial,1,State Highway Agency,3,State Highway,SR-37 S MASON DR,,55,55,43.36933611,43.36933611,-85.800861110,-85.80086111,0,No Special Jurisdiction,12,Motor Vehicle In-Transport,6,Angle,0,No,1,Non-Junction,1,Not an Intersection,0,None,,,1,On Roadway,2,Dark - Not Lighted,,,,,1,Clear,0,No,0000000,Not Applicable,6,6:00am-6:59am,28,28,6,6:00am-6:59am,35,35,99,Unknown,99,Unknown EMS Hospital Arrival Time,,,,,,,1,
2022,26,260018,Michigan,1,1,0,0,0,1,1,75,JACKSON (75),2764,LEONI,3,3,1,January,2022,2,Monday,8,8:00am-8:59am,23,23,1,This section IS ON the NHS,2,Urban,2,Principal Arterial - Other Freeways and Expressways,1,State Highway Agency,2,U.S. Highway,US-127,,21,21,42.22061944,42.22061944,-84.362527780,-84.36252778,0,No Special Jurisdiction,1,Rollover/Overturn,0,The First Harmful Event was Not a Collision with a Motor Vehicle in Transport,1,Yes,19,Other location within Interchange Area,1,Not an Intersection,0,None,,,3,On Median,1,Daylight,,,,,1,Clear,0,No,0000000,Not Applicable,8,8:00am-8:59am,25,25,8,8:00am-8:59am,30,30,88,"Not Applicable (Not Transported) ",88,Not Applicable (Not Transported),,,,,,,1,
2022,26,260019,Michigan,3,3,0,0,0,4,4,145,SAGINAW (145),0,NOT APPLICABLE,3,3,1,January,2022,2,Monday,21,9:00pm-9:59pm,7,7,1,This section IS ON the NHS,2,Urban,3,Principal Arterial - Other,1,State Highway Agency,3,State Highway,SR-47 MIDLAND RD,,42,42,43.46483333,43.46483333,-84.082108330,-84.08210833,0,No Special Jurisdiction,12,Motor Vehicle In-Transport,2,Front-to-Front,0,No,1,Non-Junction,1,Not an Intersection,0,None,,,1,On Roadway,3,Dark - Lighted,,,,,1,Clear,0,No,0000000,Not Applicable,99,Unknown,99,Unknown,99,Unknown EMS Scene Arrival Hour,99,Unknown EMS Scene Arrival Minutes,99,Unknown,99,Unknown EMS Hospital Arrival Time,,,,,,,1,
2022,26,260020,Michigan,3,3,0,0,0,3,3,35,CLARE (35),0,NOT APPLICABLE,22,22,1,January,2022,7,Saturday,13,1:00pm-1:59pm,22,22,1,This section IS ON the NHS,1,Rural,3,Principal Arterial - Other,1,State Highway Agency,3,State Highway,SR-115 CADILLAC DR,,33,33,43.94724722,43.94724722,-85.046863890,-85.04686389,0,No Special Jurisdiction,12,Motor Vehicle In-Transport,2,Front-to-Front,0,No,8,Driveway Access Related,1,Not an Intersection,0,None,,,1,On Roadway,1,Daylight,,,,,4,Snow,0,No,0000000,Not Applicable,13,1:00pm-1:59pm,21,21,13,1:00pm-1:59pm,39,39,99,Unknown,99,Unknown EMS Hospital Arrival Time,,,,,,,1,
2022,26,260021,Michigan,1,1,0,1,1,2,2,65,INGHAM (65),1430,EAST LANSING,18,18,1,January,2022,3,Tuesday,5,5:00am-5:59am,12,12,0,This section IS NOT on the NHS,2,Urban,7,Local,4,City or Municipal Highway Agency,6,Local Street - Municipality,WEST RD,,1,1,42.76653056,42.76653056,-84.508361110,-84.50836111,0,No Special Jurisdiction,8,Pedestrian,0,The First Harmful Event was Not a Collision with a Motor Vehicle in Transport,0,No,1,Non-Junction,1,Not an Intersection,0,None,,,1,On Roadway,2,Dark - Not Lighted,,,,,1,Clear,0,No,0000000,Not Applicable,99,Unknown,99,Unknown,99,Unknown EMS Scene Arrival Hour,99,Unknown EMS Scene Arrival Minutes,88,"Not Applicable (Not Transported) ",88,Not Applicable (Not Transported),,,,,,,1,
2022,26,260022,Michigan,2,2,0,0,0,5,5,93,LIVINGSTON (93),0,NOT APPLICABLE,22,22,1,January,2022,7,Saturday,22,10:00pm-10:59pm,51,51,0,This section IS NOT on the NHS,2,Urban,5,Major Collector,2,County Highway Agency,4,County Road,CR-S HACKER RD,S MCCLEMENTS RD,21,21,42.58735833,42.58735833,-83.800272220,-83.80027222,0,No Special Jurisdiction,12,Motor Vehicle In-Transport,6,Angle,0,No,2,Intersection,2,Four-Way Intersection,0,None,,,1,On Roadway,2,Dark - Not Lighted,,,,,4,Snow,0,No,0000000,Not Applicable,22,10:00pm-10:59pm,54,54,23,11:00pm-11:59pm,2,2,99,Unknown,99,Unknown EMS Hospital Arrival Time,,,,,,,2,