caseyear,state,st_case,statename,ve_total,ve_forms,pvh_invl,peds,pernotmvit,permvit,persons,county,countyname,city,cityname,day,dayname,month,monthname,year,day_week,day_weekname,hour,hourname,minute,minutename,nhs,nhsname,rur_urb,rur_urbname,func_sys,func_sysname,rd_owner,rd_ownername,route,routename,tway_id,tway_id2,milept,mileptname,latitude,latitudename,longitud,longitudname,sp_jur,sp_jurname,harm_ev,harm_evname,man_coll,man_collname,reljct1,reljct1name,reljct2,reljct2name,typ_int,typ_intname,wrk_zone,wrk_zonename,road_fnc,road_fncname,rel_road,rel_roadname,lgt_cond,lgt_condname,weather1,weather1name,weather2,weather2name,weather,weathername,sch_bus,sch_busname,rail,railname,not_hour,not_hourname,not_min,not_minname,arr_hour,arr_hourname,arr_min,arr_minname,hosp_hr,hosp_hrname,hosp_mn,hosp_mnname,cf1,cf1name,cf2,cf2name,cf3,cf3name,fatals,drunk_dr
2022,26,260023,Michigan,3,3,0,0,0,3,3,163,WAYNE (163),0,NOT APPLICABLE,5,5,1,January,2022,4,Wednesday,22,10:00pm-10:59pm,12,12,0,This section IS NOT on the NHS,2,Urban,4,Minor Arterial,2,County Highway Agency,4,County Road,CR-SIBLEY RD,,40,40,42.16653611,42.16653611,-83.322975000,-83.32297500,0,No Special Jurisdiction,12,Motor Vehicle In-Transport,1,Front-to-Rear,0,No,1,Non-Junction,1,Not an Intersection,0,None,,,1,On Roadway,2,Dark - Not Lighted,,,,,1,Clear,0,No,0000000,Not Applicable,22,10:00pm-10:59pm,13,13,22,10:00pm-10:59pm,19,19,99,Unknown,99,Unknown EMS Hospital Arrival Time,,,,,,,1,
2022,26,260024,Michigan,1,1,0,1,1,1,1,163,WAYNE (163),1260,DETROIT,22,22,1,January,2022,7,Saturday,18,6:00pm-6:59pm,55,55,1,This section IS ON the NHS,2,Urban,3,Principal Arterial - Other,1,State Highway Agency,3,State Highway,SR-102 8 MILE RD,,104,104,42.44655278,42.44655278,-83.117850000,-83.11785000,0,No Special Jurisdiction,9,Pedalcyclist,0,The First Harmful Event was Not a Collision with a Motor Vehicle in Transport,0,No,1,Non-Junction,1,Not an Intersection,0,None,,,1,On Roadway,2,Dark - Not Lighted,,,,,4,Snow,0,No,0000000,Not Applicable,99,Unknown,99,Unknown,99,Unknown EMS Scene Arrival Hour,99,Unknown EMS Scene Arrival Minutes,88,"Not Applicable (Not Transported) ",88,Not Applicable (Not Transported),,,,,,,1,
2022,26,260025,Michigan,1,1,0,1,1,1,1,163,WAYNE (163),1260,DETROIT,24,24,1,January,2022,2,Monday,0,0:00am-0:59am,33,33,1,This section IS ON the NHS,2,Urban,3,Principal Arterial - Other,2,County Highway Agency,4,County Road,CR-GREENFIELD RD,,103,103,42.41626111,42.41626111,-83.199272220,-83.19927222,0,No Special Jurisdiction,8,Pedestrian,0,The First Harmful Event was Not a Collision with a Motor Vehicle in Transport,0,No,1,Non-Junction,1,Not an Intersection,0,None,,,1,On Roadway,3,Dark - Lighted,,,,,1,Clear,0,No,0000000,Not Applicable,99,Unknown,99,Unknown,99,Unknown EMS Scene Arrival Hour,99,Unknown EMS Scene Arrival Minutes,88,"Not Applicable (Not Transported) ",88,Not Applicable (Not Transported),,,,,,,1,
2022,26,260026,Michigan,1,1,0,0,0,1,1,155,SHIAWASSEE (155),0,NOT APPLICABLE,14,14,1,January,2022,6,Friday,18,6:00pm-6:59pm,36,36,0,This section IS NOT on the NHS,1,Rural,5,Major Collector,2,County Highway Agency,4,County Road,CR-BENNINGTON RD,,9,9,42.93418611,42.93418611,-84.348083330,-84.34808333,0,No Special Jurisdiction,35,Embankment,0,The First Harmful Event was Not a Collision with a Motor Vehicle in Transport,0,No,1,Non-Junction,1,Not an Intersection,0,None,,,4,On Roadside,2,Dark - Not Lighted,,,,,1,Clear,0,No,0000000,Not Applicable,99,Unknown,99,Unknown,99,Unknown EMS Scene Arrival Hour,99,Unknown EMS Scene Arrival Minutes,99,Unknown,99,Unknown EMS Hospital Arrival Time,,,,,,,1,
2022,26,260027,Michigan,2,2,0,0,0,2,2,47,EMMET (47),0,NOT APPLICABLE,27,27,1,January,2022,5,Thursday,7,7:00am-7:59am,53,53,1,This section IS ON the NHS,1,Rural,3,Principal Arterial - Other,1,State Highway Agency,2,U.S. Highway,US-31 ODEN RD,,66,66,45.42392778,45.42392778,-84.856530560,-84.85653056,0,No Special Jurisdiction,12,Motor Vehicle In-Transport,2,Front-to-Front,0,No,1,Non-Junction,1,Not an Intersection,0,None,,,1,On Roadway,1,Daylight,,,,,4,Snow,0,No,0000000,Not Applicable,7,7:00am-7:59am,57,57,8,8:00am-8:59am,8,8,88,"Not Applicable (Not Transported) ",88,Not Applicable (Not Transported),,,,,,,1,
2022,26,260028,Michigan,3,3,0,0,0,3,3,17,BAY (17),0,NOT APPLICABLE,5,5,1,January,2022,4,Wednesday,14,2:00pm-2:59pm,2,2,1,This section IS ON the NHS,1,Rural,1,Interstate,1,State Highway Agency,1,Interstate,I-75,,253,253,43.86857222,43.86857222,-84.022141670,-84.02214167,0,No Special Jurisdiction,12,Motor Vehicle In-Transport,6,Angle,0,No,1,Non-Junction,1,Not an Intersection,0,None,,,1,On Roadway,1,Daylight,,,,,4,Snow,0,No,0000000,Not Applicable,99,Unknown,99,Unknown,99,Unknown EMS Scene Arrival Hour,99,Unknown EMS Scene Arrival Minutes,88,"Not Applicable (Not Transported) ",88,Not Applicable (Not Transported),,,,,,,1,
2022,26,260029,Michigan,1,1,0,0,0,1,1,163,WAYNE (163),1260,DETROIT,25,25,1,January,2022,3,Tuesday,15,3:00pm-3:59pm,42,42,0,This section IS NOT on the NHS,2,Urban,4,Minor Arterial,4,City or Municipal Highway Agency,6,Local Street - Municipality,HARPER AVE,,27,27,42.40038056,42.40038056,-82.978863890,-82.97886389,0,No Special Jurisdiction,30,Utility Pole/Light Support,0,The First Harmful Event was Not a Collision with a Motor Vehicle in Transport,0,No,1,Non-Junction,1,Not an Intersection,0,None,,,4,On Roadside,1,Daylight,,,,,10,Cloudy,0,No,0000000,Not Applicable,99,Unknown,99,Unknown,99,Unknown EMS Scene Arrival Hour,99,Unknown EMS Scene Arrival Minutes,99,Unknown,99,Unknown EMS Hospital Arrival Time,,,,,,,1,
2022,26,260030,Michigan,1,1,0,0,0,2,2,163,WAYNE (163),0,NOT APPLICABLE,29,29,1,January,2022,7,Saturday,0,0:00am-0:59am,30,30,0,This section IS NOT on the NHS,2,Urban,5,Major Collector,2,County Highway Agency,4,County Road,CR-KING RD,,43,43,42.15215556,42.15215556,-83.325200000,-83.32520000,0,No Special Jurisdiction,30,Utility Pole/Light Support,0,The First Harmful Event was Not a Collision with a Motor Vehicle in Transport,0,No,1,Non-Junction,1,Not an Intersection,0,None,,,4,On Roadside,3,Dark - Lighted,,,,,1,Clear,0,No,0000000,Not Applicable,0,0:00am-0:59am,32,32,0,0:00am-0:59am,40,40,88,"Not Applicable (Not Transported) ",88,Not Applicable (Not Transported),,,,,,,2,
2022,26,260031,Michigan,2,2,0,0,0,2,2,81,KENT (81),0,NOT APPLICABLE,27,27,1,January,2022,5,Thursday,18,6:00pm-6:59pm,2,2,0,This section IS NOT on the NHS,2,Urban,4,Minor Arterial,2,County Highway Agency,4,County Road,CR-FRUIT RIDGE AE NW,,21,21,43.04527778,43.04527778,-85.767852780,-85.76785278,0,No Special Jurisdiction,12,Motor Vehicle In-Transport,2,Front-to-Front,0,No,1,Non-Junction,1,Not an Intersection,0,None,,,1,On Roadway,2,Dark - Not Lighted,,,,,1,Clear,0,No,0000000,Not Applicable,18,6:00pm-6:59pm,6,6,99,Unknown EMS Scene Arrival Hour,99,Unknown EMS Scene Arrival Minutes,99,Unknown,99,Unknown EMS Hospital Arrival Time,,,,,,,1,
2022,26,260032,Michigan,1,1,0,1,1,1,1,77,KALAMAZOO (77),2520,KALAMAZOO,28,28,1,January,2022,6,Friday,18,6:00pm-6:59pm,31,31,0,This section IS NOT on the NHS,2,Urban,4,Minor Arterial,4,City or Municipal Highway Agency,6,Local Street - Municipality,S BURDICK ST,,3,3,42.24886667,42.24886667,-85.579936110,-85.57993611,0,No Special Jurisdiction,8,Pedestrian,0,The First Harmful Event was Not a Collision with a Motor Vehicle in Transport,0,No,1,Non-Junction,1,Not an Intersection,0,None,,,1,On Roadway,3,Dark - Lighted,,,,,1,Clear,0,No,0000000,Not Applicable,99,Unknown,99,Unknown,99,Unknown EMS Scene Arrival Hour,99,Unknown EMS Scene Arrival Minutes,99,Unknown,99,Unknown EMS Hospital Arrival Time,,,,,,,1,
2022,26,260033,Michigan,1,1,0,0,0,1,1,121,MUSKEGON (121),0,NOT APPLICABLE,30,30,1,January,2022,1,Sunday,6,6:00am-6:59am,59,59,0,This section IS NOT on the NHS,1,Rural,5,Major Collector,2,County Highway Agency,4,County Road,CR-HOLTON DUCK LAKE RD,,97,97,43.43662222,43.43662222,-86.079394440,-86.07939444,0,No Special Jurisdiction,42,Tree (Standing Only),0,The First Harmful Event was Not a Collision with a Motor Vehicle in Transport,0,No,1,Non-Junction,1,Not an Intersection,0,None,,,4,On Roadside,9,Reported as Unknown,,,,,99,Reported as Unknown,0,No,0000000,Not Applicable,7,7:00am-7:59am,1,1,7,7:00am-7:59am,18,18,88,"Not Applicable (Not Transported) ",88,Not Applicable (Not Transported),,,,,,,1,
2022,26,260034,Michigan,1,1,0,0,0,1,1,163,WAYNE (163),1260,DETROIT,7,7,1,January,2022,6,Friday,23,11:00pm-11:59pm,37,37,1,This section IS ON the NHS,2,Urban,3,Principal Arterial - Other,1,State Highway Agency,3,State Highway,SR-102 8 MILE RD,EXETER RD,110,110,42.44704722,42.44704722,-83.105088890,-83.10508889,0,No Special Jurisdiction,33,Curb,0,The First Harmful Event was Not a Collision with a Motor Vehicle in Transport,0,No,3,Intersection-Related,2,Four-Way Intersection,0,None,,,3,On Median,3,Dark - Lighted,,,,,1,Clear,0,No,0000000,Not Applicable,23,11:00pm-11:59pm,39,39,23,11:00pm-11:59pm,39,39,88,"Not Applicable (Not Transported) ",88,Not Applicable (Not Transported),,,,,,,1,
2022,26,260035,Michigan,2,2,0,0,0,2,2,163,WAYNE (163),1260,DETROIT,24,24,1,January,2022,2,Monday,2,2:00am-2:59am,50,50,1,This section IS ON the NHS,2,Urban,1,Interstate,1,State Highway Agency,1,Interstate,I-94,,24,24,42.35879167,42.35879167,-83.116522220,-83.11652222,0,No Special Jurisdiction,12,Motor Vehicle In-Transport,1,Front-to-Rear,0,No,1,Non-Junction,1,Not an Intersection,0,None,,,1,On Roadway,3,Dark - Lighted,,,,,10,Cloudy,0,No,0000000,Not Applicable,99,Unknown,99,Unknown,99,Unknown EMS Scene Arrival Hour,99,Unknown EMS Scene Arrival Minutes,99,Unknown,99,Unknown EMS Hospital Arrival Time,,,,,,,1,
2022,26,260036,Michigan,2,2,0,0,0,4,4,91,LENAWEE (91),4214,RIGA,8,8,1,January,2022,7,Saturday,16,4:00pm-4:59pm,45,45,0,This section IS NOT on the NHS,1,Rural,7,Local,2,County Highway Agency,4,County Road,CR-HORTON RD,LIPP HWY,40,40,41.80286389,41.80286389,-83.805375000,-83.80537500,0,No Special Jurisdiction,12,Motor Vehicle In-Transport,6,Angle,0,No,2,Intersection,2,Four-Way Intersection,0,None,,,1,On Roadway,1,Daylight,,,,,1,Clear,0,No,0000000,Not Applicable,16,4:00pm-4:59pm,47,47,16,4:00pm-4:59pm,54,54,99,Unknown,99,Unknown EMS Hospital Arrival Time,,,,,,,1,
2022,26,260037,Michigan,1,1,0,0,0,1,1,111,MIDLAND (111),0,NOT APPLICABLE,31,31,1,January,2022,2,Monday,6,6:00am-6:59am,39,39,0,This section IS NOT on the NHS,2,Urban,5,Major Collector,2,County Highway Agency,4,County Road,CR-E WHEELER RD,,1,1,43.64128611,43.64128611,-84.185944440,-84.18594444,0,No Special Jurisdiction,42,Tree (Standing Only),0,The First Harmful Event was Not a Collision with a Motor Vehicle in Transport,0,No,1,Non-Junction,1,Not an Intersection,0,None,,,4,On Roadside,2,Dark - Not Lighted,,,,,10,Cloudy,0,No,0000000,Not Applicable,99,Unknown,99,Unknown,99,Unknown EMS Scene Arrival Hour,99,Unknown EMS Scene Arrival Minutes,99,Unknown,99,Unknown EMS Hospital Arrival Time,,,,,,,1,
2022,26,260038,Michigan,1,1,0,1,1,1,1,81,KENT (81),5319,WYOMING,31,31,1,January,2022,2,Monday,19,7:00pm-7:59pm,46,46,1,This section IS ON the NHS,2,Urban,3,Principal Arterial - Other,4,City or Municipal Highway Agency,6,Local Street - Municipality,DIVISION AVE,54TH ST SW,73,73,42.86569444,42.86569444,-85.664169440,-85.66416944,0,No Special Jurisdiction,8,Pedestrian,0,The First Harmful Event was Not a Collision with a Motor Vehicle in Transport,0,No,3,Intersection-Related,2,Four-Way Intersection,0,None,,,1,On Roadway,3,Dark - Lighted,,,,,1,Clear,0,No,0000000,Not Applicable,19,7:00pm-7:59pm,47,47,19,7:00pm-7:59pm,55,55,88,"Not Applicable (Not Transported) ",88,Not Applicable (Not Transported),,,,,,,1,
2022,26,260039,Michigan,2,2,0,0,0,2,2,29,CHARLEVOIX (29),0,NOT APPLICABLE,7,7,1,January,2022,6,Friday,17,5:00pm-5:59pm,56,56,1,This section IS ON the NHS,2,Urban,3,Principal Arterial - Other,1,State Highway Agency,2,U.S. Highway,US-131,,118,118,45.27509444,45.27509444,-84.929166670,-84.92916667,0,No Special Jurisdiction,12,Motor Vehicle In-Transport,1,Front-to-Rear,0,No,1,Non-Junction,1,Not an Intersection,0,None,,,1,On Roadway,2,Dark - Not Lighted,,,,,4,Snow,0,No,0000000,Not Applicable,99,Unknown,99,Unknown,99,Unknown EMS Scene Arrival Hour,99,Unknown EMS Scene Arrival Minutes,99,Unknown,99,Unknown EMS Hospital Arrival Time,,,,,,,1,
2022,26,260040,Michigan,1,1,0,1,1,1,1,125,OAKLAND (125),1652,FARMINGTON HILLS,10,10,1,January,2022,2,Monday,6,6:00am-6:59am,49,49,0,This section IS NOT on the NHS,2,Urban,4,Minor Arterial,1,State Highway Agency,3,State Highway,SR-96,,145,145,42.46838889,42.46838889,-83.416819440,-83.41681944,0,No Special Jurisdiction,8,Pedestrian,0,The First Harmful Event was Not a Collision with a Motor Vehicle in Transport,1,Yes,18,Through Roadway,1,Not an Intersection,0,None,,,1,On Roadway,2,Dark - Not Lighted,,,,,1,Clear,0,No,0000000,Not Applicable,6,6:00am-6:59am,50,50,6,6:00am-6:59am,55,55,99,Unknown,99,Unknown EMS Hospital Arrival Time,,,,,,,1,
2022,26,260041,Michigan,2,2,0,0,0,3,3,117,MONTCALM (117),0,NOT APPLICABLE,9,9,1,January,2022,1,Sunday,8,8:00am-8:59am,24,24,1,This section IS ON the NHS,1,Rural,3,Principal Arterial - Other,1,State Highway Agency,3,State Highway,SR-46 HOWARD CITY EDMORE RD,,129,129,43.43090556,43.43090556,-85.222388890,-85.22238889,0,No Special Jurisdiction,12,Motor Vehicle In-Transport,6,Angle,0,No,1,Non-Junction,1,Not an Intersection,0,None,,,1,On Roadway,1,Daylight,,,,,10,Cloudy,0,No,0000000,Not Applicable,8,8:00am-8:59am,26,26,8,8:00am-8:59am,32,32,99,Unknown,99,Unknown EMS Hospital Arrival Time,,,,,,,1,
2022,26,260042,Michigan,2,2,0,0,0,3,3,17,BAY (17),0,NOT APPLICABLE,30,30,1,January,2022,1,Sunday,9,9:00am-9:59am,27,27,1,This section IS ON the NHS,1,Rural,1,Interstate,1,State Highway Agency,1,Interstate,I-75,,272,272,43.89558333,43.89558333,-84.020377780,-84.02037778,0,No Special Jurisdiction,24,Guardrail Face,0,The First Harmful Event was Not a Collision with a Motor Vehicle in Transport,0,No,1,Non-Junction,1,Not an Intersection,0,None,,,4,On Roadside,1,Daylight,,,,,4,Snow,0,No,0000000,Not Applicable,99,Unknown,99,Unknown,99,Unknown EMS Scene Arrival Hour,99,Unknown EMS Scene Arrival Minutes,99,Unknown,99,Unknown EMS Hospital Arrival Time,,,,,,,1,
2022,26,260043,Michigan,1,1,0,1,1,1,1,163,WAYNE (163),2430,INKSTER,21,21,1,January,2022,6,Friday,7,7:00am-7:59am,40,40,1,This section IS ON the NHS,2,Urban,3,Principal Arterial - Other,2,County Highway Agency,4,County Road,CR-MIDDLEBELT RD,,128,128,42.30291389,42.30291389,-83.330144440,-83.33014444,0,No Special Jurisdiction,8,Pedestrian,0,The First Harmful Event was Not a Collision with a Motor Vehicle in Transport,0,No,1,Non-Junction,1,Not an Intersection,0,None,,,1,On Roadway,3,Dark - Lighted,,,,,1,Clear,0,No,0000000,Not Applicable,99,Unknown,99,Unknown,99,Unknown EMS Scene Arrival Hour,99,Unknown EMS Scene Arrival Minutes,88,"Not Applicable (Not Transported) ",88,Not Applicable (Not Transported),,,,,,,1,
2022,26,260044,Michigan,1,1,0,0,0,1,1,1,ALCONA (1),0,NOT APPLICABLE,15,15,1,January,2022,7,Saturday,3,3:00am-3:59am,30,30,0,This section IS NOT on the NHS,1,Rural,7,Local,2,County Highway Agency,4,County Road,CR-VANDERCOOK RD,,41,41,44.55460556,44.55460556,-83.492877780,-83.49287778,0,No Special Jurisdiction,42,Tree (Standing Only),0,The First Harmful Event was Not a Collision with a Motor Vehicle in Transport,0,No,1,Non-Junction,1,Not an Intersection,0,None,,,4,On Roadside,3,Dark - Lighted,,,,,1,Clear,0,No,0000000,Not Applicable,99,Unknown,99,Unknown,99,Unknown EMS Scene Arrival Hour,99,Unknown EMS Scene Arrival Minutes,88,"Not Applicable (Not Transported) ",88,Not Applicable (Not Transported),,,,,,,1,
2022,26,260045,Michigan,1,1,0,1,1,1,1,147,ST. CLAIR (147),0,NOT APPLICABLE,12,12,1,January,2022,4,Wednesday,7,7:00am-7:59am,13,13,0,This section IS NOT on the NHS,2,Urban,4,Minor Arterial,2,County Highway Agency,4,County Road,CR-DOVE RD,,22,22,42.95168056,42.95168056,-82.457125000,-82.45712500,0,No Special Jurisdiction,8,Pedestrian,0,The First Harmful Event was Not a Collision with a Motor Vehicle in Transport,0,No,1,Non-Junction,1,Not an Intersection,0,None,,,1,On Roadway,2,Dark - Not Lighted,,,,,1,Clear,0,No,0000000,Not Applicable,7,7:00am-7:59am,14,14,7,7:00am-7:59am,18,18,88,"Not Applicable (Not Transported) ",88,Not Applicable (Not Transported),,,,,,,1,
2022,26,260046,Michigan,3,2,1,0,1,2,3,107,MECOSTA (107),0,NOT APPLICABLE,8,8,1,January,2022,7,Saturday,23,11:00pm-11:59pm,47,47,1,This section IS ON the NHS,1,Rural,2,Principal Arterial - Other Freeways and Expressways,1,State Highway Agency,2,U.S. Highway,US-131,,66,66,43.56569444,43.56569444,-85.490644440,-85.49064444,0,No Special Jurisdiction,14,Parked Motor Vehicle,0,The First Harmful Event was Not a Collision with a Motor Vehicle in Transport,0,No,1,Non-Junction,1,Not an Intersection,0,None,,,2,On Shoulder,2,Dark - Not Lighted,,,,,2,Rain,0,No,0000000,Not Applicable,99,Unknown,99,Unknown,99,Unknown EMS Scene Arrival Hour,99,Unknown EMS Scene Arrival Minutes,99,Unknown,99,Unknown EMS Hospital Arrival Time,,,,,,,1,
2022,26,260047,Michigan,1,1,0,0,0,1,1,19,BENZIE (19),0,NOT APPLICABLE,7,7,1,January,2022,6,Friday,13,1:00pm-1:59pm,58,58,0,This section IS NOT on the NHS,1,Rural,5,Major Collector,2,County Highway Agency,4,County Road,CR-LINDY RD,,57,57,44.52007778,44.52007778,-85.880541670,-85.88054167,0,No Special Jurisdiction,42,Tree (Standing Only),0,The First Harmful Event was Not a Collision with a Motor Vehicle in Transport,0,No,1,Non-Junction,1,Not an Intersection,0,None,,,4,On Roadside,1,Daylight,,,,,10,Cloudy,0,No,0000000,Not Applicable,14,2:00pm-2:59pm,1,1,14,2:00pm-2:59pm,12,12,99,Unknown,99,Unknown EMS Hospital Arrival Time,,,,,,,1,
2022,26,260048,Michigan,2,2,0,0,0,3,3,77,KALAMAZOO (77),1084,COMSTOCK,14,14,1,January,2022,6,Friday,22,10:00pm-10:59pm,35,35,1,This section IS ON the NHS,2,Urban,3,Principal Arterial - Other,2,County Highway Agency,4,County Road,CR-SPRINKLE RD,,99,99,42.31440278,42.31440278,-85.521552780,-85.52155278,0,No Special Jurisdiction,12,Motor Vehicle In-Transport,2,Front-to-Front,0,No,1,Non-Junction,1,Not an Intersection,0,None,,,1,On Roadway,3,Dark - Lighted,,,,,1,Clear,0,No,0000000,Not Applicable,22,10:00pm-10:59pm,35,35,22,10:00pm-10:59pm,51,51,99,Unknown,99,Unknown EMS Hospital Arrival Time,,,,,,,1,
2022,26,260049,Michigan,2,2,0,0,0,2,2,125,OAKLAND (125),510,BLOOMFIELD HILLS,16,16,1,January,2022,1,Sunday,10,10:00am-10:59am,26,26,0,This section IS NOT on the NHS,2,Urban,5,Major Collector,4,City or Municipal Highway Agency,6,Local Street - Municipality,KENSINGTON RD,LONG LAKE RD,10,10,42.58669167,42.58669167,-83.236183330,-83.23618333,0,No Special Jurisdiction,12,Motor Vehicle In-Transport,6,Angle,0,No,2,Intersection,2,Four-Way Intersection,0,None,,,1,On Roadway,1,Daylight,,,,,1,Clear,0,No,0000000,Not Applicable,10,10:00am-10:59am,26,26,10,10:00am-10:59am,26,26,99,Unknown,99,Unknown EMS Hospital Arrival Time,,,,,,,1,
2022,26,260050,Michigan,1,1,0,0,0,1,1,163,WAYNE (163),1260,DETROIT,14,14,1,January,2022,6,Friday,11,11:00am-11:59am,54,54,0,This section IS NOT on the NHS,2,Urban,7,Local,4,City or Municipal Highway Agency,6,Local Street - Municipality,ALEXANDRINE ST,,7,7,42.35797778,42.35797778,-83.039897220,-83.03989722,0,No Special Jurisdiction,40,Fire Hydrant,0,The First Harmful Event was Not a Collision with a Motor Vehicle in Transport,0,No,1,Non-Junction,1,Not an Intersection,0,None,,,4,On Roadside,1,Daylight,,,,,1,Clear,0,No,0000000,Not Applicable,99,Unknown,99,Unknown,99,Unknown EMS Scene Arrival Hour,99,Unknown EMS Scene Arrival Minutes,99,Unknown,99,Unknown EMS Hospital Arrival Time,,,,,,,1,
2022,26,260051,Michigan,2,2,0,0,0,3,3,117,MONTCALM (117),0,NOT APPLICABLE,17,17,1,January,2022,2,Monday,13,1:00pm-1:59pm,23,23,0,This section IS NOT on the NHS,1,Rural,5,Major Collector,2,County Highway Agency,4,County Road,CR-SIDNEY RD,,42,42,43.24979444,43.24979444,-85.227905560,-85.22790556,0,No Special Jurisdiction,12,Motor Vehicle In-Transport,2,Front-to-Front,0,No,1,Non-Junction,1,Not an Intersection,0,None,,,1,On Roadway,1,Daylight,,,,,10,Cloudy,0,No,0000000,Not Applicable,13,1:00pm-1:59pm,23,23,13,1:00pm-1:59pm,31,31,99,Unknown,99,Unknown EMS Hospital Arrival Time,,,,,,,2,
2022,26,260052,Michigan,1,1,0,0,0,1,1,39,CRAWFORD (39),0,NOT APPLICABLE,12,12,1,January,2022,4,Wednesday,20,8:00pm-8:59pm,37,37,1,This section IS ON the NHS,1,Rural,2,Principal Arterial - Other Freeways and Expressways,1,State Highway Agency,2,U.S. Highway,US-127,,42,42,44.56246667,44.56246667,-84.726197220,-84.72619722,0,No Special Jurisdiction,1,Rollover/Overturn,0,The First Harmful Event was Not a Collision with a Motor Vehicle in Transport,0,No,1,Non-Junction,1,Not an Intersection,0,None,,,4,On Roadside,2,Dark - Not Lighted,,,,,1,Clear,0,No,0000000,Not Applicable,99,Unknown,98,Unknown if Notified,99,Unknown EMS Scene Arrival Hour,98,Unknown if Arrived,88,"Not Applicable (Not Transported) ",88,Not Applicable (Not Transported),,,,,,,1,
2022,26,260053,Michigan,2,2,0,0,0,2,2,87,LAPEER (87),0,NOT APPLICABLE,2,2,2,February,2022,4,Wednesday,15,3:00pm-3:59pm,22,22,1,This section IS ON the NHS,1,Rural,3,Principal Arterial - Other,1,State Highway Agency,3,State Highway,SR-53 VAN DYKE RD,,60,60,42.97323889,42.97323889,-83.057780560,-83.05778056,0,No Special Jurisdiction,12,Motor Vehicle In-Transport,2,Front-to-Front,0,No,1,Non-Junction,1,Not an Intersection,0,None,,,1,On Roadway,1,Daylight,,,,,11,Blowing Snow,0,No,0000000,Not Applicable,15,3:00pm-3:59pm,26,26,15,3:00pm-3:59pm,30,30,99,Unknown,99,Unknown EMS Hospital Arrival Time,,,,,,,1,
2022,26,260054,Michigan,1,1,0,0,0,1,1,117,MONTCALM (117),0,NOT APPLICABLE,5,5,2,February,2022,7,Saturday,1,1:00am-1:59am,44,44,0,This section IS NOT on the NHS,1,Rural,5,Major Collector,2,County Highway Agency,4,County Road,CR-S JOHNSON RD,,23,23,43.28271389,43.28271389,-85.302377780,-85.30237778,0,No Special Jurisdiction,42,Tree (Standing Only),0,The First Harmful Event was Not a Collision with a Motor Vehicle in Transport,0,No,1,Non-Junction,1,Not an Intersection,0,None,,,4,On Roadside,2,Dark - Not Lighted,,,,,4,Snow,0,No,0000000,Not Applicable,1,1:00am-1:59am,58,58,2,2:00am-2:59am,5,5,88,"Not Applicable (Not Transported) ",88,Not Applicable (Not Transported),,,,,,,1,
2022,26,260055,Michigan,2,2,0,0,0,2,2,57,GRATIOT (57),0,NOT APPLICABLE,21,21,1,January,2022,6,Friday,5,5:00am-5:59am,52,52,1,This section IS ON the NHS,1,Rural,3,Principal Arterial - Other,1,State Highway Agency,3,State Highway,SR-46 MONROE RD,,169,169,43.40796389,43.40796389,-84.507530560,-84.50753056,0,No Special Jurisdiction,12,Motor Vehicle In-Transport,6,Angle,0,No,1,Non-Junction,1,Not an Intersection,0,None,,,1,On Roadway,2,Dark - Not Lighted,,,,,1,Clear,0,No,0000000,Not Applicable,99,Unknown,99,Unknown,99,Unknown EMS Scene Arrival Hour,99,Unknown EMS Scene Arrival Minutes,99,Unknown,99,Unknown EMS Hospital Arrival Time,,,,,,,1,
2022,26,260056,Michigan,1,1,0,0,0,1,1,99,MACOMB (99),1009,CLINTON TOWNSHIP,1,1,2,February,2022,3,Tuesday,21,9:00pm-9:59pm,5,5,0,This section IS NOT on the NHS,2,Urban,7,Local,2,County Highway Agency,4,County Road,CR-EGAN ST,CARLIER ST,1,1,42.56370556,42.56370556,-82.914122220,-82.91412222,0,No Special Jurisdiction,1,Rollover/Overturn,0,The First Harmful Event was Not a Collision with a Motor Vehicle in Transport,0,No,3,Intersection-Related,3,T-Intersection,0,None,,,4,On Roadside,3,Dark - Lighted,,,,,2,Rain,0,No,0000000,Not Applicable,21,9:00pm-9:59pm,5,5,21,9:00pm-9:59pm,9,9,99,Unknown,99,Unknown EMS Hospital Arrival Time,,,,,,,1,
2022,26,260057,Michigan,1,1,0,0,0,1,1,145,SAGINAW (145),0,NOT APPLICABLE,3,3,2,February,2022,5,Thursday,20,8:00pm-8:59pm,28,28,0,This section IS NOT on the NHS,1,Rural,7,Local,2,County Highway Agency,4,County Road,CR-GRABOWSKI RD,,48,48,43.31954167,43.31954167,-84.194225000,-84.19422500,0,No Special Jurisdiction,42,Tree (Standing Only),0,The First Harmful Event was Not a Collision with a Motor Vehicle in Transport,0,No,1,Non-Junction,1,Not an Intersection,0,None,,,4,On Roadside,2,Dark - Not Lighted,,,,,4,Snow,0,No,0000000,Not Applicable,99,Unknown,99,Unknown,99,Unknown EMS Scene Arrival Hour,99,Unknown EMS Scene Arrival Minutes,88,"Not Applicable (Not Transported) ",88,Not Applicable (Not Transported),,,,,,,1,