caseyear,state,st_case,statename,ve_total,ve_forms,pvh_invl,peds,pernotmvit,permvit,persons,county,countyname,city,cityname,day,dayname,month,monthname,year,day_week,day_weekname,hour,hourname,minute,minutename,nhs,nhsname,rur_urb,rur_urbname,func_sys,func_sysname,rd_owner,rd_ownername,route,routename,tway_id,tway_id2,milept,mileptname,latitude,latitudename,longitud,longitudname,sp_jur,sp_jurname,harm_ev,harm_evname,man_coll,man_collname,reljct1,reljct1name,reljct2,reljct2name,typ_int,typ_intname,wrk_zone,wrk_zonename,road_fnc,road_fncname,rel_road,rel_roadname,lgt_cond,lgt_condname,weather1,weather1name,weather2,weather2name,weather,weathername,sch_bus,sch_busname,rail,railname,not_hour,not_hourname,not_min,not_minname,arr_hour,arr_hourname,arr_min,arr_minname,hosp_hr,hosp_hrname,hosp_mn,hosp_mnname,cf1,cf1name,cf2,cf2name,cf3,cf3name,fatals,drunk_dr
2022,26,260644,Michigan,1,1,0,0,0,1,1,65,INGHAM (65),0,NOT APPLICABLE,30,30,9,September,2022,6,Friday,14,2:00pm-2:59pm,34,34,0,This section IS NOT on the NHS,1,Rural,7,Local,2,County Highway Agency,4,County Road,CR-DAKIN RD,,3,3,42.54146667,42.54146667,-84.319555560,-84.31955556,0,No Special Jurisdiction,42,Tree (Standing Only),0,The First Harmful Event was Not a Collision with a Motor Vehicle in Transport,0,No,1,Non-Junction,1,Not an Intersection,0,None,,,4,On Roadside,1,Daylight,,,,,1,Clear,0,No,0000000,Not Applicable,14,2:00pm-2:59pm,35,35,14,2:00pm-2:59pm,41,41,88,"Not Applicable (Not Transported) ",88,Not Applicable (Not Transported),,,,,,,1,
2022,26,260645,Michigan,1,1,0,0,0,1,1,147,ST. CLAIR (147),4060,PORT HURON,27,27,8,August,2022,7,Saturday,14,2:00pm-2:59pm,27,27,0,This section IS NOT on the NHS,2,Urban,5,Major Collector,4,City or Municipal Highway Agency,6,Local Street - Municipality,13TH ST,,11,11,42.97872500,42.97872500,-82.438266670,-82.43826667,0,No Special Jurisdiction,33,Curb,0,The First Harmful Event was Not a Collision with a Motor Vehicle in Transport,0,No,1,Non-Junction,1,Not an Intersection,0,None,,,4,On Roadside,1,Daylight,,,,,1,Clear,0,No,0000000,Not Applicable,99,Unknown,98,Unknown if Notified,99,Unknown EMS Scene Arrival Hour,98,Unknown if Arrived,88,"Not Applicable (Not Transported) ",88,Not Applicable (Not Transported),,,,,,,1,
2022,26,260646,Michigan,2,2,0,0,0,2,2,163,WAYNE (163),1260,DETROIT,29,29,9,September,2022,5,Thursday,18,6:00pm-6:59pm,3,3,1,This section IS ON the NHS,2,Urban,3,Principal Arterial - Other,2,County Highway Agency,4,County Road,CR-7 MILE RD,WISCONSIN ST,141,141,42.43138056,42.43138056,-83.157680560,-83.15768056,0,No Special Jurisdiction,12,Motor Vehicle In-Transport,2,Front-to-Front,0,No,2,Intersection,2,Four-Way Intersection,0,None,,,1,On Roadway,1,Daylight,,,,,1,Clear,0,No,0000000,Not Applicable,99,Unknown,99,Unknown,99,Unknown EMS Scene Arrival Hour,99,Unknown EMS Scene Arrival Minutes,88,"Not Applicable (Not Transported) ",88,Not Applicable (Not Transported),,,,,,,1,
2022,26,260647,Michigan,2,2,0,0,0,2,2,45,EATON (45),0,NOT APPLICABLE,19,19,8,August,2022,6,Friday,14,2:00pm-2:59pm,5,5,0,This section IS NOT on the NHS,2,Urban,7,Local,4,City or Municipal Highway Agency,4,County Road,CR-SAGINAW HWY,,111,111,42.74098889,42.74098889,-84.775116670,-84.77511667,0,No Special Jurisdiction,12,Motor Vehicle In-Transport,1,Front-to-Rear,0,No,1,Non-Junction,1,Not an Intersection,0,None,,,1,On Roadway,1,Daylight,,,,,1,Clear,0,No,0000000,Not Applicable,14,2:00pm-2:59pm,5,5,14,2:00pm-2:59pm,11,11,99,Unknown,99,Unknown EMS Hospital Arrival Time,,,,,,,1,
2022,26,260648,Michigan,1,1,0,0,0,1,1,55,GRAND TRAVERSE (55),0,NOT APPLICABLE,21,21,8,August,2022,1,Sunday,20,8:00pm-8:59pm,45,45,0,This section IS NOT on the NHS,2,Urban,4,Minor Arterial,2,County Highway Agency,4,County Road,CR-LONG LAKE RD,,106,106,44.75159444,44.75159444,-85.670697220,-85.67069722,0,No Special Jurisdiction,31,"Post, Pole or Other Supports",0,The First Harmful Event was Not a Collision with a Motor Vehicle in Transport,0,No,1,Non-Junction,1,Not an Intersection,0,None,,,4,On Roadside,5,Dusk,,,,,1,Clear,0,No,0000000,Not Applicable,99,Unknown,99,Unknown,99,Unknown EMS Scene Arrival Hour,99,Unknown EMS Scene Arrival Minutes,99,Unknown,99,Unknown EMS Hospital Arrival Time,,,,,,,1,
2022,26,260649,Michigan,1,1,0,1,1,1,1,147,ST. CLAIR (147),0,NOT APPLICABLE,30,30,8,August,2022,3,Tuesday,22,10:00pm-10:59pm,48,48,0,This section IS NOT on the NHS,2,Urban,4,Minor Arterial,2,County Highway Agency,4,County Road,CR-DOVE RD,,15,15,42.95160278,42.95160278,-82.471077780,-82.47107778,0,No Special Jurisdiction,8,Pedestrian,0,The First Harmful Event was Not a Collision with a Motor Vehicle in Transport,0,No,1,Non-Junction,1,Not an Intersection,0,None,,,1,On Roadway,2,Dark - Not Lighted,,,,,1,Clear,0,No,0000000,Not Applicable,22,10:00pm-10:59pm,50,50,22,10:00pm-10:59pm,56,56,88,"Not Applicable (Not Transported) ",88,Not Applicable (Not Transported),,,,,,,1,
2022,26,260650,Michigan,1,1,0,0,0,1,1,99,MACOMB (99),5110,WARREN,22,22,8,August,2022,2,Monday,3,3:00am-3:59am,45,45,1,This section IS ON the NHS,2,Urban,3,Principal Arterial - Other,1,State Highway Agency,3,State Highway,SR-102 8 MILE RD,GROESBECK HWY,41,41,42.44937500,42.44937500,-83.002375000,-83.00237500,0,No Special Jurisdiction,30,Utility Pole/Light Support,0,The First Harmful Event was Not a Collision with a Motor Vehicle in Transport,0,No,3,Intersection-Related,2,Four-Way Intersection,0,None,,,3,On Median,3,Dark - Lighted,,,,,1,Clear,0,No,0000000,Not Applicable,99,Unknown,98,Unknown if Notified,99,Unknown EMS Scene Arrival Hour,98,Unknown if Arrived,88,"Not Applicable (Not Transported) ",88,Not Applicable (Not Transported),,,,,,,1,
2022,26,260651,Michigan,2,2,0,0,0,3,3,163,WAYNE (163),1720,FLAT ROCK,10,10,8,August,2022,4,Wednesday,12,12:00pm-12:59pm,13,13,1,This section IS ON the NHS,2,Urban,3,Principal Arterial - Other,1,State Highway Agency,3,State Highway,SR-24 TELEGRAPH RD,,10,10,42.10819167,42.10819167,-83.286030560,-83.28603056,0,No Special Jurisdiction,12,Motor Vehicle In-Transport,6,Angle,0,No,8,Driveway Access Related,1,Not an Intersection,0,None,,,1,On Roadway,1,Daylight,,,,,1,Clear,0,No,0000000,Not Applicable,12,12:00pm-12:59pm,16,16,12,12:00pm-12:59pm,19,19,99,Unknown,99,Unknown EMS Hospital Arrival Time,,,,,,,1,
2022,26,260652,Michigan,1,1,0,1,1,1,1,163,WAYNE (163),4166,REDFORD TOWNSHIP,15,15,8,August,2022,2,Monday,22,10:00pm-10:59pm,42,42,1,This section IS ON the NHS,2,Urban,3,Principal Arterial - Other,1,State Highway Agency,2,U.S. Highway,US-24 TELEGRAPH RD,5 MILE RD,214,214,42.40021667,42.40021667,-83.276433330,-83.27643333,0,No Special Jurisdiction,9,Pedalcyclist,0,The First Harmful Event was Not a Collision with a Motor Vehicle in Transport,0,No,3,Intersection-Related,2,Four-Way Intersection,0,None,,,1,On Roadway,3,Dark - Lighted,,,,,1,Clear,0,No,0000000,Not Applicable,22,10:00pm-10:59pm,42,42,22,10:00pm-10:59pm,48,48,99,Unknown,99,Unknown EMS Hospital Arrival Time,,,,,,,1,
2022,26,260653,Michigan,1,1,0,0,0,1,1,83,KEWEENAW (83),97,ALLOUEZ,2,2,8,August,2022,3,Tuesday,16,4:00pm-4:59pm,15,15,0,This section IS NOT on the NHS,1,Rural,5,Major Collector,2,County Highway Agency,4,County Road,CR-MOHAWK GAY RD,,1,1,47.28727222,47.28727222,-88.320958330,-88.32095833,0,No Special Jurisdiction,1,Rollover/Overturn,0,The First Harmful Event was Not a Collision with a Motor Vehicle in Transport,0,No,1,Non-Junction,1,Not an Intersection,0,None,,,4,On Roadside,1,Daylight,,,,,1,Clear,0,No,0000000,Not Applicable,99,Unknown,98,Unknown if Notified,99,Unknown EMS Scene Arrival Hour,98,Unknown if Arrived,88,"Not Applicable (Not Transported) ",88,Not Applicable (Not Transported),,,,,,,1,
2022,26,260654,Michigan,1,1,0,0,0,1,1,93,LIVINGSTON (93),2211,HARTLAND,20,20,8,August,2022,7,Saturday,1,1:00am-1:59am,47,47,0,This section IS NOT on the NHS,2,Urban,4,Minor Arterial,2,County Highway Agency,4,County Road,CR-OLD US 23,,138,138,42.62168333,42.62168333,-83.751794440,-83.75179444,0,No Special Jurisdiction,43,Other Fixed Object,0,The First Harmful Event was Not a Collision with a Motor Vehicle in Transport,0,No,1,Non-Junction,1,Not an Intersection,0,None,,,4,On Roadside,2,Dark - Not Lighted,,,,,1,Clear,0,No,0000000,Not Applicable,99,Unknown,99,Unknown,99,Unknown EMS Scene Arrival Hour,99,Unknown EMS Scene Arrival Minutes,88,"Not Applicable (Not Transported) ",88,Not Applicable (Not Transported),,,,,,,1,
2022,26,260655,Michigan,1,1,0,0,0,1,1,131,ONTONAGON (131),2059,GREENLAND,26,26,8,August,2022,6,Friday,3,3:00am-3:59am,44,44,0,This section IS NOT on the NHS,1,Rural,4,Minor Arterial,1,State Highway Agency,3,State Highway,SR-38,,20,20,46.77029444,46.77029444,-89.010975000,-89.01097500,0,No Special Jurisdiction,42,Tree (Standing Only),0,The First Harmful Event was Not a Collision with a Motor Vehicle in Transport,0,No,1,Non-Junction,1,Not an Intersection,0,None,,,4,On Roadside,2,Dark - Not Lighted,,,,,5,"Fog, Smog, Smoke",0,No,0000000,Not Applicable,99,Unknown,99,Unknown,99,Unknown EMS Scene Arrival Hour,99,Unknown EMS Scene Arrival Minutes,88,"Not Applicable (Not Transported) ",88,Not Applicable (Not Transported),,,,,,,1,
2022,26,260656,Michigan,2,2,0,0,0,3,3,125,OAKLAND (125),512,BLOOMFIELD VILLAGE,9,9,8,August,2022,3,Tuesday,14,2:00pm-2:59pm,49,49,1,This section IS ON the NHS,2,Urban,3,Principal Arterial - Other,1,State Highway Agency,2,U.S. Highway,US-25 S TELEGRAPH RD,ROSE BLVD,47,47,42.60989722,42.60989722,-83.302266670,-83.30226667,0,No Special Jurisdiction,12,Motor Vehicle In-Transport,6,Angle,0,No,2,Intersection,2,Four-Way Intersection,0,None,,,1,On Roadway,1,Daylight,,,,,1,Clear,0,No,0000000,Not Applicable,14,2:00pm-2:59pm,50,50,14,2:00pm-2:59pm,54,54,99,Unknown,99,Unknown EMS Hospital Arrival Time,,,,,,,1,
2022,26,260657,Michigan,1,1,0,1,1,1,1,5,ALLEGAN (5),0,NOT APPLICABLE,12,12,8,August,2022,6,Friday,8,8:00am-8:59am,0,0,0,This section IS NOT on the NHS,1,Rural,5,Major Collector,2,County Highway Agency,4,County Road,CR-102ND AVE,,14,14,42.43344167,42.43344167,-86.101986110,-86.10198611,0,No Special Jurisdiction,9,Pedalcyclist,0,The First Harmful Event was Not a Collision with a Motor Vehicle in Transport,0,No,1,Non-Junction,1,Not an Intersection,0,None,,,1,On Roadway,1,Daylight,,,,,1,Clear,0,No,0000000,Not Applicable,99,Unknown,99,Unknown,99,Unknown EMS Scene Arrival Hour,99,Unknown EMS Scene Arrival Minutes,88,"Not Applicable (Not Transported) ",88,Not Applicable (Not Transported),,,,,,,1,
2022,26,260658,Michigan,1,1,0,1,1,1,1,77,KALAMAZOO (77),2520,KALAMAZOO,27,27,8,August,2022,7,Saturday,2,2:00am-2:59am,47,47,0,This section IS NOT on the NHS,2,Urban,4,Minor Arterial,4,City or Municipal Highway Agency,6,Local Street - Municipality,MICHIGAN AVE,,12,12,42.28129722,42.28129722,-85.622713890,-85.62271389,0,No Special Jurisdiction,8,Pedestrian,0,The First Harmful Event was Not a Collision with a Motor Vehicle in Transport,0,No,1,Non-Junction,1,Not an Intersection,0,None,,,1,On Roadway,3,Dark - Lighted,,,,,1,Clear,0,No,0000000,Not Applicable,99,Unknown,99,Unknown,99,Unknown EMS Scene Arrival Hour,99,Unknown EMS Scene Arrival Minutes,99,Unknown,99,Unknown EMS Hospital Arrival Time,,,,,,,1,
2022,26,260659,Michigan,2,2,0,0,0,2,2,125,OAKLAND (125),4340,ROYAL OAK,4,4,9,September,2022,1,Sunday,22,10:00pm-10:59pm,55,55,1,This section IS ON the NHS,2,Urban,1,Interstate,1,State Highway Agency,1,Interstate,I-75 RAMP 019G,,0,None,42.47592222,42.47592222,-83.117255560,-83.11725556,0,No Special Jurisdiction,12,Motor Vehicle In-Transport,1,Front-to-Rear,1,Yes,5,Entrance/Exit Ramp Related,1,Not an Intersection,4,"Work Zone, Type Unknown",,,1,On Roadway,2,Dark - Not Lighted,,,,,1,Clear,0,No,0000000,Not Applicable,99,Unknown,99,Unknown,99,Unknown EMS Scene Arrival Hour,99,Unknown EMS Scene Arrival Minutes,99,Unknown,99,Unknown EMS Hospital Arrival Time,,,,,,,1,
2022,26,260660,Michigan,1,1,0,0,0,1,1,81,KENT (81),2010,GRAND RAPIDS,3,3,9,September,2022,7,Saturday,3,3:00am-3:59am,42,42,1,This section IS ON the NHS,2,Urban,3,Principal Arterial - Other,1,State Highway Agency,3,State Highway,SR-11 28TH ST SE,,131,131,42.91284444,42.91284444,-85.640750000,-85.64075000,0,No Special Jurisdiction,40,Fire Hydrant,0,The First Harmful Event was Not a Collision with a Motor Vehicle in Transport,0,No,1,Non-Junction,1,Not an Intersection,0,None,,,4,On Roadside,3,Dark - Lighted,,,,,1,Clear,0,No,0000000,Not Applicable,3,3:00am-3:59am,42,42,3,3:00am-3:59am,52,52,99,Unknown,99,Unknown EMS Hospital Arrival Time,,,,,,,1,
2022,26,260661,Michigan,2,2,0,0,0,2,2,107,MECOSTA (107),0,NOT APPLICABLE,12,12,9,September,2022,2,Monday,20,8:00pm-8:59pm,55,55,1,This section IS ON the NHS,1,Rural,2,Principal Arterial - Other Freeways and Expressways,1,State Highway Agency,2,U.S. Highway,US-131,,23,23,43.50039167,43.50039167,-85.486741670,-85.48674167,0,No Special Jurisdiction,12,Motor Vehicle In-Transport,1,Front-to-Rear,0,No,1,Non-Junction,1,Not an Intersection,0,None,,,1,On Roadway,2,Dark - Not Lighted,,,,,1,Clear,0,No,0000000,Not Applicable,20,8:00pm-8:59pm,58,58,21,9:00pm-9:59pm,1,1,99,Unknown,99,Unknown EMS Hospital Arrival Time,,,,,,,1,
2022,26,260662,Michigan,1,1,0,0,0,1,1,21,BERRIEN (21),0,NOT APPLICABLE,9,9,8,August,2022,3,Tuesday,6,6:00am-6:59am,15,15,0,This section IS NOT on the NHS,1,Rural,5,Major Collector,1,State Highway Agency,3,State Highway,SR-140 WATERVLIET RD,EUREKA RD,10,10,41.99922222,41.99922222,-86.261563890,-86.26156389,0,No Special Jurisdiction,1,Rollover/Overturn,0,The First Harmful Event was Not a Collision with a Motor Vehicle in Transport,0,No,3,Intersection-Related,2,Four-Way Intersection,0,None,,,4,On Roadside,4,Dawn,,,,,5,"Fog, Smog, Smoke",0,No,0000000,Not Applicable,6,6:00am-6:59am,17,17,6,6:00am-6:59am,30,30,88,"Not Applicable (Not Transported) ",88,Not Applicable (Not Transported),,,,,,,1,
2022,26,260663,Michigan,2,2,0,0,0,2,2,163,WAYNE (163),1260,DETROIT,7,7,8,August,2022,1,Sunday,2,2:00am-2:59am,15,15,1,This section IS ON the NHS,2,Urban,1,Interstate,1,State Highway Agency,1,Interstate,I-94,,262,262,42.35125556,42.35125556,-83.096108330,-83.09610833,0,No Special Jurisdiction,12,Motor Vehicle In-Transport,1,Front-to-Rear,1,Yes,18,Through Roadway,1,Not an Intersection,4,"Work Zone, Type Unknown",,,1,On Roadway,3,Dark - Lighted,,,,,1,Clear,0,No,0000000,Not Applicable,99,Unknown,99,Unknown,2,2:00am-2:59am,36,36,88,"Not Applicable (Not Transported) ",88,Not Applicable (Not Transported),,,,,,,1,
2022,26,260664,Michigan,1,1,0,0,0,1,1,115,MONROE (115),2723,LA SALLE,14,14,9,September,2022,4,Wednesday,21,9:00pm-9:59pm,46,46,0,This section IS NOT on the NHS,1,Rural,4,Minor Arterial,2,County Highway Agency,4,County Road,CR-MILAN-OAKVILLE RD,,3,3,42.07956944,42.07956944,-83.574930560,-83.57493056,0,No Special Jurisdiction,34,Ditch,0,The First Harmful Event was Not a Collision with a Motor Vehicle in Transport,0,No,1,Non-Junction,1,Not an Intersection,0,None,,,4,On Roadside,2,Dark - Not Lighted,,,,,1,Clear,0,No,0000000,Not Applicable,23,11:00pm-11:59pm,42,42,23,11:00pm-11:59pm,55,55,88,"Not Applicable (Not Transported) ",88,Not Applicable (Not Transported),,,,,,,1,
2022,26,260665,Michigan,1,1,0,1,1,2,2,5,ALLEGAN (5),0,NOT APPLICABLE,10,10,8,August,2022,4,Wednesday,10,10:00am-10:59am,0,0,0,This section IS NOT on the NHS,1,Rural,5,Major Collector,2,County Highway Agency,4,County Road,CR-MARSH RD,,78,78,42.47153333,42.47153333,-85.588880560,-85.58888056,0,No Special Jurisdiction,8,Pedestrian,0,The First Harmful Event was Not a Collision with a Motor Vehicle in Transport,0,No,8,Driveway Access Related,1,Not an Intersection,0,None,,,1,On Roadway,1,Daylight,,,,,10,Cloudy,0,No,0000000,Not Applicable,99,Unknown,99,Unknown,99,Unknown EMS Scene Arrival Hour,99,Unknown EMS Scene Arrival Minutes,88,"Not Applicable (Not Transported) ",88,Not Applicable (Not Transported),,,,,,,1,
2022,26,260666,Michigan,1,1,0,0,0,1,1,163,WAYNE (163),1260,DETROIT,17,17,8,August,2022,4,Wednesday,21,9:00pm-9:59pm,59,59,1,This section IS ON the NHS,2,Urban,1,Interstate,1,State Highway Agency,1,Interstate,I-96 LOCAL,,7,7,42.38109444,42.38109444,-83.237322220,-83.23732222,0,No Special Jurisdiction,1,Rollover/Overturn,0,The First Harmful Event was Not a Collision with a Motor Vehicle in Transport,0,No,1,Non-Junction,1,Not an Intersection,0,None,,,3,On Median,3,Dark - Lighted,,,,,1,Clear,0,No,0000000,Not Applicable,22,10:00pm-10:59pm,0,0,22,10:00pm-10:59pm,5,5,88,"Not Applicable (Not Transported) ",88,Not Applicable (Not Transported),,,,,,,1,
2022,26,260667,Michigan,2,2,0,0,0,4,4,159,VAN BUREN (159),0,NOT APPLICABLE,5,5,8,August,2022,6,Friday,5,5:00am-5:59am,10,10,0,This section IS NOT on the NHS,1,Rural,5,Major Collector,2,County Highway Agency,4,County Road,CR-681,TERRITORIAL RD,21,21,42.11948889,42.11948889,-86.108083330,-86.10808333,0,No Special Jurisdiction,12,Motor Vehicle In-Transport,6,Angle,0,No,2,Intersection,2,Four-Way Intersection,0,None,,,1,On Roadway,2,Dark - Not Lighted,,,,,5,"Fog, Smog, Smoke",0,No,0000000,Not Applicable,99,Unknown,99,Unknown,5,5:00am-5:59am,35,35,99,Unknown,99,Unknown EMS Hospital Arrival Time,,,,,,,1,
2022,26,260668,Michigan,1,1,0,0,0,1,1,161,WASHTENAW (161),0,NOT APPLICABLE,12,12,8,August,2022,6,Friday,23,11:00pm-11:59pm,35,35,1,This section IS ON the NHS,2,Urban,1,Interstate,1,State Highway Agency,1,Interstate,I-94,,156,156,42.28947222,42.28947222,-83.831147220,-83.83114722,0,No Special Jurisdiction,42,Tree (Standing Only),0,The First Harmful Event was Not a Collision with a Motor Vehicle in Transport,0,No,1,Non-Junction,1,Not an Intersection,0,None,,,4,On Roadside,2,Dark - Not Lighted,,,,,1,Clear,0,No,0000000,Not Applicable,99,Unknown,99,Unknown,99,Unknown EMS Scene Arrival Hour,99,Unknown EMS Scene Arrival Minutes,88,"Not Applicable (Not Transported) ",88,Not Applicable (Not Transported),,,,,,,1,
2022,26,260669,Michigan,2,2,0,0,0,2,2,135,OSCODA (135),0,NOT APPLICABLE,20,20,9,September,2022,3,Tuesday,19,7:00pm-7:59pm,26,26,0,This section IS NOT on the NHS,1,Rural,7,Local,2,County Highway Agency,4,County Road,CR-HELMER LAKE RD,BLAMER RD,12,12,44.73942500,44.73942500,-84.086302780,-84.08630278,0,No Special Jurisdiction,12,Motor Vehicle In-Transport,7,Sideswipe - Same Direction,0,No,2,Intersection,3,T-Intersection,0,None,,,1,On Roadway,1,Daylight,,,,,1,Clear,0,No,0000000,Not Applicable,19,7:00pm-7:59pm,28,28,19,7:00pm-7:59pm,37,37,99,Unknown,99,Unknown EMS Hospital Arrival Time,,,,,,,1,
2022,26,260670,Michigan,1,1,0,0,0,1,1,35,CLARE (35),0,NOT APPLICABLE,22,22,9,September,2022,5,Thursday,18,6:00pm-6:59pm,27,27,0,This section IS NOT on the NHS,1,Rural,5,Major Collector,2,County Highway Agency,4,County Road,CR-E TOWNLINE LAKE RD,,43,43,44.03178611,44.03178611,-84.763550000,-84.76355000,0,No Special Jurisdiction,53,Mail Box,0,The First Harmful Event was Not a Collision with a Motor Vehicle in Transport,0,No,1,Non-Junction,1,Not an Intersection,0,None,,,4,On Roadside,1,Daylight,,,,,1,Clear,0,No,0000000,Not Applicable,18,6:00pm-6:59pm,31,31,18,6:00pm-6:59pm,36,36,88,"Not Applicable (Not Transported) ",88,Not Applicable (Not Transported),,,,,,,1,
2022,26,260671,Michigan,2,2,0,0,0,4,4,125,OAKLAND (125),4251,ROCHESTER HILLS,20,20,9,September,2022,3,Tuesday,11,11:00am-11:59am,17,17,0,This section IS NOT on the NHS,2,Urban,4,Minor Arterial,2,County Highway Agency,4,County Road,CR-W AVON RD,S ADAMS RD,0,None,42.66542778,42.66542778,-83.192577780,-83.19257778,0,No Special Jurisdiction,12,Motor Vehicle In-Transport,6,Angle,0,No,2,Intersection,3,T-Intersection,0,None,,,1,On Roadway,1,Daylight,,,,,1,Clear,0,No,0000000,Not Applicable,11,11:00am-11:59am,19,19,11,11:00am-11:59am,24,24,99,Unknown,99,Unknown EMS Hospital Arrival Time,,,,,,,1,
2022,26,260672,Michigan,2,2,0,0,0,5,5,77,KALAMAZOO (77),4030,PORTAGE,19,19,8,August,2022,6,Friday,17,5:00pm-5:59pm,37,37,1,This section IS ON the NHS,2,Urban,1,Interstate,1,State Highway Agency,1,Interstate,I-94,,77,77,42.23776944,42.23776944,-85.620855560,-85.62085556,0,No Special Jurisdiction,12,Motor Vehicle In-Transport,1,Front-to-Rear,1,Yes,17,Acceleration/Deceleration Lane,1,Not an Intersection,0,None,,,1,On Roadway,1,Daylight,,,,,1,Clear,0,No,0000000,Not Applicable,17,5:00pm-5:59pm,39,39,17,5:00pm-5:59pm,40,40,99,Unknown,99,Unknown EMS Hospital Arrival Time,,,,,,,1,
2022,26,260673,Michigan,1,1,0,1,1,2,2,159,VAN BUREN (159),1960,GOBLES,30,30,8,August,2022,3,Tuesday,19,7:00pm-7:59pm,40,40,0,This section IS NOT on the NHS,1,Rural,7,Local,4,City or Municipal Highway Agency,6,Local Street - Municipality,MILL LAKE RD,,14,14,42.36818333,42.36818333,-85.879955560,-85.87995556,0,No Special Jurisdiction,8,Pedestrian,0,The First Harmful Event was Not a Collision with a Motor Vehicle in Transport,0,No,1,Non-Junction,1,Not an Intersection,0,None,,,1,On Roadway,1,Daylight,,,,,1,Clear,0,No,0000000,Not Applicable,99,Unknown,99,Unknown,99,Unknown EMS Scene Arrival Hour,99,Unknown EMS Scene Arrival Minutes,88,"Not Applicable (Not Transported) ",88,Not Applicable (Not Transported),,,,,,,1,
2022,26,260674,Michigan,1,1,0,1,1,1,1,9,ANTRIM (9),0,NOT APPLICABLE,19,19,8,August,2022,6,Friday,23,11:00pm-11:59pm,3,3,0,This section IS NOT on the NHS,1,Rural,4,Minor Arterial,1,State Highway Agency,3,State Highway,SR-88,,71,71,44.92451944,44.92451944,-85.185288890,-85.18528889,0,No Special Jurisdiction,8,Pedestrian,0,The First Harmful Event was Not a Collision with a Motor Vehicle in Transport,0,No,1,Non-Junction,1,Not an Intersection,0,None,,,1,On Roadway,3,Dark - Lighted,,,,,1,Clear,0,No,0000000,Not Applicable,99,Unknown,99,Unknown,99,Unknown EMS Scene Arrival Hour,99,Unknown EMS Scene Arrival Minutes,88,"Not Applicable (Not Transported) ",88,Not Applicable (Not Transported),,,,,,,1,
2022,26,260675,Michigan,3,3,0,0,0,4,4,117,MONTCALM (117),2680,LAKEVIEW,15,15,8,August,2022,2,Monday,15,3:00pm-3:59pm,7,7,1,This section IS ON the NHS,1,Rural,3,Principal Arterial - Other,1,State Highway Agency,3,State Highway,SR-46 HOWARD CITY-EDMORE RD,,107,107,43.43155278,43.43155278,-85.266561110,-85.26656111,0,No Special Jurisdiction,12,Motor Vehicle In-Transport,1,Front-to-Rear,0,No,8,Driveway Access Related,1,Not an Intersection,0,None,,,1,On Roadway,1,Daylight,,,,,1,Clear,0,No,0000000,Not Applicable,15,3:00pm-3:59pm,9,9,15,3:00pm-3:59pm,17,17,88,"Not Applicable (Not Transported) ",88,Not Applicable (Not Transported),,,,,,,1,
2022,26,260676,Michigan,1,1,0,1,1,1,1,125,OAKLAND (125),512,BLOOMFIELD VILLAGE,30,30,1,January,2022,1,Sunday,13,1:00pm-1:59pm,22,22,0,This section IS NOT on the NHS,6,Trafficway Not in State Inventory,96,Trafficway Not in State Inventory,96,Trafficway Not in State Inventory,8,Other,NONE,,70,70,42.54366667,42.54366667,-83.286388890,-83.28638889,0,No Special Jurisdiction,8,Pedestrian,0,The First Harmful Event was Not a Collision with a Motor Vehicle in Transport,0,No,1,Non-Junction,1,Not an Intersection,0,None,,,5,Outside Trafficway,1,Daylight,,,,,1,Clear,0,No,0000000,Not Applicable,99,Unknown,99,Unknown,99,Unknown EMS Scene Arrival Hour,99,Unknown EMS Scene Arrival Minutes,99,Unknown,99,Unknown EMS Hospital Arrival Time,,,,,,,1,
2022,26,260677,Michigan,2,2,0,0,0,2,2,163,WAYNE (163),1260,DETROIT,14,14,8,August,2022,1,Sunday,1,1:00am-1:59am,50,50,0,This section IS NOT on the NHS,2,Urban,5,Major Collector,4,City or Municipal Highway Agency,6,Local Street - Municipality,FRENCH RD,,10,10,42.38961111,42.38961111,-82.993894440,-82.99389444,0,No Special Jurisdiction,12,Motor Vehicle In-Transport,1,Front-to-Rear,0,No,1,Non-Junction,1,Not an Intersection,0,None,,,1,On Roadway,3,Dark - Lighted,,,,,1,Clear,0,No,0000000,Not Applicable,99,Unknown,99,Unknown,99,Unknown EMS Scene Arrival Hour,99,Unknown EMS Scene Arrival Minutes,99,Unknown,99,Unknown EMS Hospital Arrival Time,,,,,,,1,
2022,26,260678,Michigan,1,1,0,0,0,1,1,125,OAKLAND (125),4251,ROCHESTER HILLS,20,20,9,September,2022,3,Tuesday,0,0:00am-0:59am,25,25,0,This section IS NOT on the NHS,2,Urban,4,Minor Arterial,2,County Highway Agency,4,County Road,CR-N ADAMS RD,,112,112,42.69051389,42.69051389,-83.194372220,-83.19437222,0,No Special Jurisdiction,32,Culvert,0,The First Harmful Event was Not a Collision with a Motor Vehicle in Transport,0,No,1,Non-Junction,1,Not an Intersection,0,None,,,4,On Roadside,2,Dark - Not Lighted,,,,,10,Cloudy,0,No,0000000,Not Applicable,0,0:00am-0:59am,28,28,0,0:00am-0:59am,36,36,99,Unknown,99,Unknown EMS Hospital Arrival Time,,,,,,,1,
2022,26,260679,Michigan,1,1,0,0,0,1,1,137,OTSEGO (137),0,NOT APPLICABLE,29,29,9,September,2022,5,Thursday,20,8:00pm-8:59pm,44,44,0,This section IS NOT on the NHS,1,Rural,4,Minor Arterial,2,County Highway Agency,4,County Road,CR-ALBA RD,,2,2,45.02960556,45.02960556,-84.846363890,-84.84636389,0,No Special Jurisdiction,1,Rollover/Overturn,0,The First Harmful Event was Not a Collision with a Motor Vehicle in Transport,0,No,1,Non-Junction,1,Not an Intersection,0,None,,,4,On Roadside,2,Dark - Not Lighted,,,,,1,Clear,0,No,0000000,Not Applicable,20,8:00pm-8:59pm,44,44,20,8:00pm-8:59pm,50,50,99,Unknown,99,Unknown EMS Hospital Arrival Time,,,,,,,1,