caseyear,state,st_case,statename,ve_total,ve_forms,pvh_invl,peds,pernotmvit,permvit,persons,county,countyname,city,cityname,day,dayname,month,monthname,year,day_week,day_weekname,hour,hourname,minute,minutename,nhs,nhsname,rur_urb,rur_urbname,func_sys,func_sysname,rd_owner,rd_ownername,route,routename,tway_id,tway_id2,milept,mileptname,latitude,latitudename,longitud,longitudname,sp_jur,sp_jurname,harm_ev,harm_evname,man_coll,man_collname,reljct1,reljct1name,reljct2,reljct2name,typ_int,typ_intname,wrk_zone,wrk_zonename,road_fnc,road_fncname,rel_road,rel_roadname,lgt_cond,lgt_condname,weather1,weather1name,weather2,weather2name,weather,weathername,sch_bus,sch_busname,rail,railname,not_hour,not_hourname,not_min,not_minname,arr_hour,arr_hourname,arr_min,arr_minname,hosp_hr,hosp_hrname,hosp_mn,hosp_mnname,cf1,cf1name,cf2,cf2name,cf3,cf3name,fatals,drunk_dr
2022,26,260715,Michigan,2,2,0,0,0,2,2,99,MACOMB (99),0,NOT APPLICABLE,5,5,10,October,2022,4,Wednesday,22,10:00pm-10:59pm,36,36,0,This section IS NOT on the NHS,1,Rural,4,Minor Arterial,2,County Highway Agency,4,County Road,CR-ROMEO PLANK RD,33 MILE RD,82,82,42.81991667,42.81991667,-82.963133330,-82.96313333,0,No Special Jurisdiction,12,Motor Vehicle In-Transport,6,Angle,0,No,2,Intersection,2,Four-Way Intersection,0,None,,,1,On Roadway,2,Dark - Not Lighted,,,,,1,Clear,0,No,0000000,Not Applicable,99,Unknown,99,Unknown,99,Unknown EMS Scene Arrival Hour,99,Unknown EMS Scene Arrival Minutes,88,"Not Applicable (Not Transported) ",88,Not Applicable (Not Transported),,,,,,,1,
2022,26,260716,Michigan,2,2,0,0,0,3,3,63,HURON (63),0,NOT APPLICABLE,15,15,9,September,2022,5,Thursday,13,1:00pm-1:59pm,39,39,0,This section IS NOT on the NHS,1,Rural,4,Minor Arterial,1,State Highway Agency,3,State Highway,SR-142 SAND BEACH RD,UBLEY RD,150,150,43.80386111,43.80386111,-82.940991670,-82.94099167,0,No Special Jurisdiction,12,Motor Vehicle In-Transport,6,Angle,0,No,2,Intersection,2,Four-Way Intersection,0,None,,,1,On Roadway,1,Daylight,,,,,1,Clear,0,No,0000000,Not Applicable,13,1:00pm-1:59pm,39,39,13,1:00pm-1:59pm,43,43,99,Unknown,99,Unknown EMS Hospital Arrival Time,,,,,,,1,
2022,26,260717,Michigan,2,2,0,0,0,2,2,27,CASS (27),0,NOT APPLICABLE,9,9,9,September,2022,6,Friday,14,2:00pm-2:59pm,37,37,0,This section IS NOT on the NHS,1,Rural,5,Major Collector,2,County Highway Agency,4,County Road,CR-MARCELLUS RD,,47,47,42.02688333,42.02688333,-85.850419440,-85.85041944,0,No Special Jurisdiction,12,Motor Vehicle In-Transport,2,Front-to-Front,0,No,1,Non-Junction,1,Not an Intersection,0,None,,,1,On Roadway,1,Daylight,,,,,1,Clear,0,No,0000000,Not Applicable,99,Unknown,99,Unknown,99,Unknown EMS Scene Arrival Hour,99,Unknown EMS Scene Arrival Minutes,99,Unknown,99,Unknown EMS Hospital Arrival Time,,,,,,,1,
2022,26,260718,Michigan,2,2,0,0,0,2,2,121,MUSKEGON (121),0,NOT APPLICABLE,4,4,10,October,2022,3,Tuesday,16,4:00pm-4:59pm,48,48,0,This section IS NOT on the NHS,2,Urban,4,Minor Arterial,2,County Highway Agency,4,County Road,CR-HEIGHTS RAVENNA RD,BROOKS RD,17,17,43.19029722,43.19029722,-86.145347220,-86.14534722,0,No Special Jurisdiction,12,Motor Vehicle In-Transport,6,Angle,0,No,2,Intersection,2,Four-Way Intersection,0,None,,,1,On Roadway,1,Daylight,,,,,1,Clear,0,No,0000000,Not Applicable,16,4:00pm-4:59pm,48,48,16,4:00pm-4:59pm,56,56,88,"Not Applicable (Not Transported) ",88,Not Applicable (Not Transported),,,,,,,1,
2022,26,260719,Michigan,1,1,0,0,0,1,1,155,SHIAWASSEE (155),0,NOT APPLICABLE,14,14,9,September,2022,4,Wednesday,15,3:00pm-3:59pm,40,40,0,This section IS NOT on the NHS,1,Rural,7,Local,2,County Highway Agency,4,County Road,CR-TYRELL RD,,4,4,42.87006389,42.87006389,-84.256077780,-84.25607778,0,No Special Jurisdiction,34,Ditch,0,The First Harmful Event was Not a Collision with a Motor Vehicle in Transport,0,No,1,Non-Junction,1,Not an Intersection,0,None,,,4,On Roadside,1,Daylight,,,,,10,Cloudy,0,No,0000000,Not Applicable,99,Unknown,98,Unknown if Notified,99,Unknown EMS Scene Arrival Hour,98,Unknown if Arrived,88,"Not Applicable (Not Transported) ",88,Not Applicable (Not Transported),,,,,,,1,
2022,26,260720,Michigan,1,1,0,1,1,1,1,99,MACOMB (99),1009,CLINTON TOWNSHIP,4,4,10,October,2022,3,Tuesday,17,5:00pm-5:59pm,38,38,0,This section IS NOT on the NHS,2,Urban,4,Minor Arterial,2,County Highway Agency,4,County Road,"CR-CLINTON RIVCER RD ",,49,49,42.57770556,42.57770556,-82.964986110,-82.96498611,0,No Special Jurisdiction,9,Pedalcyclist,0,The First Harmful Event was Not a Collision with a Motor Vehicle in Transport,0,No,1,Non-Junction,1,Not an Intersection,0,None,,,1,On Roadway,1,Daylight,,,,,1,Clear,0,No,0000000,Not Applicable,99,Unknown,99,Unknown,99,Unknown EMS Scene Arrival Hour,99,Unknown EMS Scene Arrival Minutes,99,Unknown,99,Unknown EMS Hospital Arrival Time,,,,,,,1,
2022,26,260721,Michigan,1,1,0,0,0,1,1,17,BAY (17),0,NOT APPLICABLE,11,11,10,October,2022,3,Tuesday,10,10:00am-10:59am,0,0,0,This section IS NOT on the NHS,1,Rural,4,Minor Arterial,1,State Highway Agency,3,State Highway,SR-13 HURON RD,,178,178,43.78316389,43.78316389,-83.972908330,-83.97290833,0,No Special Jurisdiction,32,Culvert,0,The First Harmful Event was Not a Collision with a Motor Vehicle in Transport,0,No,1,Non-Junction,1,Not an Intersection,0,None,,,4,On Roadside,1,Daylight,,,,,1,Clear,0,No,0000000,Not Applicable,10,10:00am-10:59am,1,1,10,10:00am-10:59am,8,8,99,Unknown,99,Unknown EMS Hospital Arrival Time,,,,,,,1,
2022,26,260722,Michigan,1,1,0,0,0,1,1,55,GRAND TRAVERSE (55),0,NOT APPLICABLE,16,16,9,September,2022,6,Friday,19,7:00pm-7:59pm,10,10,0,This section IS NOT on the NHS,2,Urban,4,Minor Arterial,2,County Highway Agency,4,County Road,CR-BEITNER RD,,2,2,44.67518056,44.67518056,-85.630469440,-85.63046944,0,No Special Jurisdiction,38,Fence,0,The First Harmful Event was Not a Collision with a Motor Vehicle in Transport,0,No,1,Non-Junction,1,Not an Intersection,0,None,,,4,On Roadside,1,Daylight,,,,,1,Clear,0,No,0000000,Not Applicable,19,7:00pm-7:59pm,14,14,19,7:00pm-7:59pm,19,19,88,"Not Applicable (Not Transported) ",88,Not Applicable (Not Transported),,,,,,,1,
2022,26,260723,Michigan,2,2,0,0,0,4,4,81,KENT (81),2010,GRAND RAPIDS,17,17,9,September,2022,7,Saturday,23,11:00pm-11:59pm,7,7,1,This section IS ON the NHS,2,Urban,3,Principal Arterial - Other,4,City or Municipal Highway Agency,6,Local Street - Municipality,FULTON ST,COLLEGE ST,24,24,42.96296111,42.96296111,-85.656836110,-85.65683611,0,No Special Jurisdiction,12,Motor Vehicle In-Transport,6,Angle,0,No,2,Intersection,2,Four-Way Intersection,0,None,,,1,On Roadway,3,Dark - Lighted,,,,,1,Clear,0,No,0000000,Not Applicable,23,11:00pm-11:59pm,7,7,23,11:00pm-11:59pm,12,12,99,Unknown,99,Unknown EMS Hospital Arrival Time,,,,,,,2,
2022,26,260724,Michigan,2,2,0,0,0,4,4,107,MECOSTA (107),0,NOT APPLICABLE,8,8,9,September,2022,5,Thursday,15,3:00pm-3:59pm,34,34,0,This section IS NOT on the NHS,1,Rural,5,Major Collector,2,County Highway Agency,4,County Road,CR-23 MILE RD,,33,33,43.79945278,43.79945278,-85.298830560,-85.29883056,0,No Special Jurisdiction,12,Motor Vehicle In-Transport,6,Angle,0,No,8,Driveway Access Related,1,Not an Intersection,0,None,,,1,On Roadway,1,Daylight,,,,,1,Clear,0,No,0000000,Not Applicable,15,3:00pm-3:59pm,37,37,16,4:00pm-4:59pm,7,7,99,Unknown,99,Unknown EMS Hospital Arrival Time,,,,,,,1,
2022,26,260725,Michigan,1,1,0,0,0,3,3,37,CLINTON (37),0,NOT APPLICABLE,19,19,9,September,2022,2,Monday,13,1:00pm-1:59pm,0,0,1,This section IS ON the NHS,2,Urban,1,Interstate,1,State Highway Agency,1,Interstate,I-69,,135,135,42.79525000,42.79525000,-84.438008330,-84.43800833,0,No Special Jurisdiction,1,Rollover/Overturn,0,The First Harmful Event was Not a Collision with a Motor Vehicle in Transport,0,No,1,Non-Junction,1,Not an Intersection,0,None,,,3,On Median,1,Daylight,,,,,1,Clear,0,No,0000000,Not Applicable,13,1:00pm-1:59pm,0,0,13,1:00pm-1:59pm,9,9,99,Unknown,99,Unknown EMS Hospital Arrival Time,,,,,,,1,
2022,26,260726,Michigan,1,1,0,0,0,2,2,49,GENESEE (49),1731,FLINT TOWNSHIP,24,24,9,September,2022,7,Saturday,16,4:00pm-4:59pm,45,45,1,This section IS ON the NHS,2,Urban,1,Interstate,1,State Highway Agency,1,Interstate,I-69,,0,None,43.00401944,43.00401944,-83.749705560,-83.74970556,0,No Special Jurisdiction,1,Rollover/Overturn,0,The First Harmful Event was Not a Collision with a Motor Vehicle in Transport,1,Yes,5,Entrance/Exit Ramp Related,1,Not an Intersection,0,None,,,8,Gore,1,Daylight,,,,,10,Cloudy,0,No,0000000,Not Applicable,16,4:00pm-4:59pm,45,45,16,4:00pm-4:59pm,49,49,99,Unknown,99,Unknown EMS Hospital Arrival Time,,,,,,,1,
2022,26,260727,Michigan,2,2,0,0,0,5,5,105,MASON (105),0,NOT APPLICABLE,11,11,9,September,2022,1,Sunday,11,11:00am-11:59am,40,40,1,This section IS ON the NHS,1,Rural,3,Principal Arterial - Other,1,State Highway Agency,2,U.S. Highway,US-31,JOHNSON RD,5,5,43.96223889,43.96223889,-86.289922220,-86.28992222,0,No Special Jurisdiction,12,Motor Vehicle In-Transport,6,Angle,0,No,2,Intersection,2,Four-Way Intersection,0,None,,,1,On Roadway,1,Daylight,,,,,10,Cloudy,0,No,0000000,Not Applicable,99,Unknown,99,Unknown,99,Unknown EMS Scene Arrival Hour,99,Unknown EMS Scene Arrival Minutes,99,Unknown,99,Unknown EMS Hospital Arrival Time,,,,,,,1,
2022,26,260728,Michigan,2,2,0,0,0,3,3,49,GENESEE (49),1730,FLINT,24,24,9,September,2022,7,Saturday,1,1:00am-1:59am,47,47,1,This section IS ON the NHS,2,Urban,3,Principal Arterial - Other,4,City or Municipal Highway Agency,6,Local Street - Municipality,SAGINAW ST,,159,159,43.07504444,43.07504444,-83.694027780,-83.69402778,0,No Special Jurisdiction,12,Motor Vehicle In-Transport,6,Angle,0,No,8,Driveway Access Related,1,Not an Intersection,0,None,,,1,On Roadway,3,Dark - Lighted,,,,,1,Clear,0,No,0000000,Not Applicable,1,1:00am-1:59am,47,47,1,1:00am-1:59am,52,52,99,Unknown,99,Unknown EMS Hospital Arrival Time,,,,,,,1,
2022,26,260729,Michigan,1,1,0,0,0,1,1,163,WAYNE (163),1260,DETROIT,21,21,9,September,2022,4,Wednesday,3,3:00am-3:59am,30,30,1,This section IS ON the NHS,2,Urban,1,Interstate,1,State Highway Agency,1,Interstate,I-96,,278,278,42.36253333,42.36253333,-83.070961110,-83.07096111,0,No Special Jurisdiction,25,Concrete Traffic Barrier,0,The First Harmful Event was Not a Collision with a Motor Vehicle in Transport,0,No,1,Non-Junction,1,Not an Intersection,0,None,,,3,On Median,3,Dark - Lighted,,,,,1,Clear,0,No,0000000,Not Applicable,99,Unknown,99,Unknown,99,Unknown EMS Scene Arrival Hour,99,Unknown EMS Scene Arrival Minutes,88,"Not Applicable (Not Transported) ",88,Not Applicable (Not Transported),,,,,,,1,
2022,26,260730,Michigan,2,2,0,0,0,3,3,19,BENZIE (19),0,NOT APPLICABLE,28,28,9,September,2022,4,Wednesday,18,6:00pm-6:59pm,9,9,0,This section IS NOT on the NHS,1,Rural,7,Local,2,County Highway Agency,4,County Road,CR-FEWINS RD,LAKE ANN RD,44,44,44.67366944,44.67366944,-85.837733330,-85.83773333,0,No Special Jurisdiction,12,Motor Vehicle In-Transport,6,Angle,0,No,2,Intersection,2,Four-Way Intersection,0,None,,,1,On Roadway,1,Daylight,,,,,10,Cloudy,0,No,0000000,Not Applicable,18,6:00pm-6:59pm,11,11,18,6:00pm-6:59pm,20,20,99,Unknown,99,Unknown EMS Hospital Arrival Time,,,,,,,1,
2022,26,260731,Michigan,2,2,0,0,0,2,2,87,LAPEER (87),2710,LAPEER,8,8,10,October,2022,7,Saturday,4,4:00am-4:59am,40,40,1,This section IS ON the NHS,2,Urban,3,Principal Arterial - Other,1,State Highway Agency,3,State Highway,SR-24 S LAPEER RD,RAMP 003A,98,98,43.02265000,43.02265000,-83.322466670,-83.32246667,0,No Special Jurisdiction,12,Motor Vehicle In-Transport,6,Angle,0,No,2,Intersection,3,T-Intersection,0,None,,,1,On Roadway,2,Dark - Not Lighted,,,,,1,Clear,0,No,0000000,Not Applicable,4,4:00am-4:59am,49,49,4,4:00am-4:59am,50,50,99,Unknown,99,Unknown EMS Hospital Arrival Time,,,,,,,1,
2022,26,260732,Michigan,3,2,1,0,0,4,4,73,ISABELLA (73),0,NOT APPLICABLE,2,2,9,September,2022,6,Friday,12,12:00pm-12:59pm,47,47,0,This section IS NOT on the NHS,2,Urban,7,Local,2,County Highway Agency,4,County Road,CR-SUMMERTON RD,BROADWAY RD,95,95,43.60429167,43.60429167,-84.727669440,-84.72766944,0,No Special Jurisdiction,12,Motor Vehicle In-Transport,6,Angle,0,No,2,Intersection,2,Four-Way Intersection,0,None,,,1,On Roadway,1,Daylight,,,,,1,Clear,0,No,0000000,Not Applicable,99,Unknown,99,Unknown,99,Unknown EMS Scene Arrival Hour,99,Unknown EMS Scene Arrival Minutes,99,Unknown,99,Unknown EMS Hospital Arrival Time,,,,,,,1,
2022,26,260733,Michigan,2,2,0,0,0,2,2,107,MECOSTA (107),0,NOT APPLICABLE,9,9,10,October,2022,1,Sunday,16,4:00pm-4:59pm,52,52,0,This section IS NOT on the NHS,1,Rural,4,Minor Arterial,1,State Highway Agency,3,State Highway,SR-66 30TH AVE,TAFT RD,154,154,43.69001111,43.69001111,-85.146550000,-85.14655000,0,No Special Jurisdiction,12,Motor Vehicle In-Transport,6,Angle,0,No,2,Intersection,2,Four-Way Intersection,0,None,,,1,On Roadway,1,Daylight,,,,,1,Clear,0,No,0000000,Not Applicable,99,Unknown,99,Unknown,99,Unknown EMS Scene Arrival Hour,99,Unknown EMS Scene Arrival Minutes,88,"Not Applicable (Not Transported) ",88,Not Applicable (Not Transported),,,,,,,1,
2022,26,260734,Michigan,3,3,0,0,0,4,4,55,GRAND TRAVERSE (55),0,NOT APPLICABLE,21,21,9,September,2022,4,Wednesday,9,9:00am-9:59am,20,20,1,This section IS ON the NHS,1,Rural,3,Principal Arterial - Other,1,State Highway Agency,3,State Highway,SR-72,,56,56,44.77038056,44.77038056,-85.385638890,-85.38563889,0,No Special Jurisdiction,12,Motor Vehicle In-Transport,6,Angle,0,No,1,Non-Junction,1,Not an Intersection,0,None,,,1,On Roadway,1,Daylight,,,,,10,Cloudy,0,No,0000000,Not Applicable,99,Unknown,99,Unknown,99,Unknown EMS Scene Arrival Hour,99,Unknown EMS Scene Arrival Minutes,99,Unknown,99,Unknown EMS Hospital Arrival Time,,,,,,,1,
2022,26,260735,Michigan,1,1,0,0,0,1,1,157,TUSCOLA (157),0,NOT APPLICABLE,8,8,10,October,2022,7,Saturday,19,7:00pm-7:59pm,14,14,0,This section IS NOT on the NHS,1,Rural,7,Local,2,County Highway Agency,4,County Road,CR-S WATERMAN RD,,40,40,43.39381389,43.39381389,-83.559852780,-83.55985278,0,No Special Jurisdiction,30,Utility Pole/Light Support,0,The First Harmful Event was Not a Collision with a Motor Vehicle in Transport,0,No,1,Non-Junction,1,Not an Intersection,0,None,,,4,On Roadside,1,Daylight,,,,,1,Clear,0,No,0000000,Not Applicable,99,Unknown,99,Unknown,99,Unknown EMS Scene Arrival Hour,99,Unknown EMS Scene Arrival Minutes,88,"Not Applicable (Not Transported) ",88,Not Applicable (Not Transported),,,,,,,1,
2022,26,260736,Michigan,2,2,0,0,0,2,2,165,WEXFORD (165),0,NOT APPLICABLE,30,30,9,September,2022,6,Friday,15,3:00pm-3:59pm,6,6,0,This section IS NOT on the NHS,1,Rural,7,Local,4,City or Municipal Highway Agency,4,County Road,CR-25 RD,,69,69,44.25836944,44.25836944,-85.578991670,-85.57899167,0,No Special Jurisdiction,12,Motor Vehicle In-Transport,6,Angle,0,No,8,Driveway Access Related,1,Not an Intersection,0,None,,,1,On Roadway,1,Daylight,,,,,10,Cloudy,0,No,0000000,Not Applicable,15,3:00pm-3:59pm,9,9,15,3:00pm-3:59pm,17,17,88,"Not Applicable (Not Transported) ",88,Not Applicable (Not Transported),,,,,,,1,
2022,26,260737,Michigan,1,1,0,0,0,1,1,23,BRANCH (23),0,NOT APPLICABLE,11,11,10,October,2022,3,Tuesday,16,4:00pm-4:59pm,30,30,0,This section IS NOT on the NHS,1,Rural,7,Local,2,County Highway Agency,4,County Road,CR-WRIGHT RD,,0,None,41.89870278,41.89870278,-84.892975000,-84.89297500,0,No Special Jurisdiction,18,Other Object (not fixed),0,The First Harmful Event was Not a Collision with a Motor Vehicle in Transport,0,No,1,Non-Junction,1,Not an Intersection,0,None,,,5,Outside Trafficway,1,Daylight,,,,,1,Clear,0,No,0000000,Not Applicable,99,Unknown,99,Unknown,99,Unknown EMS Scene Arrival Hour,99,Unknown EMS Scene Arrival Minutes,99,Unknown,99,Unknown EMS Hospital Arrival Time,,,,,,,1,
2022,26,260738,Michigan,2,2,0,0,0,2,2,149,ST JOSEPH (149),0,NOT APPLICABLE,19,19,10,October,2022,4,Wednesday,13,1:00pm-1:59pm,23,23,1,This section IS ON the NHS,1,Rural,3,Principal Arterial - Other,1,State Highway Agency,2,U.S. Highway,US-131,,40,40,41.81279444,41.81279444,-85.662600000,-85.66260000,0,No Special Jurisdiction,12,Motor Vehicle In-Transport,2,Front-to-Front,0,No,1,Non-Junction,1,Not an Intersection,0,None,,,1,On Roadway,1,Daylight,,,,,10,Cloudy,0,No,0000000,Not Applicable,13,1:00pm-1:59pm,23,23,13,1:00pm-1:59pm,23,23,99,Unknown,99,Unknown EMS Hospital Arrival Time,,,,,,,1,
2022,26,260739,Michigan,1,1,0,1,1,1,1,163,WAYNE (163),1260,DETROIT,29,29,9,September,2022,5,Thursday,6,6:00am-6:59am,55,55,1,This section IS ON the NHS,2,Urban,3,Principal Arterial - Other,4,City or Municipal Highway Agency,6,Local Street - Municipality,SCHAEFER HWY,,90,90,42.40555556,42.40555556,-83.179277780,-83.17927778,0,No Special Jurisdiction,9,Pedalcyclist,0,The First Harmful Event was Not a Collision with a Motor Vehicle in Transport,0,No,1,Non-Junction,1,Not an Intersection,0,None,,,1,On Roadway,1,Daylight,,,,,1,Clear,0,No,0000000,Not Applicable,99,Unknown,99,Unknown,99,Unknown EMS Scene Arrival Hour,99,Unknown EMS Scene Arrival Minutes,88,"Not Applicable (Not Transported) ",88,Not Applicable (Not Transported),,,,,,,1,
2022,26,260740,Michigan,2,2,0,0,0,2,2,81,KENT (81),2010,GRAND RAPIDS,29,29,9,September,2022,5,Thursday,1,1:00am-1:59am,21,21,1,This section IS ON the NHS,2,Urban,3,Principal Arterial - Other,1,State Highway Agency,3,State Highway,SR-11 28TH ST,MADISON AVE,122,122,42.91286944,42.91286944,-85.656891670,-85.65689167,0,No Special Jurisdiction,12,Motor Vehicle In-Transport,6,Angle,0,No,2,Intersection,2,Four-Way Intersection,0,None,,,1,On Roadway,3,Dark - Lighted,,,,,1,Clear,0,No,0000000,Not Applicable,1,1:00am-1:59am,15,15,1,1:00am-1:59am,20,20,99,Unknown,99,Unknown EMS Hospital Arrival Time,,,,,,,1,
2022,26,260741,Michigan,1,1,0,1,1,2,2,163,WAYNE (163),1260,DETROIT,15,15,10,October,2022,7,Saturday,22,10:00pm-10:59pm,35,35,1,This section IS ON the NHS,2,Urban,3,Principal Arterial - Other,1,State Highway Agency,3,State Highway,SR-1 WOODWARD AVE,,59,59,42.34166389,42.34166389,-83.053900000,-83.05390000,0,No Special Jurisdiction,8,Pedestrian,0,The First Harmful Event was Not a Collision with a Motor Vehicle in Transport,0,No,1,Non-Junction,1,Not an Intersection,0,None,,,1,On Roadway,3,Dark - Lighted,,,,,1,Clear,0,No,0000000,Not Applicable,99,Unknown,99,Unknown,99,Unknown EMS Scene Arrival Hour,99,Unknown EMS Scene Arrival Minutes,99,Unknown,99,Unknown EMS Hospital Arrival Time,,,,,,,1,
2022,26,260742,Michigan,2,2,0,0,0,3,3,163,WAYNE (163),4166,REDFORD TOWNSHIP,26,26,9,September,2022,2,Monday,9,9:00am-9:59am,45,45,0,This section IS NOT on the NHS,2,Urban,4,Minor Arterial,2,County Highway Agency,4,County Road,CR-BEECH DALEY RD,CHICAGO ST,4,4,42.36356111,42.36356111,-83.294691670,-83.29469167,0,No Special Jurisdiction,12,Motor Vehicle In-Transport,6,Angle,0,No,2,Intersection,2,Four-Way Intersection,0,None,,,1,On Roadway,1,Daylight,,,,,10,Cloudy,0,No,0000000,Not Applicable,9,9:00am-9:59am,45,45,9,9:00am-9:59am,47,47,99,Unknown,99,Unknown EMS Hospital Arrival Time,,,,,,,1,
2022,26,260743,Michigan,1,1,0,0,0,1,1,121,MUSKEGON (121),0,NOT APPLICABLE,28,28,9,September,2022,4,Wednesday,20,8:00pm-8:59pm,23,23,0,This section IS NOT on the NHS,1,Rural,5,Major Collector,2,County Highway Agency,4,County Road,CR-FRUITVALE RD,,36,36,43.45005833,43.45005833,-86.300902780,-86.30090278,0,No Special Jurisdiction,30,Utility Pole/Light Support,0,The First Harmful Event was Not a Collision with a Motor Vehicle in Transport,0,No,1,Non-Junction,1,Not an Intersection,0,None,,,4,On Roadside,2,Dark - Not Lighted,,,,,1,Clear,0,No,0000000,Not Applicable,99,Unknown,99,Unknown,99,Unknown EMS Scene Arrival Hour,99,Unknown EMS Scene Arrival Minutes,99,Unknown,99,Unknown EMS Hospital Arrival Time,,,,,,,1,
2022,26,260744,Michigan,2,2,0,0,0,2,2,163,WAYNE (163),1260,DETROIT,9,9,10,October,2022,1,Sunday,22,10:00pm-10:59pm,23,23,1,This section IS ON the NHS,2,Urban,3,Principal Arterial - Other,4,City or Municipal Highway Agency,6,Local Street - Municipality,E JEFFERSON,FIELD ST,23,23,42.34782222,42.34782222,-83.000425000,-83.00042500,0,No Special Jurisdiction,12,Motor Vehicle In-Transport,1,Front-to-Rear,0,No,3,Intersection-Related,3,T-Intersection,0,None,,,1,On Roadway,2,Dark - Not Lighted,,,,,1,Clear,0,No,0000000,Not Applicable,99,Unknown,99,Unknown,99,Unknown EMS Scene Arrival Hour,99,Unknown EMS Scene Arrival Minutes,99,Unknown,99,Unknown EMS Hospital Arrival Time,,,,,,,1,
2022,26,260745,Michigan,1,1,0,0,0,2,2,133,OSCEOLA (133),0,NOT APPLICABLE,30,30,9,September,2022,6,Friday,12,12:00pm-12:59pm,27,27,0,This section IS NOT on the NHS,1,Rural,4,Minor Arterial,1,State Highway Agency,3,State Highway,SR-66,,76,76,43.92341389,43.92341389,-85.148230560,-85.14823056,0,No Special Jurisdiction,34,Ditch,0,The First Harmful Event was Not a Collision with a Motor Vehicle in Transport,0,No,1,Non-Junction,1,Not an Intersection,0,None,,,4,On Roadside,1,Daylight,,,,,1,Clear,0,No,0000000,Not Applicable,99,Unknown,99,Unknown,99,Unknown EMS Scene Arrival Hour,99,Unknown EMS Scene Arrival Minutes,99,Unknown,99,Unknown EMS Hospital Arrival Time,,,,,,,1,
2022,26,260746,Michigan,2,2,0,0,0,2,2,75,JACKSON (75),3466,NAPOLEON,28,28,9,September,2022,4,Wednesday,14,2:00pm-2:59pm,15,15,0,This section IS NOT on the NHS,1,Rural,4,Minor Arterial,1,State Highway Agency,3,State Highway,SR-50 BROOKLYN RD,FLAMINGO DR,70,70,42.17300556,42.17300556,-84.273822220,-84.27382222,0,No Special Jurisdiction,12,Motor Vehicle In-Transport,6,Angle,0,No,2,Intersection,3,T-Intersection,0,None,,,1,On Roadway,1,Daylight,,,,,10,Cloudy,0,No,0000000,Not Applicable,99,Unknown,99,Unknown,99,Unknown EMS Scene Arrival Hour,99,Unknown EMS Scene Arrival Minutes,99,Unknown,99,Unknown EMS Hospital Arrival Time,,,,,,,1,
2022,26,260747,Michigan,2,2,0,0,0,2,2,77,KALAMAZOO (77),0,NOT APPLICABLE,18,18,10,October,2022,3,Tuesday,14,2:00pm-2:59pm,35,35,0,This section IS NOT on the NHS,2,Urban,4,Minor Arterial,2,County Highway Agency,4,County Road,CR-E G AVE,,42,42,42.33265000,42.33265000,-85.493461110,-85.49346111,0,No Special Jurisdiction,12,Motor Vehicle In-Transport,6,Angle,0,No,1,Non-Junction,1,Not an Intersection,0,None,,,1,On Roadway,1,Daylight,,,,,10,Cloudy,0,No,0000000,Not Applicable,14,2:00pm-2:59pm,43,43,14,2:00pm-2:59pm,47,47,99,Unknown,99,Unknown EMS Hospital Arrival Time,,,,,,,1,
2022,26,260748,Michigan,3,1,2,0,0,1,1,73,ISABELLA (73),3410,MOUNT PLEASANT,27,27,9,September,2022,3,Tuesday,19,7:00pm-7:59pm,36,36,0,This section IS NOT on the NHS,2,Urban,4,Minor Arterial,2,County Highway Agency,4,County Road,CR-PICKARD RD,,122,122,43.61148611,43.61148611,-84.802036110,-84.80203611,0,No Special Jurisdiction,53,Mail Box,0,The First Harmful Event was Not a Collision with a Motor Vehicle in Transport,0,No,1,Non-Junction,1,Not an Intersection,0,None,,,4,On Roadside,5,Dusk,,,,,1,Clear,0,No,0000000,Not Applicable,99,Unknown,99,Unknown,99,Unknown EMS Scene Arrival Hour,99,Unknown EMS Scene Arrival Minutes,88,"Not Applicable (Not Transported) ",88,Not Applicable (Not Transported),,,,,,,1,
2022,26,260749,Michigan,1,1,0,1,1,1,1,49,GENESEE (49),1730,FLINT,22,22,10,October,2022,7,Saturday,2,2:00am-2:59am,51,51,0,This section IS NOT on the NHS,2,Urban,4,Minor Arterial,4,City or Municipal Highway Agency,6,Local Street - Municipality,LAPEER RD,,1,1,43.01457778,43.01457778,-83.680147220,-83.68014722,0,No Special Jurisdiction,8,Pedestrian,0,The First Harmful Event was Not a Collision with a Motor Vehicle in Transport,0,No,1,Non-Junction,1,Not an Intersection,0,None,,,1,On Roadway,2,Dark - Not Lighted,,,,,1,Clear,0,No,0000000,Not Applicable,2,2:00am-2:59am,51,51,2,2:00am-2:59am,51,51,99,Unknown,99,Unknown EMS Hospital Arrival Time,,,,,,,1,
2022,26,260750,Michigan,2,2,0,0,0,3,3,163,WAYNE (163),1260,DETROIT,3,3,10,October,2022,2,Monday,1,1:00am-1:59am,55,55,1,This section IS ON the NHS,2,Urban,3,Principal Arterial - Other,2,County Highway Agency,4,County Road,CR-GREENFIELD RD,JOY RD,63,63,42.35816667,42.35816667,-83.196963890,-83.19696389,0,No Special Jurisdiction,12,Motor Vehicle In-Transport,6,Angle,0,No,2,Intersection,2,Four-Way Intersection,0,None,,,1,On Roadway,3,Dark - Lighted,,,,,1,Clear,0,No,0000000,Not Applicable,99,Unknown,99,Unknown,99,Unknown EMS Scene Arrival Hour,99,Unknown EMS Scene Arrival Minutes,99,Unknown,99,Unknown EMS Hospital Arrival Time,,,,,,,1,
2022,26,260751,Michigan,1,1,0,1,1,1,1,49,GENESEE (49),1730,FLINT,21,21,10,October,2022,6,Friday,2,2:00am-2:59am,26,26,1,This section IS ON the NHS,2,Urban,3,Principal Arterial - Other,4,City or Municipal Highway Agency,6,Local Street - Municipality,N SAGINAW ST,DAMON ST,140,140,43.05237222,43.05237222,-83.693669440,-83.69366944,0,No Special Jurisdiction,8,Pedestrian,0,The First Harmful Event was Not a Collision with a Motor Vehicle in Transport,0,No,3,Intersection-Related,2,Four-Way Intersection,0,None,,,1,On Roadway,3,Dark - Lighted,,,,,10,Cloudy,0,No,0000000,Not Applicable,2,2:00am-2:59am,26,26,2,2:00am-2:59am,31,31,99,Unknown,99,Unknown EMS Hospital Arrival Time,,,,,,,1,