caseyear,state,st_case,statename,ve_total,ve_forms,pvh_invl,peds,pernotmvit,permvit,persons,county,countyname,city,cityname,day,dayname,month,monthname,year,day_week,day_weekname,hour,hourname,minute,minutename,nhs,nhsname,rur_urb,rur_urbname,func_sys,func_sysname,rd_owner,rd_ownername,route,routename,tway_id,tway_id2,milept,mileptname,latitude,latitudename,longitud,longitudname,sp_jur,sp_jurname,harm_ev,harm_evname,man_coll,man_collname,reljct1,reljct1name,reljct2,reljct2name,typ_int,typ_intname,wrk_zone,wrk_zonename,road_fnc,road_fncname,rel_road,rel_roadname,lgt_cond,lgt_condname,weather1,weather1name,weather2,weather2name,weather,weathername,sch_bus,sch_busname,rail,railname,not_hour,not_hourname,not_min,not_minname,arr_hour,arr_hourname,arr_min,arr_minname,hosp_hr,hosp_hrname,hosp_mn,hosp_mnname,cf1,cf1name,cf2,cf2name,cf3,cf3name,fatals,drunk_dr
2022,26,260859,Michigan,1,1,0,0,0,5,5,121,MUSKEGON (121),0,NOT APPLICABLE,4,4,11,November,2022,6,Friday,22,10:00pm-10:59pm,32,32,0,This section IS NOT on the NHS,2,Urban,5,Major Collector,2,County Highway Agency,4,County Road,CR-ACCESS HWY,,1,1,43.25143056,43.25143056,-86.206072220,-86.20607222,0,No Special Jurisdiction,1,Rollover/Overturn,0,The First Harmful Event was Not a Collision with a Motor Vehicle in Transport,0,No,1,Non-Junction,1,Not an Intersection,0,None,,,99,Reported as Unknown,3,Dark - Lighted,,,,,10,Cloudy,0,No,0000000,Not Applicable,22,10:00pm-10:59pm,33,33,22,10:00pm-10:59pm,40,40,99,Unknown,99,Unknown EMS Hospital Arrival Time,,,,,,,1,
2022,26,260860,Michigan,2,2,0,0,0,2,2,81,KENT (81),5319,WYOMING,3,3,11,November,2022,5,Thursday,17,5:00pm-5:59pm,45,45,1,This section IS ON the NHS,2,Urban,3,Principal Arterial - Other,4,City or Municipal Highway Agency,6,Local Street - Municipality,DIVISION AVE,50TH ST,78,78,42.87313333,42.87313333,-85.664402780,-85.66440278,0,No Special Jurisdiction,12,Motor Vehicle In-Transport,6,Angle,0,No,2,Intersection,3,T-Intersection,0,None,,,1,On Roadway,1,Daylight,,,,,1,Clear,0,No,0000000,Not Applicable,17,5:00pm-5:59pm,47,47,17,5:00pm-5:59pm,52,52,99,Unknown,99,Unknown EMS Hospital Arrival Time,,,,,,,1,
2022,26,260861,Michigan,2,2,0,0,0,2,2,65,INGHAM (65),0,NOT APPLICABLE,11,11,11,November,2022,6,Friday,18,6:00pm-6:59pm,39,39,0,This section IS NOT on the NHS,1,Rural,4,Minor Arterial,1,State Highway Agency,3,State Highway,SR-52 STOCKBRIDGE RD,DEXTER TRL,10,10,42.46846111,42.46846111,-84.190077780,-84.19007778,0,No Special Jurisdiction,12,Motor Vehicle In-Transport,6,Angle,0,No,2,Intersection,2,Four-Way Intersection,0,None,,,1,On Roadway,2,Dark - Not Lighted,,,,,1,Clear,0,No,0000000,Not Applicable,18,6:00pm-6:59pm,38,38,18,6:00pm-6:59pm,46,46,99,Unknown,99,Unknown EMS Hospital Arrival Time,,,,,,,1,
2022,26,260862,Michigan,2,2,0,0,0,2,2,93,LIVINGSTON (93),0,NOT APPLICABLE,13,13,11,November,2022,1,Sunday,14,2:00pm-2:59pm,29,29,1,This section IS ON the NHS,2,Urban,1,Interstate,1,State Highway Agency,1,Interstate,I-96,,93,93,42.61040833,42.61040833,-83.982322220,-83.98232222,0,No Special Jurisdiction,12,Motor Vehicle In-Transport,2,Front-to-Front,0,No,1,Non-Junction,1,Not an Intersection,0,None,,,1,On Roadway,1,Daylight,,,,,1,Clear,0,No,0000000,Not Applicable,99,Unknown,99,Unknown,99,Unknown EMS Scene Arrival Hour,99,Unknown EMS Scene Arrival Minutes,99,Unknown,99,Unknown EMS Hospital Arrival Time,,,,,,,2,
2022,26,260863,Michigan,2,2,0,0,0,3,3,163,WAYNE (163),1260,DETROIT,16,16,11,November,2022,4,Wednesday,0,0:00am-0:59am,29,29,0,This section IS NOT on the NHS,2,Urban,4,Minor Arterial,2,County Highway Agency,4,County Road,CR-E OUTER DR,RYAN,29,29,42.44030833,42.44030833,-83.063500000,-83.06350000,0,No Special Jurisdiction,12,Motor Vehicle In-Transport,6,Angle,0,No,2,Intersection,2,Four-Way Intersection,0,None,,,1,On Roadway,3,Dark - Lighted,,,,,2,Rain,0,No,0000000,Not Applicable,99,Unknown,99,Unknown,99,Unknown EMS Scene Arrival Hour,99,Unknown EMS Scene Arrival Minutes,99,Unknown,99,Unknown EMS Hospital Arrival Time,,,,,,,1,
2022,26,260864,Michigan,2,2,0,0,0,4,4,115,MONROE (115),0,NOT APPLICABLE,19,19,11,November,2022,7,Saturday,19,7:00pm-7:59pm,1,1,1,This section IS ON the NHS,2,Urban,3,Principal Arterial - Other,2,County Highway Agency,2,U.S. Highway,US-24 TELEGRAPH RD,,64,64,41.81350833,41.81350833,-83.497075000,-83.49707500,0,No Special Jurisdiction,12,Motor Vehicle In-Transport,2,Front-to-Front,0,No,1,Non-Junction,1,Not an Intersection,0,None,,,1,On Roadway,2,Dark - Not Lighted,,,,,1,Clear,0,No,0000000,Not Applicable,19,7:00pm-7:59pm,12,12,19,7:00pm-7:59pm,19,19,99,Unknown,99,Unknown EMS Hospital Arrival Time,,,,,,,1,
2022,26,260865,Michigan,1,1,0,1,1,3,3,163,WAYNE (163),1260,DETROIT,6,6,11,November,2022,1,Sunday,2,2:00am-2:59am,10,10,1,This section IS ON the NHS,2,Urban,2,Principal Arterial - Other Freeways and Expressways,1,State Highway Agency,3,State Highway,SR-10,,88,88,42.36840000,42.36840000,-83.082794440,-83.08279444,0,No Special Jurisdiction,8,Pedestrian,0,The First Harmful Event was Not a Collision with a Motor Vehicle in Transport,0,No,1,Non-Junction,1,Not an Intersection,0,None,,,1,On Roadway,3,Dark - Lighted,,,,,1,Clear,0,No,0000000,Not Applicable,99,Unknown,99,Unknown,99,Unknown EMS Scene Arrival Hour,99,Unknown EMS Scene Arrival Minutes,88,"Not Applicable (Not Transported) ",88,Not Applicable (Not Transported),,,,,,,1,
2022,26,260866,Michigan,1,1,0,0,0,1,1,125,OAKLAND (125),0,NOT APPLICABLE,14,14,11,November,2022,2,Monday,4,4:00am-4:59am,45,45,0,This section IS NOT on the NHS,2,Urban,4,Minor Arterial,2,County Highway Agency,4,County Road,CR-PONTIAC TRL,,56,56,42.50428056,42.50428056,-83.640716670,-83.64071667,0,No Special Jurisdiction,42,Tree (Standing Only),0,The First Harmful Event was Not a Collision with a Motor Vehicle in Transport,0,No,1,Non-Junction,1,Not an Intersection,0,None,,,4,On Roadside,2,Dark - Not Lighted,,,,,1,Clear,0,No,0000000,Not Applicable,4,4:00am-4:59am,45,45,4,4:00am-4:59am,56,56,88,"Not Applicable (Not Transported) ",88,Not Applicable (Not Transported),,,,,,,1,
2022,26,260867,Michigan,1,1,0,0,0,1,1,81,KENT (81),0,NOT APPLICABLE,26,26,11,November,2022,7,Saturday,20,8:00pm-8:59pm,4,4,1,This section IS ON the NHS,2,Urban,2,Principal Arterial - Other Freeways and Expressways,1,State Highway Agency,2,U.S. Highway,US-131,,258,258,43.11623056,43.11623056,-85.607330560,-85.60733056,0,No Special Jurisdiction,1,Rollover/Overturn,0,The First Harmful Event was Not a Collision with a Motor Vehicle in Transport,0,No,1,Non-Junction,1,Not an Intersection,0,None,,,3,On Median,2,Dark - Not Lighted,,,,,1,Clear,0,No,0000000,Not Applicable,20,8:00pm-8:59pm,0,0,20,8:00pm-8:59pm,10,10,99,Unknown,99,Unknown EMS Hospital Arrival Time,,,,,,,1,
2022,26,260868,Michigan,2,2,0,0,0,2,2,73,ISABELLA (73),0,NOT APPLICABLE,9,9,11,November,2022,4,Wednesday,17,5:00pm-5:59pm,34,34,0,This section IS NOT on the NHS,1,Rural,7,Local,2,County Highway Agency,4,County Road,CR-DREW RD,COLDWATER RD,49,49,43.66130833,43.66130833,-84.987502780,-84.98750278,0,No Special Jurisdiction,12,Motor Vehicle In-Transport,6,Angle,0,No,2,Intersection,2,Four-Way Intersection,0,None,,,1,On Roadway,5,Dusk,,,,,10,Cloudy,0,No,0000000,Not Applicable,99,Unknown,99,Unknown,99,Unknown EMS Scene Arrival Hour,99,Unknown EMS Scene Arrival Minutes,99,Unknown,99,Unknown EMS Hospital Arrival Time,,,,,,,1,
2022,26,260869,Michigan,2,2,0,0,0,2,2,163,WAYNE (163),4166,REDFORD TOWNSHIP,12,12,11,November,2022,7,Saturday,0,0:00am-0:59am,56,56,1,This section IS ON the NHS,2,Urban,3,Principal Arterial - Other,1,State Highway Agency,2,U.S. Highway,US-24 TELEGRAPH RD,FIVE MILE RD,145,145,42.40003333,42.40003333,-83.276947220,-83.27694722,0,No Special Jurisdiction,12,Motor Vehicle In-Transport,6,Angle,0,No,2,Intersection,2,Four-Way Intersection,0,None,,,1,On Roadway,3,Dark - Lighted,,,,,1,Clear,0,No,0000000,Not Applicable,0,0:00am-0:59am,50,50,0,0:00am-0:59am,55,55,88,"Not Applicable (Not Transported) ",88,Not Applicable (Not Transported),,,,,,,1,
2022,26,260870,Michigan,2,2,0,0,0,2,2,163,WAYNE (163),4295,ROMULUS,10,10,11,November,2022,5,Thursday,6,6:00am-6:59am,51,51,1,This section IS ON the NHS,2,Urban,1,Interstate,1,State Highway Agency,1,Interstate,I-94,,69,69,42.22278333,42.22278333,-83.410180560,-83.41018056,0,No Special Jurisdiction,12,Motor Vehicle In-Transport,1,Front-to-Rear,0,No,1,Non-Junction,1,Not an Intersection,0,None,,,1,On Roadway,3,Dark - Lighted,,,,,1,Clear,0,No,0000000,Not Applicable,99,Unknown,99,Unknown,99,Unknown EMS Scene Arrival Hour,99,Unknown EMS Scene Arrival Minutes,99,Unknown,99,Unknown EMS Hospital Arrival Time,,,,,,,1,
2022,26,260871,Michigan,1,1,0,0,0,1,1,93,LIVINGSTON (93),0,NOT APPLICABLE,27,27,11,November,2022,1,Sunday,9,9:00am-9:59am,16,16,0,This section IS NOT on the NHS,1,Rural,5,Major Collector,2,County Highway Agency,4,County Road,CR-OAK GROVE RD,,35,35,42.73802500,42.73802500,-83.949561110,-83.94956111,0,No Special Jurisdiction,42,Tree (Standing Only),0,The First Harmful Event was Not a Collision with a Motor Vehicle in Transport,0,No,1,Non-Junction,1,Not an Intersection,0,None,,,4,On Roadside,1,Daylight,,,,,2,Rain,0,No,0000000,Not Applicable,9,9:00am-9:59am,17,17,9,9:00am-9:59am,36,36,88,"Not Applicable (Not Transported) ",88,Not Applicable (Not Transported),,,,,,,1,
2022,26,260872,Michigan,1,1,0,0,0,2,2,163,WAYNE (163),0,NOT APPLICABLE,12,12,11,November,2022,7,Saturday,0,0:00am-0:59am,17,17,0,This section IS NOT on the NHS,2,Urban,7,Local,2,County Highway Agency,4,County Road,CR-BAYBERRY WAY,,1,1,42.41525278,42.41525278,-83.544841670,-83.54484167,0,No Special Jurisdiction,42,Tree (Standing Only),0,The First Harmful Event was Not a Collision with a Motor Vehicle in Transport,0,No,1,Non-Junction,1,Not an Intersection,0,None,,,4,On Roadside,2,Dark - Not Lighted,,,,,1,Clear,0,No,0000000,Not Applicable,0,0:00am-0:59am,20,20,0,0:00am-0:59am,29,29,88,"Not Applicable (Not Transported) ",88,Not Applicable (Not Transported),,,,,,,2,
2022,26,260873,Michigan,1,1,0,0,0,1,1,13,BARAGA (13),0,NOT APPLICABLE,14,14,11,November,2022,2,Monday,2,2:00am-2:59am,0,0,1,This section IS ON the NHS,1,Rural,3,Principal Arterial - Other,1,State Highway Agency,2,U.S. Highway,US-41,,326,326,46.75374167,46.75374167,-88.494927780,-88.49492778,0,No Special Jurisdiction,24,Guardrail Face,0,The First Harmful Event was Not a Collision with a Motor Vehicle in Transport,0,No,1,Non-Junction,1,Not an Intersection,0,None,,,4,On Roadside,2,Dark - Not Lighted,,,,,1,Clear,0,No,0000000,Not Applicable,99,Unknown,99,Unknown,99,Unknown EMS Scene Arrival Hour,99,Unknown EMS Scene Arrival Minutes,88,"Not Applicable (Not Transported) ",88,Not Applicable (Not Transported),,,,,,,1,
2022,26,260874,Michigan,4,2,2,0,0,3,3,163,WAYNE (163),1260,DETROIT,26,26,11,November,2022,7,Saturday,21,9:00pm-9:59pm,15,15,0,This section IS NOT on the NHS,2,Urban,5,Major Collector,4,City or Municipal Highway Agency,6,Local Street - Municipality,CHAMBERLAIN,ELSMERE ST,2,2,42.30030278,42.30030278,-83.130205560,-83.13020556,0,No Special Jurisdiction,12,Motor Vehicle In-Transport,6,Angle,0,No,2,Intersection,2,Four-Way Intersection,0,None,,,1,On Roadway,3,Dark - Lighted,,,,,1,Clear,0,No,0000000,Not Applicable,99,Unknown,99,Unknown,99,Unknown EMS Scene Arrival Hour,99,Unknown EMS Scene Arrival Minutes,99,Unknown,99,Unknown EMS Hospital Arrival Time,,,,,,,1,
2022,26,260875,Michigan,1,1,0,0,0,1,1,57,GRATIOT (57),0,NOT APPLICABLE,19,19,11,November,2022,7,Saturday,2,2:00am-2:59am,10,10,1,This section IS ON the NHS,1,Rural,2,Principal Arterial - Other Freeways and Expressways,1,State Highway Agency,2,U.S. Highway,US-127,,177,177,43.36577222,43.36577222,-84.601955560,-84.60195556,0,No Special Jurisdiction,42,Tree (Standing Only),0,The First Harmful Event was Not a Collision with a Motor Vehicle in Transport,0,No,1,Non-Junction,1,Not an Intersection,0,None,,,4,On Roadside,2,Dark - Not Lighted,,,,,4,Snow,0,No,0000000,Not Applicable,2,2:00am-2:59am,8,8,2,2:00am-2:59am,18,18,88,"Not Applicable (Not Transported) ",88,Not Applicable (Not Transported),,,,,,,1,
2022,26,260876,Michigan,1,1,0,0,0,1,1,143,ROSCOMMON (143),0,NOT APPLICABLE,15,15,11,November,2022,3,Tuesday,13,1:00pm-1:59pm,49,49,0,This section IS NOT on the NHS,1,Rural,4,Minor Arterial,1,State Highway Agency,3,State Highway,SR-18 ROSCOMMON RD,,65,65,44.39041944,44.39041944,-84.613677780,-84.61367778,0,No Special Jurisdiction,1,Rollover/Overturn,0,The First Harmful Event was Not a Collision with a Motor Vehicle in Transport,0,No,1,Non-Junction,1,Not an Intersection,0,None,,,4,On Roadside,1,Daylight,,,,,4,Snow,0,No,0000000,Not Applicable,99,Unknown,98,Unknown if Notified,99,Unknown EMS Scene Arrival Hour,98,Unknown if Arrived,88,"Not Applicable (Not Transported) ",88,Not Applicable (Not Transported),,,,,,,1,
2022,26,260877,Michigan,2,2,0,0,0,2,2,125,OAKLAND (125),3628,NOVI,16,16,11,November,2022,4,Wednesday,6,6:00am-6:59am,12,12,1,This section IS ON the NHS,2,Urban,3,Principal Arterial - Other,2,County Highway Agency,4,County Road,CR-NOVI RD,,24,24,42.47451944,42.47451944,-83.475227780,-83.47522778,0,No Special Jurisdiction,12,Motor Vehicle In-Transport,6,Angle,0,No,1,Non-Junction,1,Not an Intersection,0,None,,,1,On Roadway,2,Dark - Not Lighted,,,,,4,Snow,0,No,0000000,Not Applicable,99,Unknown,99,Unknown,99,Unknown EMS Scene Arrival Hour,99,Unknown EMS Scene Arrival Minutes,99,Unknown,99,Unknown EMS Hospital Arrival Time,,,,,,,1,
2022,26,260878,Michigan,1,1,0,0,0,1,1,69,IOSCO (69),0,NOT APPLICABLE,30,30,11,November,2022,4,Wednesday,16,4:00pm-4:59pm,36,36,0,This section IS NOT on the NHS,1,Rural,5,Major Collector,2,County Highway Agency,4,County Road,CR-SOUTH BRANCH RD,,0,None,44.43527500,44.43527500,-83.876180560,-83.87618056,0,No Special Jurisdiction,53,Mail Box,0,The First Harmful Event was Not a Collision with a Motor Vehicle in Transport,0,No,1,Non-Junction,1,Not an Intersection,0,None,,,4,On Roadside,1,Daylight,,,,,4,Snow,0,No,0000000,Not Applicable,16,4:00pm-4:59pm,36,36,17,5:00pm-5:59pm,11,11,88,"Not Applicable (Not Transported) ",88,Not Applicable (Not Transported),,,,,,,1,
2022,26,260879,Michigan,1,1,0,0,0,2,2,163,WAYNE (163),1260,DETROIT,18,18,11,November,2022,6,Friday,3,3:00am-3:59am,30,30,1,This section IS ON the NHS,2,Urban,1,Interstate,1,State Highway Agency,1,Interstate,I-75 CD/RAMP 037E,,0,None,42.33331667,42.33331667,-83.083033330,-83.08303333,0,No Special Jurisdiction,25,Concrete Traffic Barrier,0,The First Harmful Event was Not a Collision with a Motor Vehicle in Transport,1,Yes,19,Other location within Interchange Area,1,Not an Intersection,0,None,,,4,On Roadside,3,Dark - Lighted,,,,,1,Clear,0,No,0000000,Not Applicable,99,Unknown,99,Unknown,99,Unknown EMS Scene Arrival Hour,99,Unknown EMS Scene Arrival Minutes,99,Unknown,99,Unknown EMS Hospital Arrival Time,,,,,,,1,
2022,26,260880,Michigan,1,1,0,0,0,2,2,7,ALPENA (7),0,NOT APPLICABLE,30,30,11,November,2022,4,Wednesday,18,6:00pm-6:59pm,19,19,0,This section IS NOT on the NHS,1,Rural,5,Major Collector,2,County Highway Agency,4,County Road,CR-FRENCH RD,,42,42,45.14554722,45.14554722,-83.474005560,-83.47400556,0,No Special Jurisdiction,34,Ditch,0,The First Harmful Event was Not a Collision with a Motor Vehicle in Transport,0,No,1,Non-Junction,1,Not an Intersection,0,None,,,4,On Roadside,2,Dark - Not Lighted,,,,,4,Snow,0,No,0000000,Not Applicable,18,6:00pm-6:59pm,19,19,18,6:00pm-6:59pm,28,28,99,Unknown,99,Unknown EMS Hospital Arrival Time,,,,,,,1,
2022,26,260881,Michigan,1,1,0,1,1,2,2,49,GENESEE (49),4795,SWARTZ CREEK,23,23,11,November,2022,4,Wednesday,17,5:00pm-5:59pm,45,45,0,This section IS NOT on the NHS,2,Urban,4,Minor Arterial,4,City or Municipal Highway Agency,6,Local Street - Municipality,ELMS RD,,42,42,42.97512500,42.97512500,-83.811519440,-83.81151944,0,No Special Jurisdiction,8,Pedestrian,0,The First Harmful Event was Not a Collision with a Motor Vehicle in Transport,0,No,1,Non-Junction,1,Not an Intersection,0,None,,,1,On Roadway,5,Dusk,,,,,1,Clear,0,No,0000000,Not Applicable,17,5:00pm-5:59pm,47,47,17,5:00pm-5:59pm,54,54,88,"Not Applicable (Not Transported) ",88,Not Applicable (Not Transported),,,,,,,1,
2022,26,260882,Michigan,1,1,0,1,1,1,1,125,OAKLAND (125),4340,ROYAL OAK,21,21,11,November,2022,2,Monday,20,8:00pm-8:59pm,24,24,1,This section IS ON the NHS,2,Urban,3,Principal Arterial - Other,2,County Highway Agency,4,County Road,CR-12 MILE RD,STEPHENSON HWY,204,204,42.50450000,42.50450000,-83.118408330,-83.11840833,0,No Special Jurisdiction,9,Pedalcyclist,0,The First Harmful Event was Not a Collision with a Motor Vehicle in Transport,0,No,3,Intersection-Related,2,Four-Way Intersection,0,None,,,1,On Roadway,3,Dark - Lighted,,,,,1,Clear,0,No,0000000,Not Applicable,20,8:00pm-8:59pm,24,24,20,8:00pm-8:59pm,29,29,99,Unknown,99,Unknown EMS Hospital Arrival Time,,,,,,,1,
2022,26,260883,Michigan,2,2,0,0,0,2,2,125,OAKLAND (125),2230,HAZEL PARK,25,25,11,November,2022,6,Friday,23,11:00pm-11:59pm,34,34,1,This section IS ON the NHS,2,Urban,3,Principal Arterial - Other,1,State Highway Agency,3,State Highway,SR-102 8 MILE RD,,120,120,42.44728333,42.44728333,-83.086383330,-83.08638333,0,No Special Jurisdiction,12,Motor Vehicle In-Transport,6,Angle,0,No,7,"Crossover-Related ",1,Not an Intersection,0,None,,,1,On Roadway,3,Dark - Lighted,,,,,1,Clear,0,No,0000000,Not Applicable,99,Unknown,99,Unknown,99,Unknown EMS Scene Arrival Hour,99,Unknown EMS Scene Arrival Minutes,99,Unknown,99,Unknown EMS Hospital Arrival Time,,,,,,,1,
2022,26,260884,Michigan,1,1,0,0,0,2,2,163,WAYNE (163),2260,HIGHLAND PARK,1,1,11,November,2022,3,Tuesday,18,6:00pm-6:59pm,20,20,0,This section IS NOT on the NHS,2,Urban,7,Local,4,City or Municipal Highway Agency,6,Local Street - Municipality,3RD ST,,4,4,42.39182222,42.39182222,-83.095722220,-83.09572222,0,No Special Jurisdiction,42,Tree (Standing Only),0,The First Harmful Event was Not a Collision with a Motor Vehicle in Transport,0,No,1,Non-Junction,1,Not an Intersection,0,None,,,5,Outside Trafficway,1,Daylight,,,,,1,Clear,0,No,0000000,Not Applicable,99,Unknown,99,Unknown,99,Unknown EMS Scene Arrival Hour,99,Unknown EMS Scene Arrival Minutes,88,"Not Applicable (Not Transported) ",88,Not Applicable (Not Transported),,,,,,,1,
2022,26,260885,Michigan,1,1,0,0,0,2,2,109,MENOMINEE (109),0,NOT APPLICABLE,8,8,10,October,2022,7,Saturday,19,7:00pm-7:59pm,34,34,0,This section IS NOT on the NHS,1,Rural,7,Local,2,County Highway Agency,4,County Road,CR-OLD US 41,CEDAR ST,4,4,45.61036667,45.61036667,-87.552808330,-87.55280833,0,No Special Jurisdiction,1,Rollover/Overturn,0,The First Harmful Event was Not a Collision with a Motor Vehicle in Transport,0,No,3,Intersection-Related,3,T-Intersection,0,None,,,2,On Shoulder,5,Dusk,,,,,1,Clear,0,No,0000000,Not Applicable,99,Unknown,99,Unknown,99,Unknown EMS Scene Arrival Hour,99,Unknown EMS Scene Arrival Minutes,99,Unknown,99,Unknown EMS Hospital Arrival Time,,,,,,,1,
2022,26,260886,Michigan,1,1,0,0,0,1,1,55,GRAND TRAVERSE (55),0,NOT APPLICABLE,22,22,11,November,2022,3,Tuesday,15,3:00pm-3:59pm,19,19,0,This section IS NOT on the NHS,2,Urban,7,Local,2,County Highway Agency,4,County Road,CR-GARY RD,,0,None,44.65173611,44.65173611,-85.665622220,-85.66562222,0,No Special Jurisdiction,1,Rollover/Overturn,0,The First Harmful Event was Not a Collision with a Motor Vehicle in Transport,0,No,1,Non-Junction,1,Not an Intersection,0,None,,,1,On Roadway,1,Daylight,,,,,10,Cloudy,0,No,0000000,Not Applicable,15,3:00pm-3:59pm,21,21,15,3:00pm-3:59pm,27,27,99,Unknown,99,Unknown EMS Hospital Arrival Time,,,,,,,1,
2022,26,260887,Michigan,2,2,0,0,0,3,3,163,WAYNE (163),4010,PLYMOUTH,24,24,11,November,2022,5,Thursday,2,2:00am-2:59am,28,28,1,This section IS ON the NHS,2,Urban,2,Principal Arterial - Other Freeways and Expressways,1,State Highway Agency,3,State Highway,SR-14,,16,16,42.38195833,42.38195833,-83.523761110,-83.52376111,0,No Special Jurisdiction,12,Motor Vehicle In-Transport,2,Front-to-Front,0,No,1,Non-Junction,1,Not an Intersection,0,None,,,1,On Roadway,2,Dark - Not Lighted,,,,,10,Cloudy,0,No,0000000,Not Applicable,99,Unknown,99,Unknown,99,Unknown EMS Scene Arrival Hour,99,Unknown EMS Scene Arrival Minutes,99,Unknown,99,Unknown EMS Hospital Arrival Time,,,,,,,2,
2022,26,260888,Michigan,3,3,0,0,0,6,6,27,CASS (27),0,NOT APPLICABLE,2,2,12,December,2022,6,Friday,17,5:00pm-5:59pm,24,24,0,This section IS NOT on the NHS,1,Rural,4,Minor Arterial,1,State Highway Agency,3,State Highway,SR-60,ANDERSON RD,62,62,41.85409167,41.85409167,-86.131086110,-86.13108611,0,No Special Jurisdiction,12,Motor Vehicle In-Transport,1,Front-to-Rear,0,No,2,Intersection,2,Four-Way Intersection,0,None,,,1,On Roadway,5,Dusk,,,,,1,Clear,0,No,0000000,Not Applicable,99,Unknown,99,Unknown,99,Unknown EMS Scene Arrival Hour,99,Unknown EMS Scene Arrival Minutes,99,Unknown,99,Unknown EMS Hospital Arrival Time,,,,,,,1,
2022,26,260889,Michigan,1,1,0,0,0,1,1,147,ST. CLAIR (147),0,NOT APPLICABLE,3,3,12,December,2022,7,Saturday,3,3:00am-3:59am,55,55,0,This section IS NOT on the NHS,6,Trafficway Not in State Inventory,96,Trafficway Not in State Inventory,96,Trafficway Not in State Inventory,6,Local Street - Municipality,FERRY DOCK RD,,0,None,42.61803056,42.61803056,-82.560594440,-82.56059444,0,No Special Jurisdiction,3,Immersion or Partial Immersion,0,The First Harmful Event was Not a Collision with a Motor Vehicle in Transport,0,No,1,Non-Junction,1,Not an Intersection,0,None,,,5,Outside Trafficway,3,Dark - Lighted,,,,,1,Clear,0,No,0000000,Not Applicable,3,3:00am-3:59am,57,57,4,4:00am-4:59am,6,6,99,Unknown,99,Unknown EMS Hospital Arrival Time,,,,,,,1,
2022,26,260890,Michigan,2,2,0,0,0,7,7,163,WAYNE (163),1260,DETROIT,25,25,11,November,2022,6,Friday,1,1:00am-1:59am,21,21,1,This section IS ON the NHS,2,Urban,3,Principal Arterial - Other,1,State Highway Agency,3,State Highway,SR-96 GRAND RIVER AVE,NORTHLAWN ST,65,65,42.37407222,42.37407222,-83.152416670,-83.15241667,0,No Special Jurisdiction,12,Motor Vehicle In-Transport,6,Angle,0,No,2,Intersection,3,T-Intersection,0,None,,,1,On Roadway,3,Dark - Lighted,,,,,2,Rain,0,No,0000000,Not Applicable,99,Unknown,99,Unknown,99,Unknown EMS Scene Arrival Hour,99,Unknown EMS Scene Arrival Minutes,99,Unknown,99,Unknown EMS Hospital Arrival Time,,,,,,,1,
2022,26,260891,Michigan,2,2,0,0,0,2,2,49,GENESEE (49),1730,FLINT,4,4,12,December,2022,1,Sunday,22,10:00pm-10:59pm,30,30,0,This section IS NOT on the NHS,2,Urban,5,Major Collector,4,City or Municipal Highway Agency,6,Local Street - Municipality,W HAMILTON,N CHEVROLET,2,2,43.03597500,43.03597500,-83.715980560,-83.71598056,0,No Special Jurisdiction,12,Motor Vehicle In-Transport,6,Angle,0,No,2,Intersection,2,Four-Way Intersection,0,None,,,1,On Roadway,3,Dark - Lighted,,,,,1,Clear,0,No,0000000,Not Applicable,22,10:00pm-10:59pm,32,32,22,10:00pm-10:59pm,34,34,88,"Not Applicable (Not Transported) ",88,Not Applicable (Not Transported),,,,,,,1,
2022,26,260892,Michigan,3,3,0,0,0,3,3,163,WAYNE (163),4975,VAN BOWEN,4,4,12,December,2022,1,Sunday,13,1:00pm-1:59pm,41,41,0,This section IS NOT on the NHS,2,Urban,4,Minor Arterial,2,County Highway Agency,4,County Road,CR-RAWSONVILLE RD,,72,72,42.19041111,42.19041111,-83.542694440,-83.54269444,0,No Special Jurisdiction,12,Motor Vehicle In-Transport,2,Front-to-Front,0,No,1,Non-Junction,1,Not an Intersection,0,None,,,1,On Roadway,1,Daylight,,,,,1,Clear,0,No,0000000,Not Applicable,99,Unknown,99,Unknown,99,Unknown EMS Scene Arrival Hour,99,Unknown EMS Scene Arrival Minutes,99,Unknown,99,Unknown EMS Hospital Arrival Time,,,,,,,1,
2022,26,260893,Michigan,1,1,0,1,1,1,1,103,MARQUETTE (103),2480,ISHPEMING,23,23,11,November,2022,4,Wednesday,19,7:00pm-7:59pm,9,9,0,This section IS NOT on the NHS,2,Urban,4,Minor Arterial,1,State Highway Agency,3,State Highway,SR-28 READY ST,,41,41,46.48978333,46.48978333,-87.642422220,-87.64242222,0,No Special Jurisdiction,8,Pedestrian,0,The First Harmful Event was Not a Collision with a Motor Vehicle in Transport,0,No,1,Non-Junction,1,Not an Intersection,0,None,,,2,On Shoulder,2,Dark - Not Lighted,,,,,1,Clear,0,No,0000000,Not Applicable,99,Unknown,98,Unknown if Notified,99,Unknown EMS Scene Arrival Hour,98,Unknown if Arrived,88,"Not Applicable (Not Transported) ",88,Not Applicable (Not Transported),,,,,,,1,