caseyear,state,st_case,statename,ve_total,ve_forms,pvh_invl,peds,pernotmvit,permvit,persons,county,countyname,city,cityname,day,dayname,month,monthname,year,day_week,day_weekname,hour,hourname,minute,minutename,nhs,nhsname,rur_urb,rur_urbname,func_sys,func_sysname,rd_owner,rd_ownername,route,routename,tway_id,tway_id2,milept,mileptname,latitude,latitudename,longitud,longitudname,sp_jur,sp_jurname,harm_ev,harm_evname,man_coll,man_collname,reljct1,reljct1name,reljct2,reljct2name,typ_int,typ_intname,wrk_zone,wrk_zonename,road_fnc,road_fncname,rel_road,rel_roadname,lgt_cond,lgt_condname,weather1,weather1name,weather2,weather2name,weather,weathername,sch_bus,sch_busname,rail,railname,not_hour,not_hourname,not_min,not_minname,arr_hour,arr_hourname,arr_min,arr_minname,hosp_hr,hosp_hrname,hosp_mn,hosp_mnname,cf1,cf1name,cf2,cf2name,cf3,cf3name,fatals,drunk_dr
2023,26,260006,Michigan,2,2,0,0,0,2,2,21,BERRIEN (21),0,NOT APPLICABLE,9,9,1,January,2023,2,Monday,15,3:00pm-3:59pm,33,33,1,This Section IS ON the NHS,2,Urban,3,Other Principal Arterial,1,State Highway Agency,2,U.S. Highway,US-12 E PULASKI HWY,,13,13,41.80541667,41.80541667,-86.304077780,-86.30407778,0,No Special Jurisdiction,12,Motor Vehicle In-Transport,2,Front-to-Front,0,No,1,Non-Junction,1,Not an Intersection,0,None,,,1,On Roadway,1,Daylight,,,,,10,Cloudy,0,No,0000000,Not Applicable,15,3:00pm-3:59pm,33,33,15,3:00pm-3:59pm,43,43,99,Unknown,99,Unknown EMS Hospital Arrival Time,,,,,,,2,
2023,26,260007,Michigan,1,1,0,1,1,1,1,115,MONROE (115),0,NOT APPLICABLE,11,11,1,January,2023,4,Wednesday,21,9:00pm-9:59pm,48,48,1,This Section IS ON the NHS,1,Rural,1,Interstate,1,State Highway Agency,1,Interstate,I-75,,74,74,41.82700556,41.82700556,-83.431852780,-83.43185278,0,No Special Jurisdiction,8,Pedestrian,0,The First Harmful Event was Not a Collision with a Motor Vehicle in Transport,0,No,1,Non-Junction,1,Not an Intersection,0,None,,,1,On Roadway,3,Dark - Lighted,,,,,10,Cloudy,0,No,0000000,Not Applicable,99,Unknown,99,Unknown,99,Unknown EMS Scene Arrival Hour,99,Unknown EMS Scene Arrival Minutes,88,"Not Applicable (Not Transported) ",88,Not Applicable (Not Transported),,,,,,,1,
2023,26,260008,Michigan,2,2,0,0,0,2,2,41,DELTA (41),0,NOT APPLICABLE,15,15,1,January,2023,1,Sunday,12,12:00pm-12:59pm,34,34,1,This Section IS ON the NHS,2,Urban,3,Other Principal Arterial,1,State Highway Agency,2,U.S. Highway,US-2,,2,2,45.82808056,45.82808056,-87.045152780,-87.04515278,0,No Special Jurisdiction,12,Motor Vehicle In-Transport,2,Front-to-Front,0,No,1,Non-Junction,1,Not an Intersection,0,None,,,1,On Roadway,1,Daylight,,,,,1,Clear,0,No,0000000,Not Applicable,12,12:00pm-12:59pm,37,37,12,12:00pm-12:59pm,43,43,99,Unknown,99,Unknown EMS Hospital Arrival Time,,,,,,,1,
2023,26,260009,Michigan,1,1,0,0,0,1,1,161,WASHTENAW (161),0,NOT APPLICABLE,16,16,1,January,2023,2,Monday,5,5:00am-5:59am,10,10,0,This Section IS NOT on the NHS,2,Urban,4,Minor Arterial,2,County Highway Agency,4,County,CR-SALINE ANN ARBOR RD,,0,None,42.19829722,42.19829722,-83.797105560,-83.79710556,0,No Special Jurisdiction,42,Tree (Standing Only),0,The First Harmful Event was Not a Collision with a Motor Vehicle in Transport,0,No,1,Non-Junction,1,Not an Intersection,0,None,,,5,Outside Trafficway,3,Dark - Lighted,,,,,10,Cloudy,0,No,0000000,Not Applicable,6,6:00am-6:59am,3,3,6,6:00am-6:59am,20,20,88,"Not Applicable (Not Transported) ",88,Not Applicable (Not Transported),,,,,,,1,
2023,26,260010,Michigan,1,1,0,0,0,1,1,123,NEWAYGO (123),0,NOT APPLICABLE,6,6,1,January,2023,6,Friday,8,8:00am-8:59am,0,0,0,This Section IS NOT on the NHS,1,Rural,5,Major Collector,2,County Highway Agency,4,County,CR-40TH ST,,14,14,43.48154167,43.48154167,-85.791583330,-85.79158333,0,No Special Jurisdiction,42,Tree (Standing Only),0,The First Harmful Event was Not a Collision with a Motor Vehicle in Transport,0,No,1,Non-Junction,1,Not an Intersection,0,None,,,4,On Roadside,2,Dark - Not Lighted,,,,,3,Sleet or Hail,0,No,0000000,Not Applicable,8,8:00am-8:59am,30,30,8,8:00am-8:59am,40,40,88,"Not Applicable (Not Transported) ",88,Not Applicable (Not Transported),,,,,,,1,
2023,26,260011,Michigan,1,1,0,0,0,1,1,81,KENT (81),0,NOT APPLICABLE,13,13,1,January,2023,6,Friday,18,6:00pm-6:59pm,58,58,0,This Section IS NOT on the NHS,1,Rural,7,Local,2,County Highway Agency,4,County,CR-92ND ST SE,,53,53,42.79819167,42.79819167,-85.373908330,-85.37390833,0,No Special Jurisdiction,42,Tree (Standing Only),0,The First Harmful Event was Not a Collision with a Motor Vehicle in Transport,0,No,1,Non-Junction,1,Not an Intersection,0,None,,,4,On Roadside,2,Dark - Not Lighted,,,,,10,Cloudy,0,No,0000000,Not Applicable,99,Unknown,99,Unknown,99,Unknown EMS Scene Arrival Hour,99,Unknown EMS Scene Arrival Minutes,88,"Not Applicable (Not Transported) ",88,Not Applicable (Not Transported),,,,,,,1,
2023,26,260012,Michigan,1,1,0,1,1,2,2,33,CHIPPEWA (33),4480,SAULT STE MARIE,6,6,1,January,2023,6,Friday,22,10:00pm-10:59pm,55,55,0,This Section IS NOT on the NHS,2,Urban,4,Minor Arterial,2,County Highway Agency,4,County,CR-3 MILE RD,,9,9,46.46301111,46.46301111,-84.351872220,-84.35187222,0,No Special Jurisdiction,9,Pedalcyclist,0,The First Harmful Event was Not a Collision with a Motor Vehicle in Transport,0,No,1,Non-Junction,1,Not an Intersection,0,None,,,1,On Roadway,2,Dark - Not Lighted,,,,,1,Clear,0,No,0000000,Not Applicable,22,10:00pm-10:59pm,57,57,23,11:00pm-11:59pm,5,5,99,Unknown,99,Unknown EMS Hospital Arrival Time,,,,,,,1,
2023,26,260013,Michigan,1,1,0,0,0,2,2,115,MONROE (115),1340,DUNDEE,6,6,1,January,2023,6,Friday,21,9:00pm-9:59pm,53,53,0,This Section IS NOT on the NHS,1,Rural,4,Minor Arterial,1,State Highway Agency,3,State Highway,SR-50 TECUMSEH ST,MAIN ST,58,58,41.95735556,41.95735556,-83.659794440,-83.65979444,0,No Special Jurisdiction,42,Tree (Standing Only),0,The First Harmful Event was Not a Collision with a Motor Vehicle in Transport,0,No,3,Intersection-Related,2,Four-Way Intersection,0,None,,,4,On Roadside,3,Dark - Lighted,,,,,2,Rain,0,No,0000000,Not Applicable,21,9:00pm-9:59pm,58,58,21,9:00pm-9:59pm,58,58,99,Unknown,99,Unknown EMS Hospital Arrival Time,,,,,,,1,
2023,26,260014,Michigan,1,1,0,0,0,1,1,55,GRAND TRAVERSE (55),0,NOT APPLICABLE,16,16,1,January,2023,2,Monday,2,2:00am-2:59am,20,20,0,This Section IS NOT on the NHS,1,Rural,5,Major Collector,1,State Highway Agency,3,State Highway,SR-37 CENTER RD,,112,112,44.91298333,44.91298333,-85.504977780,-85.50497778,0,No Special Jurisdiction,35,Embankment,0,The First Harmful Event was Not a Collision with a Motor Vehicle in Transport,0,No,1,Non-Junction,1,Not an Intersection,0,None,,,4,On Roadside,2,Dark - Not Lighted,,,,,1,Clear,0,No,0000000,Not Applicable,99,Unknown,99,Unknown,99,Unknown EMS Scene Arrival Hour,99,Unknown EMS Scene Arrival Minutes,88,"Not Applicable (Not Transported) ",88,Not Applicable (Not Transported),,,,,,,1,
2023,26,260015,Michigan,2,2,0,0,0,2,2,117,MONTCALM (117),0,NOT APPLICABLE,13,13,1,January,2023,6,Friday,7,7:00am-7:59am,13,13,0,This Section IS NOT on the NHS,2,Urban,5,Major Collector,2,County Highway Agency,4,County,CR-WISE RD,YOUNGMAN RD,15,15,43.20641667,43.20641667,-85.282394440,-85.28239444,0,No Special Jurisdiction,12,Motor Vehicle In-Transport,6,Angle,1,Yes,2,Intersection,3,T-Intersection,0,None,,,1,On Roadway,3,Dark - Lighted,,,,,10,Cloudy,0,No,0000000,Not Applicable,7,7:00am-7:59am,20,20,7,7:00am-7:59am,28,28,88,"Not Applicable (Not Transported) ",88,Not Applicable (Not Transported),,,,,,,1,
2023,26,260016,Michigan,1,1,0,0,0,1,1,37,CLINTON (37),0,NOT APPLICABLE,19,19,1,January,2023,5,Thursday,10,10:00am-10:59am,24,24,0,This Section IS NOT on the NHS,1,Rural,5,Major Collector,2,County Highway Agency,4,County,CR-S WACOUSTA RD,,20,20,42.79953611,42.79953611,-84.701147220,-84.70114722,0,No Special Jurisdiction,42,Tree (Standing Only),0,The First Harmful Event was Not a Collision with a Motor Vehicle in Transport,0,No,1,Non-Junction,1,Not an Intersection,0,None,,,4,On Roadside,1,Daylight,,,,,2,Rain,0,No,0000000,Not Applicable,10,10:00am-10:59am,25,25,10,10:00am-10:59am,40,40,88,"Not Applicable (Not Transported) ",88,Not Applicable (Not Transported),,,,,,,1,
2023,26,260017,Michigan,1,1,0,0,0,1,1,25,CALHOUN (25),0,NOT APPLICABLE,16,16,1,January,2023,2,Monday,8,8:00am-8:59am,51,51,0,This Section IS NOT on the NHS,1,Rural,5,Major Collector,2,County Highway Agency,4,County,CR-K DR S,,57,57,42.16665556,42.16665556,-85.182966670,-85.18296667,0,No Special Jurisdiction,42,Tree (Standing Only),0,The First Harmful Event was Not a Collision with a Motor Vehicle in Transport,0,No,1,Non-Junction,1,Not an Intersection,0,None,,,4,On Roadside,1,Daylight,,,,,1,Clear,0,No,0000000,Not Applicable,8,8:00am-8:59am,51,51,9,9:00am-9:59am,0,0,99,Unknown,99,Unknown EMS Hospital Arrival Time,,,,,,,1,
2023,26,260018,Michigan,1,1,0,0,0,1,1,163,WAYNE (163),1260,DETROIT,21,21,1,January,2023,7,Saturday,13,1:00pm-1:59pm,54,54,0,This Section IS NOT on the NHS,2,Urban,5,Major Collector,4,City or Municipal Highway Agency,6,Municipal,MU-JUNCTION AVE,,9,9,42.32347222,42.32347222,-83.105983330,-83.10598333,0,No Special Jurisdiction,1,Rollover/Overturn,0,The First Harmful Event was Not a Collision with a Motor Vehicle in Transport,0,No,1,Non-Junction,1,Not an Intersection,0,None,,,4,On Roadside,1,Daylight,,,,,10,Cloudy,0,No,0000000,Not Applicable,99,Unknown,99,Unknown,99,Unknown EMS Scene Arrival Hour,99,Unknown EMS Scene Arrival Minutes,88,"Not Applicable (Not Transported) ",88,Not Applicable (Not Transported),,,,,,,1,
2023,26,260019,Michigan,1,1,0,1,1,2,2,49,GENESEE (49),0,NOT APPLICABLE,11,11,1,January,2023,4,Wednesday,18,6:00pm-6:59pm,20,20,0,This Section IS NOT on the NHS,2,Urban,4,Minor Arterial,2,County Highway Agency,4,County,CR-STANLEY RD,,70,70,43.10476111,43.10476111,-83.712908330,-83.71290833,0,No Special Jurisdiction,8,Pedestrian,0,The First Harmful Event was Not a Collision with a Motor Vehicle in Transport,0,No,1,Non-Junction,1,Not an Intersection,0,None,,,1,On Roadway,3,Dark - Lighted,,,,,1,Clear,0,No,0000000,Not Applicable,99,Unknown,98,Unknown if Notified,99,Unknown EMS Scene Arrival Hour,98,Unknown if Arrived,88,"Not Applicable (Not Transported) ",88,Not Applicable (Not Transported),,,,,,,1,
2023,26,260020,Michigan,1,1,0,0,0,3,3,139,OTTAWA (139),0,NOT APPLICABLE,22,22,1,January,2023,1,Sunday,1,1:00am-1:59am,40,40,0,This Section IS NOT on the NHS,2,Urban,7,Local,2,County Highway Agency,4,County,CR-JENISON AVE,,3,3,42.77183056,42.77183056,-86.195216670,-86.19521667,0,No Special Jurisdiction,3,Immersion or Partial Immersion,0,The First Harmful Event was Not a Collision with a Motor Vehicle in Transport,0,No,1,Non-Junction,1,Not an Intersection,0,None,,,4,On Roadside,2,Dark - Not Lighted,,,,,99,Reported as Unknown,0,No,0000000,Not Applicable,99,Unknown,99,Unknown,99,Unknown EMS Scene Arrival Hour,99,Unknown EMS Scene Arrival Minutes,99,Unknown,99,Unknown EMS Hospital Arrival Time,,,,,,,1,
2023,26,260021,Michigan,1,1,0,1,1,1,1,49,GENESEE (49),0,NOT APPLICABLE,13,13,1,January,2023,6,Friday,6,6:00am-6:59am,35,35,0,This Section IS NOT on the NHS,2,Urban,7,Local,2,County Highway Agency,4,County,CR-GALE RD,,4,4,43.01824167,43.01824167,-83.537158330,-83.53715833,0,No Special Jurisdiction,8,Pedestrian,0,The First Harmful Event was Not a Collision with a Motor Vehicle in Transport,0,No,1,Non-Junction,1,Not an Intersection,0,None,,,1,On Roadway,2,Dark - Not Lighted,,,,,10,Cloudy,0,No,0000000,Not Applicable,99,Unknown,98,Unknown if Notified,99,Unknown EMS Scene Arrival Hour,98,Unknown if Arrived,88,"Not Applicable (Not Transported) ",88,Not Applicable (Not Transported),,,,,,,1,
2023,26,260022,Michigan,1,1,0,1,1,1,1,163,WAYNE (163),1210,DEARBORN,20,20,1,January,2023,6,Friday,18,6:00pm-6:59pm,34,34,1,This Section IS ON the NHS,2,Urban,3,Other Principal Arterial,2,County Highway Agency,4,County,CR-WARREN AVE,REUTER,12,12,42.34409167,42.34409167,-83.172188890,-83.17218889,0,No Special Jurisdiction,8,Pedestrian,0,The First Harmful Event was Not a Collision with a Motor Vehicle in Transport,0,No,3,Intersection-Related,2,Four-Way Intersection,0,None,,,1,On Roadway,2,Dark - Not Lighted,,,,,1,Clear,0,No,0000000,Not Applicable,18,6:00pm-6:59pm,35,35,18,6:00pm-6:59pm,38,38,99,Unknown,99,Unknown EMS Hospital Arrival Time,,,,,,,1,
2023,26,260023,Michigan,1,1,0,0,0,1,1,125,OAKLAND (125),0,NOT APPLICABLE,14,14,1,January,2023,7,Saturday,5,5:00am-5:59am,49,49,1,This Section IS ON the NHS,1,Rural,1,Interstate,1,State Highway Agency,1,Interstate,I-75,,350,350,42.74113333,42.74113333,-83.475486110,-83.47548611,0,No Special Jurisdiction,42,Tree (Standing Only),0,The First Harmful Event was Not a Collision with a Motor Vehicle in Transport,0,No,1,Non-Junction,1,Not an Intersection,0,None,,,4,On Roadside,2,Dark - Not Lighted,,,,,10,Cloudy,0,No,0000000,Not Applicable,99,Unknown,99,Unknown,99,Unknown EMS Scene Arrival Hour,99,Unknown EMS Scene Arrival Minutes,88,"Not Applicable (Not Transported) ",88,Not Applicable (Not Transported),,,,,,,1,
2023,26,260024,Michigan,1,1,0,1,1,1,1,163,WAYNE (163),1210,DEARBORN,16,16,1,January,2023,2,Monday,22,10:00pm-10:59pm,0,0,1,This Section IS ON the NHS,2,Urban,3,Other Principal Arterial,1,State Highway Agency,2,U.S. Highway,US-12 MICHIGAN AVE,,11,11,42.32441111,42.32441111,-83.167938890,-83.16793889,0,No Special Jurisdiction,8,Pedestrian,0,The First Harmful Event was Not a Collision with a Motor Vehicle in Transport,0,No,1,Non-Junction,1,Not an Intersection,0,None,,,1,On Roadway,3,Dark - Lighted,,,,,2,Rain,0,No,0000000,Not Applicable,99,Unknown,99,Unknown,99,Unknown EMS Scene Arrival Hour,99,Unknown EMS Scene Arrival Minutes,99,Unknown,99,Unknown EMS Hospital Arrival Time,,,,,,,1,
2023,26,260025,Michigan,1,1,0,0,0,1,1,49,GENESEE (49),1731,FLINT TOWNSHIP,18,18,1,January,2023,4,Wednesday,22,10:00pm-10:59pm,26,26,0,This Section IS NOT on the NHS,2,Urban,4,Minor Arterial,2,County Highway Agency,4,County,CR-FLUSHING RD,,64,64,43.03223333,43.03223333,-83.753636110,-83.75363611,0,No Special Jurisdiction,59,"Traffic Sign Support ",0,The First Harmful Event was Not a Collision with a Motor Vehicle in Transport,0,No,1,Non-Junction,1,Not an Intersection,0,None,,,4,On Roadside,2,Dark - Not Lighted,,,,,1,Clear,0,No,0000000,Not Applicable,99,Unknown,99,Unknown,99,Unknown EMS Scene Arrival Hour,99,Unknown EMS Scene Arrival Minutes,88,"Not Applicable (Not Transported) ",88,Not Applicable (Not Transported),,,,,,,1,
2023,26,260026,Michigan,2,2,0,0,0,2,2,125,OAKLAND (125),0,NOT APPLICABLE,19,19,1,January,2023,5,Thursday,14,2:00pm-2:59pm,10,10,0,This Section IS NOT on the NHS,2,Urban,5,Major Collector,2,County Highway Agency,4,County,CR-COOLEY LAKE RD,DUCK LAKE RD,16,16,42.61055278,42.61055278,-83.566983330,-83.56698333,0,No Special Jurisdiction,12,Motor Vehicle In-Transport,6,Angle,0,No,2,Intersection,3,T-Intersection,0,None,,,1,On Roadway,1,Daylight,,,,,10,Cloudy,1,Yes,0000000,Not Applicable,14,2:00pm-2:59pm,11,11,14,2:00pm-2:59pm,16,16,88,"Not Applicable (Not Transported) ",88,Not Applicable (Not Transported),,,,,,,1,
2023,26,260027,Michigan,1,1,0,0,0,1,1,155,SHIAWASSEE (155),0,NOT APPLICABLE,23,23,1,January,2023,2,Monday,6,6:00am-6:59am,54,54,0,This Section IS NOT on the NHS,1,Rural,5,Major Collector,2,County Highway Agency,4,County,CR-GRAND RIVER RD,,64,64,42.89076389,42.89076389,-84.246577780,-84.24657778,0,No Special Jurisdiction,34,Ditch,0,The First Harmful Event was Not a Collision with a Motor Vehicle in Transport,0,No,1,Non-Junction,1,Not an Intersection,0,None,,,4,On Roadside,2,Dark - Not Lighted,,,,,10,Cloudy,0,No,0000000,Not Applicable,99,Unknown,99,Unknown,99,Unknown EMS Scene Arrival Hour,99,Unknown EMS Scene Arrival Minutes,88,"Not Applicable (Not Transported) ",88,Not Applicable (Not Transported),,,,,,,1,
2023,26,260028,Michigan,1,1,0,0,0,4,4,163,WAYNE (163),1260,DETROIT,21,21,1,January,2023,7,Saturday,9,9:00am-9:59am,48,48,0,This Section IS NOT on the NHS,2,Urban,7,Local,4,City or Municipal Highway Agency,6,Municipal,MU-LINVILLE AVE,WOODHALL RD,23,23,42.41387778,42.41387778,-82.930191670,-82.93019167,0,No Special Jurisdiction,42,Tree (Standing Only),0,The First Harmful Event was Not a Collision with a Motor Vehicle in Transport,0,No,3,Intersection-Related,2,Four-Way Intersection,0,None,,,4,On Roadside,1,Daylight,,,,,1,Clear,0,No,0000000,Not Applicable,99,Unknown,99,Unknown,99,Unknown EMS Scene Arrival Hour,99,Unknown EMS Scene Arrival Minutes,99,Unknown,99,Unknown EMS Hospital Arrival Time,,,,,,,1,
2023,26,260029,Michigan,1,1,0,0,0,2,2,21,BERRIEN (21),0,NOT APPLICABLE,24,24,1,January,2023,3,Tuesday,21,9:00pm-9:59pm,15,15,0,This Section IS NOT on the NHS,1,Rural,5,Major Collector,1,State Highway Agency,3,State Highway,SR-139 FERRY ST,,63,63,41.90986389,41.90986389,-86.309822220,-86.30982222,0,No Special Jurisdiction,53,Mail Box,0,The First Harmful Event was Not a Collision with a Motor Vehicle in Transport,0,No,1,Non-Junction,1,Not an Intersection,0,None,,,4,On Roadside,2,Dark - Not Lighted,,,,,1,Clear,0,No,0000000,Not Applicable,99,Unknown,99,Unknown,99,Unknown EMS Scene Arrival Hour,99,Unknown EMS Scene Arrival Minutes,88,"Not Applicable (Not Transported) ",88,Not Applicable (Not Transported),,,,,,,2,
2023,26,260030,Michigan,1,1,0,0,0,1,1,35,CLARE (35),0,NOT APPLICABLE,16,16,1,January,2023,2,Monday,13,1:00pm-1:59pm,48,48,0,This Section IS NOT on the NHS,1,Rural,5,Major Collector,2,County Highway Agency,4,County,CR-E BEAVERTON RD,,25,25,43.87313611,43.87313611,-84.718944440,-84.71894444,0,No Special Jurisdiction,42,Tree (Standing Only),0,The First Harmful Event was Not a Collision with a Motor Vehicle in Transport,0,No,1,Non-Junction,1,Not an Intersection,0,None,,,4,On Roadside,1,Daylight,,,,,10,Cloudy,0,No,0000000,Not Applicable,99,Unknown,99,Unknown,99,Unknown EMS Scene Arrival Hour,99,Unknown EMS Scene Arrival Minutes,88,"Not Applicable (Not Transported) ",88,Not Applicable (Not Transported),,,,,,,1,
2023,26,260031,Michigan,1,1,0,0,0,1,1,77,KALAMAZOO (77),0,NOT APPLICABLE,26,26,1,January,2023,5,Thursday,10,10:00am-10:59am,59,59,0,This Section IS NOT on the NHS,1,Rural,5,Major Collector,2,County Highway Agency,4,County,CR-ALMENA,,18,18,42.28852778,42.28852778,-85.734308330,-85.73430833,0,No Special Jurisdiction,42,Tree (Standing Only),0,The First Harmful Event was Not a Collision with a Motor Vehicle in Transport,0,No,1,Non-Junction,1,Not an Intersection,0,None,,,4,On Roadside,1,Daylight,,,,,4,Snow,0,No,0000000,Not Applicable,10,10:00am-10:59am,59,59,11,11:00am-11:59am,7,7,88,"Not Applicable (Not Transported) ",88,Not Applicable (Not Transported),,,,,,,1,
2023,26,260032,Michigan,2,2,0,0,0,2,2,125,OAKLAND (125),0,NOT APPLICABLE,26,26,1,January,2023,5,Thursday,18,6:00pm-6:59pm,16,16,0,This Section IS NOT on the NHS,2,Urban,4,Minor Arterial,2,County Highway Agency,4,County,CR-ADAMS RD,,130,130,42.71614722,42.71614722,-83.195947220,-83.19594722,0,No Special Jurisdiction,12,Motor Vehicle In-Transport,2,Front-to-Front,0,No,1,Non-Junction,1,Not an Intersection,0,None,,,1,On Roadway,2,Dark - Not Lighted,,,,,4,Snow,0,No,0000000,Not Applicable,18,6:00pm-6:59pm,16,16,18,6:00pm-6:59pm,26,26,99,Unknown,99,Unknown EMS Hospital Arrival Time,,,,,,,1,
2023,26,260033,Michigan,1,1,0,0,0,3,3,129,OGEMAW (129),0,NOT APPLICABLE,10,10,1,January,2023,3,Tuesday,19,7:00pm-7:59pm,45,45,0,This Section IS NOT on the NHS,1,Rural,5,Major Collector,2,County Highway Agency,4,County,CR-PEACH LAKE RD,W CABIN LAKE RD,5,5,44.24131111,44.24131111,-84.165819440,-84.16581944,0,No Special Jurisdiction,42,Tree (Standing Only),0,The First Harmful Event was Not a Collision with a Motor Vehicle in Transport,0,No,3,Intersection-Related,3,T-Intersection,0,None,,,4,On Roadside,2,Dark - Not Lighted,,,,,1,Clear,0,No,0000000,Not Applicable,99,Unknown,99,Unknown,99,Unknown EMS Scene Arrival Hour,99,Unknown EMS Scene Arrival Minutes,99,Unknown,99,Unknown EMS Hospital Arrival Time,,,,,,,1,
2023,26,260034,Michigan,3,3,0,0,0,6,6,37,CLINTON (37),0,NOT APPLICABLE,26,26,1,January,2023,5,Thursday,7,7:00am-7:59am,25,25,0,This Section IS NOT on the NHS,1,Rural,4,Minor Arterial,2,County Highway Agency,4,County,CR-N HOLLISTER RD,,125,125,43.03753889,43.03753889,-84.387041670,-84.38704167,0,No Special Jurisdiction,12,Motor Vehicle In-Transport,6,Angle,0,No,1,Non-Junction,1,Not an Intersection,0,None,,,1,On Roadway,2,Dark - Not Lighted,,,,,10,Cloudy,0,No,0000000,Not Applicable,99,Unknown,99,Unknown,99,Unknown EMS Scene Arrival Hour,99,Unknown EMS Scene Arrival Minutes,99,Unknown,99,Unknown EMS Hospital Arrival Time,,,,,,,1,
2023,26,260035,Michigan,2,2,0,0,0,2,2,157,TUSCOLA (157),0,NOT APPLICABLE,14,14,1,January,2023,7,Saturday,13,1:00pm-1:59pm,6,6,0,This Section IS NOT on the NHS,1,Rural,7,Local,2,County Highway Agency,4,County,CR-DIXON RD,HIGGINS RD,78,78,43.46621111,43.46621111,-83.542822220,-83.54282222,0,No Special Jurisdiction,12,Motor Vehicle In-Transport,6,Angle,0,No,2,Intersection,2,Four-Way Intersection,0,None,,,1,On Roadway,1,Daylight,,,,,1,Clear,0,No,0000000,Not Applicable,13,1:00pm-1:59pm,6,6,13,1:00pm-1:59pm,10,10,99,Unknown,99,Unknown EMS Hospital Arrival Time,,,,,,,1,
2023,26,260036,Michigan,2,2,0,0,0,2,2,115,MONROE (115),0,NOT APPLICABLE,23,23,1,January,2023,2,Monday,8,8:00am-8:59am,30,30,0,This Section IS NOT on the NHS,2,Urban,5,Major Collector,2,County Highway Agency,4,County,CR-NEWPORT RD,,19,19,42.00745000,42.00745000,-83.348763890,-83.34876389,0,No Special Jurisdiction,12,Motor Vehicle In-Transport,2,Front-to-Front,0,No,1,Non-Junction,1,Not an Intersection,0,None,,,1,On Roadway,1,Daylight,,,,,10,Cloudy,0,No,0000000,Not Applicable,8,8:00am-8:59am,39,39,8,8:00am-8:59am,44,44,88,"Not Applicable (Not Transported) ",88,Not Applicable (Not Transported),,,,,,,1,
2023,26,260037,Michigan,2,2,0,0,0,2,2,115,MONROE (115),3320,MONROE,24,24,1,January,2023,3,Tuesday,20,8:00pm-8:59pm,38,38,1,This Section IS ON the NHS,2,Urban,1,Interstate,1,State Highway Agency,1,Interstate,I-75 RAMP 020D,,2,2,41.90099444,41.90099444,-83.373661110,-83.37366111,0,No Special Jurisdiction,12,Motor Vehicle In-Transport,2,Front-to-Front,1,Yes,20,Entrance/Exit Ramp,1,Not an Intersection,0,None,,,1,On Roadway,3,Dark - Lighted,,,,,10,Cloudy,0,No,0000000,Not Applicable,20,8:00pm-8:59pm,39,39,20,8:00pm-8:59pm,46,46,99,Unknown,99,Unknown EMS Hospital Arrival Time,,,,,,,1,
2023,26,260038,Michigan,1,1,0,0,0,2,2,165,WEXFORD (165),0,NOT APPLICABLE,24,24,1,January,2023,3,Tuesday,19,7:00pm-7:59pm,58,58,1,This Section IS ON the NHS,1,Rural,3,Other Principal Arterial,1,State Highway Agency,3,State Highway,SR-115,,111,111,44.37053056,44.37053056,-85.621822220,-85.62182222,0,No Special Jurisdiction,58,Ground,0,The First Harmful Event was Not a Collision with a Motor Vehicle in Transport,0,No,1,Non-Junction,1,Not an Intersection,0,None,,,4,On Roadside,2,Dark - Not Lighted,,,,,10,Cloudy,0,No,0000000,Not Applicable,20,8:00pm-8:59pm,3,3,20,8:00pm-8:59pm,13,13,88,"Not Applicable (Not Transported) ",88,Not Applicable (Not Transported),,,,,,,2,
2023,26,260039,Michigan,1,1,0,0,0,3,3,69,IOSCO (69),0,NOT APPLICABLE,21,21,1,January,2023,7,Saturday,12,12:00pm-12:59pm,5,5,0,This Section IS NOT on the NHS,1,Rural,5,Major Collector,2,County Highway Agency,4,County,CR-VAUGHN RD,,103,103,44.35818611,44.35818611,-83.690116670,-83.69011667,0,No Special Jurisdiction,42,Tree (Standing Only),0,The First Harmful Event was Not a Collision with a Motor Vehicle in Transport,0,No,1,Non-Junction,1,Not an Intersection,0,None,,,4,On Roadside,1,Daylight,,,,,10,Cloudy,0,No,0000000,Not Applicable,12,12:00pm-12:59pm,6,6,12,12:00pm-12:59pm,16,16,88,"Not Applicable (Not Transported) ",88,Not Applicable (Not Transported),,,,,,,1,
2023,26,260040,Michigan,2,2,0,0,0,2,2,25,CALHOUN (25),0,NOT APPLICABLE,25,25,1,January,2023,4,Wednesday,4,4:00am-4:59am,58,58,1,This Section IS ON the NHS,1,Rural,1,Interstate,1,State Highway Agency,1,Interstate,I-69,,22,22,42.10058056,42.10058056,-84.996811110,-84.99681111,0,No Special Jurisdiction,24,Guardrail Face,0,The First Harmful Event was Not a Collision with a Motor Vehicle in Transport,0,No,1,Non-Junction,1,Not an Intersection,0,None,,,3,On Median,2,Dark - Not Lighted,,,,,4,Snow,0,No,0000000,Not Applicable,4,4:00am-4:59am,58,58,5,5:00am-5:59am,4,4,88,"Not Applicable (Not Transported) ",88,Not Applicable (Not Transported),,,,,,,1,