caseyear,state,st_case,statename,ve_total,ve_forms,pvh_invl,peds,pernotmvit,permvit,persons,county,countyname,city,cityname,day,dayname,month,monthname,year,day_week,day_weekname,hour,hourname,minute,minutename,nhs,nhsname,rur_urb,rur_urbname,func_sys,func_sysname,rd_owner,rd_ownername,route,routename,tway_id,tway_id2,milept,mileptname,latitude,latitudename,longitud,longitudname,sp_jur,sp_jurname,harm_ev,harm_evname,man_coll,man_collname,reljct1,reljct1name,reljct2,reljct2name,typ_int,typ_intname,wrk_zone,wrk_zonename,road_fnc,road_fncname,rel_road,rel_roadname,lgt_cond,lgt_condname,weather1,weather1name,weather2,weather2name,weather,weathername,sch_bus,sch_busname,rail,railname,not_hour,not_hourname,not_min,not_minname,arr_hour,arr_hourname,arr_min,arr_minname,hosp_hr,hosp_hrname,hosp_mn,hosp_mnname,cf1,cf1name,cf2,cf2name,cf3,cf3name,fatals,drunk_dr
2023,26,260078,Michigan,3,3,0,0,0,8,8,97,MACKINAC (97),3359,MORAN,4,4,2,February,2023,7,Saturday,12,12:00pm-12:59pm,32,32,1,This Section IS ON the NHS,1,Rural,3,Other Principal Arterial,1,State Highway Agency,2,U.S. Highway,US-2,,502,502,45.93133889,45.93133889,-84.916202780,-84.91620278,0,No Special Jurisdiction,51,Jackknife (harmful to this vehicle),0,The First Harmful Event was Not a Collision with a Motor Vehicle in Transport,0,No,1,Non-Junction,1,Not an Intersection,0,None,,,1,On Roadway,1,Daylight,,,,,11,Blowing Snow,0,No,0000000,Not Applicable,12,12:00pm-12:59pm,32,32,12,12:00pm-12:59pm,51,51,99,Unknown,99,Unknown EMS Hospital Arrival Time,,,,,,,2,
2023,26,260079,Michigan,2,2,0,0,0,3,3,141,PRESQUE ISLE (141),4280,ROGERS CITY,8,8,2,February,2023,4,Wednesday,11,11:00am-11:59am,48,48,1,This Section IS ON the NHS,1,Rural,3,Other Principal Arterial,1,State Highway Agency,2,U.S. Highway,US-BRADLEY HIGHWAY,,261,261,45.41253611,45.41253611,-83.826516670,-83.82651667,0,No Special Jurisdiction,12,Motor Vehicle In-Transport,6,Angle,0,No,8,Driveway Access Related,1,Not an Intersection,0,None,,,1,On Roadway,1,Daylight,,,,,1,Clear,0,No,0000000,Not Applicable,99,Unknown,99,Unknown,99,Unknown EMS Scene Arrival Hour,99,Unknown EMS Scene Arrival Minutes,99,Unknown,99,Unknown EMS Hospital Arrival Time,,,,,,,1,
2023,26,260080,Michigan,2,2,0,0,0,2,2,37,CLINTON (37),0,NOT APPLICABLE,2,2,2,February,2023,5,Thursday,14,2:00pm-2:59pm,31,31,0,This Section IS NOT on the NHS,1,Rural,5,Major Collector,2,County Highway Agency,4,County,CR-STATE RD,GRANGE RD,18,18,42.78496389,42.78496389,-84.801683330,-84.80168333,0,No Special Jurisdiction,12,Motor Vehicle In-Transport,2,Front-to-Front,0,No,3,Intersection-Related,3,T-Intersection,0,None,,,1,On Roadway,1,Daylight,,,,,10,Cloudy,0,No,0000000,Not Applicable,99,Unknown,99,Unknown,99,Unknown EMS Scene Arrival Hour,99,Unknown EMS Scene Arrival Minutes,99,Unknown,99,Unknown EMS Hospital Arrival Time,,,,,,,1,
2023,26,260082,Michigan,2,2,0,0,0,2,2,81,KENT (81),0,NOT APPLICABLE,4,4,2,February,2023,7,Saturday,10,10:00am-10:59am,41,41,0,This Section IS NOT on the NHS,2,Urban,7,Local,2,County Highway Agency,4,County,CR-DIVISION AVE,7 MILE RD,24,24,43.07276667,43.07276667,-85.670011110,-85.67001111,0,No Special Jurisdiction,12,Motor Vehicle In-Transport,6,Angle,0,No,2,Intersection,2,Four-Way Intersection,0,None,,,1,On Roadway,1,Daylight,,,,,1,Clear,0,No,0000000,Not Applicable,10,10:00am-10:59am,43,43,10,10:00am-10:59am,51,51,99,Unknown,99,Unknown EMS Hospital Arrival Time,,,,,,,1,
2023,26,260083,Michigan,2,2,0,0,0,2,2,91,LENAWEE (91),0,NOT APPLICABLE,10,10,2,February,2023,6,Friday,15,3:00pm-3:59pm,51,51,0,This Section IS NOT on the NHS,1,Rural,4,Minor Arterial,1,State Highway Agency,3,State Highway,SR-50 MONROE RD,MATTHEWS HWY,143,143,42.00688333,42.00688333,-83.984494440,-83.98449444,0,No Special Jurisdiction,12,Motor Vehicle In-Transport,2,Front-to-Front,0,No,2,Intersection,4,Y-Intersection,0,None,,,1,On Roadway,1,Daylight,,,,,1,Clear,0,No,0000000,Not Applicable,15,3:00pm-3:59pm,54,54,16,4:00pm-4:59pm,4,4,99,Unknown,99,Unknown EMS Hospital Arrival Time,,,,,,,1,
2023,26,260084,Michigan,1,1,0,0,0,3,3,91,LENAWEE (91),500,BLISSFIELD,6,6,2,February,2023,2,Monday,11,11:00am-11:59am,40,40,0,This Section IS NOT on the NHS,1,Rural,6,Minor Collector,2,County Highway Agency,4,County,CR-CARROL RD,,83,83,41.84269167,41.84269167,-83.845913890,-83.84591389,0,No Special Jurisdiction,32,Culvert,0,The First Harmful Event was Not a Collision with a Motor Vehicle in Transport,0,No,1,Non-Junction,1,Not an Intersection,0,None,,,4,On Roadside,1,Daylight,,,,,10,Cloudy,0,No,0000000,Not Applicable,11,11:00am-11:59am,47,47,11,11:00am-11:59am,49,49,99,Unknown,99,Unknown EMS Hospital Arrival Time,,,,,,,1,
2023,26,260085,Michigan,1,1,0,0,0,1,1,147,ST. CLAIR (147),0,NOT APPLICABLE,16,16,2,February,2023,5,Thursday,20,8:00pm-8:59pm,0,0,0,This Section IS NOT on the NHS,1,Rural,5,Major Collector,2,County Highway Agency,4,County,CR-SR-21 IMLAY CITY RD,,16,16,43.02676667,43.02676667,-82.957444440,-82.95744444,0,No Special Jurisdiction,1,Rollover/Overturn,0,The First Harmful Event was Not a Collision with a Motor Vehicle in Transport,0,No,1,Non-Junction,1,Not an Intersection,0,None,,,4,On Roadside,2,Dark - Not Lighted,,,,,4,Snow,0,No,0000000,Not Applicable,20,8:00pm-8:59pm,20,20,20,8:00pm-8:59pm,30,30,88,"Not Applicable (Not Transported) ",88,Not Applicable (Not Transported),,,,,,,1,
2023,26,260086,Michigan,2,2,0,0,0,4,4,73,ISABELLA (73),3410,MOUNT PLEASANT,3,3,2,February,2023,6,Friday,15,3:00pm-3:59pm,37,37,0,This Section IS NOT on the NHS,2,Urban,4,Minor Arterial,2,County Highway Agency,4,County,CR-BROOMFIELD ST,SWEENEY ST,36,36,43.58269444,43.58269444,-84.755280560,-84.75528056,0,No Special Jurisdiction,12,Motor Vehicle In-Transport,6,Angle,0,No,2,Intersection,2,Four-Way Intersection,0,None,,,1,On Roadway,1,Daylight,,,,,10,Cloudy,0,No,0000000,Not Applicable,99,Unknown,99,Unknown,99,Unknown EMS Scene Arrival Hour,99,Unknown EMS Scene Arrival Minutes,99,Unknown,99,Unknown EMS Hospital Arrival Time,,,,,,,2,
2023,26,260087,Michigan,4,4,0,0,0,6,6,47,EMMET (47),0,NOT APPLICABLE,19,19,2,February,2023,1,Sunday,19,7:00pm-7:59pm,39,39,1,This Section IS ON the NHS,1,Rural,1,Interstate,1,State Highway Agency,1,Interstate,I-75,,1,1,45.76354444,45.76354444,-84.732916670,-84.73291667,0,No Special Jurisdiction,12,Motor Vehicle In-Transport,2,Front-to-Front,0,No,1,Non-Junction,1,Not an Intersection,0,None,,,1,On Roadway,2,Dark - Not Lighted,,,,,10,Cloudy,0,No,0000000,Not Applicable,19,7:00pm-7:59pm,39,39,19,7:00pm-7:59pm,45,45,99,Unknown,99,Unknown EMS Hospital Arrival Time,,,,,,,1,
2023,26,260088,Michigan,1,1,0,1,1,1,1,49,GENESEE (49),1730,FLINT,9,9,2,February,2023,5,Thursday,19,7:00pm-7:59pm,16,16,1,This Section IS ON the NHS,2,Urban,1,Interstate,1,State Highway Agency,1,Interstate,I-475 RAMP 037D,,2,2,43.07094167,43.07094167,-83.683969440,-83.68396944,0,No Special Jurisdiction,8,Pedestrian,0,The First Harmful Event was Not a Collision with a Motor Vehicle in Transport,1,Yes,20,Entrance/Exit Ramp,1,Not an Intersection,0,None,,,1,On Roadway,3,Dark - Lighted,,,,,2,Rain,0,No,0000000,Not Applicable,19,7:00pm-7:59pm,16,16,19,7:00pm-7:59pm,23,23,88,"Not Applicable (Not Transported) ",88,Not Applicable (Not Transported),,,,,,,1,
2023,26,260089,Michigan,4,4,0,0,0,4,4,17,BAY (17),0,NOT APPLICABLE,8,8,2,February,2023,4,Wednesday,6,6:00am-6:59am,41,41,1,This Section IS ON the NHS,2,Urban,2,Other Freeways and Expressways,1,State Highway Agency,2,U.S. Highway,US-10,,114,114,43.59560278,43.59560278,-83.950830560,-83.95083056,0,No Special Jurisdiction,24,Guardrail Face,0,The First Harmful Event was Not a Collision with a Motor Vehicle in Transport,0,No,1,Non-Junction,1,Not an Intersection,0,None,,,3,On Median,2,Dark - Not Lighted,,,,,1,Clear,0,No,0000000,Not Applicable,99,Unknown,99,Unknown,99,Unknown EMS Scene Arrival Hour,99,Unknown EMS Scene Arrival Minutes,88,"Not Applicable (Not Transported) ",88,Not Applicable (Not Transported),,,,,,,1,
2023,26,260090,Michigan,1,1,0,1,1,1,1,77,KALAMAZOO (77),2520,KALAMAZOO,10,10,2,February,2023,6,Friday,18,6:00pm-6:59pm,52,52,1,This Section IS ON the NHS,2,Urban,3,Other Principal Arterial,4,City or Municipal Highway Agency,6,Municipal,MU-PORTAGE ST,,130,130,42.26603056,42.26603056,-85.569716670,-85.56971667,0,No Special Jurisdiction,8,Pedestrian,0,The First Harmful Event was Not a Collision with a Motor Vehicle in Transport,0,No,1,Non-Junction,1,Not an Intersection,0,None,,,1,On Roadway,3,Dark - Lighted,,,,,1,Clear,0,No,0000000,Not Applicable,99,Unknown,99,Unknown,99,Unknown EMS Scene Arrival Hour,99,Unknown EMS Scene Arrival Minutes,88,"Not Applicable (Not Transported) ",88,Not Applicable (Not Transported),,,,,,,1,
2023,26,260091,Michigan,3,3,0,0,0,4,4,163,WAYNE (163),5176,WESTLAND,11,11,2,February,2023,7,Saturday,11,11:00am-11:59am,29,29,1,This Section IS ON the NHS,2,Urban,3,Other Principal Arterial,2,County Highway Agency,4,County,CR-WAYNE RD,HUNTER AVE,99,99,42.33173056,42.33173056,-83.386475000,-83.38647500,0,No Special Jurisdiction,12,Motor Vehicle In-Transport,6,Angle,0,No,2,Intersection,3,T-Intersection,0,None,,,1,On Roadway,1,Daylight,,,,,1,Clear,0,No,0000000,Not Applicable,11,11:00am-11:59am,29,29,11,11:00am-11:59am,33,33,88,"Not Applicable (Not Transported) ",88,Not Applicable (Not Transported),,,,,,,1,
2023,26,260092,Michigan,1,1,0,0,0,1,1,149,ST JOSEPH (149),0,NOT APPLICABLE,21,21,2,February,2023,3,Tuesday,16,4:00pm-4:59pm,13,13,0,This Section IS NOT on the NHS,1,Rural,4,Minor Arterial,1,State Highway Agency,3,State Highway,SR-86,,35,35,41.92576389,41.92576389,-85.556708330,-85.55670833,0,No Special Jurisdiction,42,Tree (Standing Only),0,The First Harmful Event was Not a Collision with a Motor Vehicle in Transport,0,No,1,Non-Junction,1,Not an Intersection,0,None,,,5,Outside Trafficway,1,Daylight,,,,,1,Clear,0,No,0000000,Not Applicable,16,4:00pm-4:59pm,17,17,16,4:00pm-4:59pm,22,22,88,"Not Applicable (Not Transported) ",88,Not Applicable (Not Transported),,,,,,,1,
2023,26,260093,Michigan,3,3,0,0,0,6,6,99,MACOMB (99),5110,WARREN,19,19,2,February,2023,1,Sunday,2,2:00am-2:59am,17,17,1,This Section IS ON the NHS,2,Urban,3,Other Principal Arterial,1,State Highway Agency,3,State Highway,SR-102 8 MILE RD,RYAN RD,10,10,42.44729722,42.44729722,-83.063961110,-83.06396111,0,No Special Jurisdiction,12,Motor Vehicle In-Transport,6,Angle,0,No,2,Intersection,2,Four-Way Intersection,0,None,,,1,On Roadway,3,Dark - Lighted,,,,,1,Clear,0,No,0000000,Not Applicable,99,Unknown,99,Unknown,99,Unknown EMS Scene Arrival Hour,99,Unknown EMS Scene Arrival Minutes,99,Unknown,99,Unknown EMS Hospital Arrival Time,,,,,,,1,
2023,26,260094,Michigan,2,2,0,0,0,3,3,77,KALAMAZOO (77),0,NOT APPLICABLE,11,11,2,February,2023,7,Saturday,22,10:00pm-10:59pm,12,12,0,This Section IS NOT on the NHS,1,Rural,4,Minor Arterial,2,County Highway Agency,4,County,CR-DOUGLAS AVE,,64,64,42.38229722,42.38229722,-85.610322220,-85.61032222,0,No Special Jurisdiction,12,Motor Vehicle In-Transport,2,Front-to-Front,0,No,1,Non-Junction,1,Not an Intersection,0,None,,,1,On Roadway,2,Dark - Not Lighted,,,,,1,Clear,0,No,0000000,Not Applicable,99,Unknown,99,Unknown,99,Unknown EMS Scene Arrival Hour,99,Unknown EMS Scene Arrival Minutes,99,Unknown,99,Unknown EMS Hospital Arrival Time,,,,,,,1,
2023,26,260095,Michigan,2,2,0,0,0,2,2,121,MUSKEGON (121),0,NOT APPLICABLE,21,21,2,February,2023,3,Tuesday,0,0:00am-0:59am,40,40,0,This Section IS NOT on the NHS,1,Rural,7,Local,2,County Highway Agency,4,County,CR-HALL RD,MAPLE ISLAND RD,59,59,43.24939722,43.24939722,-86.067827780,-86.06782778,0,No Special Jurisdiction,12,Motor Vehicle In-Transport,6,Angle,0,No,2,Intersection,2,Four-Way Intersection,0,None,,,1,On Roadway,2,Dark - Not Lighted,,,,,10,Cloudy,0,No,0000000,Not Applicable,99,Unknown,99,Unknown,99,Unknown EMS Scene Arrival Hour,99,Unknown EMS Scene Arrival Minutes,99,Unknown,99,Unknown EMS Hospital Arrival Time,,,,,,,1,
2023,26,260096,Michigan,1,1,0,1,1,1,1,163,WAYNE (163),5140,WAYNE,14,14,2,February,2023,3,Tuesday,14,2:00pm-2:59pm,51,51,0,This Section IS NOT on the NHS,2,Urban,5,Major Collector,4,City or Municipal Highway Agency,6,Municipal,MU-ANNAPOLIST ST,ATTWOOD DR,17,17,42.27415833,42.27415833,-83.369877780,-83.36987778,0,No Special Jurisdiction,8,Pedestrian,0,The First Harmful Event was Not a Collision with a Motor Vehicle in Transport,0,No,3,Intersection-Related,3,T-Intersection,0,None,,,1,On Roadway,1,Daylight,,,,,10,Cloudy,1,Yes,0000000,Not Applicable,14,2:00pm-2:59pm,51,51,99,Unknown EMS Scene Arrival Hour,99,Unknown EMS Scene Arrival Minutes,99,Unknown,99,Unknown EMS Hospital Arrival Time,,,,,,,1,
2023,26,260097,Michigan,1,1,0,0,0,3,3,123,NEWAYGO (123),0,NOT APPLICABLE,14,14,2,February,2023,3,Tuesday,17,5:00pm-5:59pm,3,3,0,This Section IS NOT on the NHS,1,Rural,5,Major Collector,2,County Highway Agency,4,County,CR-7 MILE RD,,2,2,43.65665833,43.65665833,-85.578005560,-85.57800556,0,No Special Jurisdiction,42,Tree (Standing Only),0,The First Harmful Event was Not a Collision with a Motor Vehicle in Transport,0,No,1,Non-Junction,1,Not an Intersection,0,None,,,4,On Roadside,1,Daylight,,,,,10,Cloudy,0,No,0000000,Not Applicable,99,Unknown,99,Unknown,99,Unknown EMS Scene Arrival Hour,99,Unknown EMS Scene Arrival Minutes,99,Unknown,99,Unknown EMS Hospital Arrival Time,,,,,,,1,
2023,26,260098,Michigan,1,1,0,0,0,2,2,25,CALHOUN (25),0,NOT APPLICABLE,25,25,2,February,2023,7,Saturday,7,7:00am-7:59am,6,6,1,This Section IS ON the NHS,1,Rural,1,Interstate,1,State Highway Agency,1,Interstate,I-94,,243,243,42.28365556,42.28365556,-84.844966670,-84.84496667,0,No Special Jurisdiction,42,Tree (Standing Only),0,The First Harmful Event was Not a Collision with a Motor Vehicle in Transport,0,No,1,Non-Junction,1,Not an Intersection,0,None,,,5,Outside Trafficway,2,Dark - Not Lighted,,,,,10,Cloudy,0,No,0000000,Not Applicable,7,7:00am-7:59am,22,22,7,7:00am-7:59am,29,29,99,Unknown,99,Unknown EMS Hospital Arrival Time,,,,,,,1,
2023,26,260099,Michigan,3,3,0,0,0,5,5,87,LAPEER (87),0,NOT APPLICABLE,12,12,2,February,2023,1,Sunday,5,5:00am-5:59am,54,54,1,This Section IS ON the NHS,1,Rural,3,Other Principal Arterial,1,State Highway Agency,3,State Highway,SR-53 VAN DYKE RD,,39,39,42.94456944,42.94456944,-83.056408330,-83.05640833,0,No Special Jurisdiction,12,Motor Vehicle In-Transport,6,Angle,0,No,1,Non-Junction,1,Not an Intersection,0,None,,,1,On Roadway,2,Dark - Not Lighted,,,,,1,Clear,0,No,0000000,Not Applicable,5,5:00am-5:59am,56,56,6,6:00am-6:59am,4,4,99,Unknown,99,Unknown EMS Hospital Arrival Time,,,,,,,1,
2023,26,260100,Michigan,1,1,0,0,0,1,1,25,CALHOUN (25),0,NOT APPLICABLE,26,26,2,February,2023,1,Sunday,7,7:00am-7:59am,59,59,0,This Section IS NOT on the NHS,1,Rural,4,Minor Arterial,1,State Highway Agency,3,State Highway,SR-MICHIGAN AVE,,89,89,42.27516111,42.27516111,-85.021386110,-85.02138611,0,No Special Jurisdiction,42,Tree (Standing Only),0,The First Harmful Event was Not a Collision with a Motor Vehicle in Transport,0,No,1,Non-Junction,1,Not an Intersection,0,None,,,4,On Roadside,4,Dawn,,,,,1,Clear,0,No,0000000,Not Applicable,7,7:00am-7:59am,59,59,8,8:00am-8:59am,11,11,88,"Not Applicable (Not Transported) ",88,Not Applicable (Not Transported),,,,,,,1,
2023,26,260101,Michigan,2,2,0,0,0,3,3,163,WAYNE (163),1260,DETROIT,26,26,2,February,2023,1,Sunday,23,11:00pm-11:59pm,3,3,0,This Section IS NOT on the NHS,2,Urban,5,Major Collector,4,City or Municipal Highway Agency,6,Municipal,MU-M-39 SERVICE DR,FENKELL ST,25,25,42.40110000,42.40110000,-83.218588890,-83.21858889,0,No Special Jurisdiction,12,Motor Vehicle In-Transport,6,Angle,0,No,2,Intersection,2,Four-Way Intersection,0,None,,,1,On Roadway,3,Dark - Lighted,,,,,1,Clear,0,No,0000000,Not Applicable,99,Unknown,99,Unknown,99,Unknown EMS Scene Arrival Hour,99,Unknown EMS Scene Arrival Minutes,99,Unknown,99,Unknown EMS Hospital Arrival Time,,,,,,,1,
2023,26,260102,Michigan,1,1,0,1,1,1,1,163,WAYNE (163),1260,DETROIT,6,6,2,February,2023,2,Monday,18,6:00pm-6:59pm,40,40,1,This Section IS ON the NHS,2,Urban,3,Other Principal Arterial,4,City or Municipal Highway Agency,6,Municipal,MU-WYOMING ST,,23,23,42.36380556,42.36380556,-83.158150000,-83.15815000,0,No Special Jurisdiction,9,Pedalcyclist,0,The First Harmful Event was Not a Collision with a Motor Vehicle in Transport,0,No,1,Non-Junction,1,Not an Intersection,0,None,,,1,On Roadway,3,Dark - Lighted,,,,,1,Clear,0,No,0000000,Not Applicable,99,Unknown,99,Unknown,99,Unknown EMS Scene Arrival Hour,99,Unknown EMS Scene Arrival Minutes,88,"Not Applicable (Not Transported) ",88,Not Applicable (Not Transported),,,,,,,1,
2023,26,260103,Michigan,2,2,0,0,0,2,2,73,ISABELLA (73),0,NOT APPLICABLE,11,11,2,February,2023,7,Saturday,18,6:00pm-6:59pm,41,41,1,This Section IS ON the NHS,1,Rural,3,Other Principal Arterial,1,State Highway Agency,3,State Highway,SR-20,SHEPHERD RD,180,180,43.61190000,43.61190000,-84.687905560,-84.68790556,3,Indian Reservation,12,Motor Vehicle In-Transport,6,Angle,0,No,2,Intersection,2,Four-Way Intersection,0,None,,,1,On Roadway,5,Dusk,,,,,1,Clear,0,No,0000000,Not Applicable,99,Unknown,99,Unknown,99,Unknown EMS Scene Arrival Hour,99,Unknown EMS Scene Arrival Minutes,99,Unknown,99,Unknown EMS Hospital Arrival Time,,,,,,,1,
2023,26,260104,Michigan,1,1,0,0,0,1,1,137,OTSEGO (137),0,NOT APPLICABLE,20,20,2,February,2023,2,Monday,22,10:00pm-10:59pm,0,0,1,This Section IS ON the NHS,1,Rural,1,Interstate,1,State Highway Agency,1,Interstate,I-75,,12,12,44.87203056,44.87203056,-84.690013890,-84.69001389,0,No Special Jurisdiction,42,Tree (Standing Only),0,The First Harmful Event was Not a Collision with a Motor Vehicle in Transport,0,No,1,Non-Junction,1,Not an Intersection,0,None,,,3,On Median,2,Dark - Not Lighted,,,,,4,Snow,0,No,0000000,Not Applicable,22,10:00pm-10:59pm,2,2,22,10:00pm-10:59pm,16,16,88,"Not Applicable (Not Transported) ",88,Not Applicable (Not Transported),,,,,,,1,
2023,26,260105,Michigan,1,1,0,0,0,1,1,81,KENT (81),5089,WALKER,20,20,2,February,2023,2,Monday,7,7:00am-7:59am,11,11,1,This Section IS ON the NHS,2,Urban,2,Other Freeways and Expressways,1,State Highway Agency,2,U.S. Highway,US-131,,175,175,43.01418611,43.01418611,-85.674575000,-85.67457500,0,No Special Jurisdiction,42,Tree (Standing Only),0,The First Harmful Event was Not a Collision with a Motor Vehicle in Transport,0,No,1,Non-Junction,1,Not an Intersection,0,None,,,3,On Median,4,Dawn,,,,,1,Clear,0,No,0000000,Not Applicable,99,Unknown,99,Unknown,99,Unknown EMS Scene Arrival Hour,99,Unknown EMS Scene Arrival Minutes,99,Unknown,99,Unknown EMS Hospital Arrival Time,,,,,,,1,
2023,26,260106,Michigan,2,2,0,0,0,3,3,125,OAKLAND (125),1652,FARMINGTON HILLS,18,18,2,February,2023,7,Saturday,23,11:00pm-11:59pm,39,39,1,This Section IS ON the NHS,2,Urban,1,Interstate,1,State Highway Agency,1,Interstate,I-696,,14,14,42.49103333,42.49103333,-83.418966670,-83.41896667,0,No Special Jurisdiction,12,Motor Vehicle In-Transport,7,Sideswipe - Same Direction,0,No,1,Non-Junction,1,Not an Intersection,0,None,,,1,On Roadway,3,Dark - Lighted,,,,,10,Cloudy,0,No,0000000,Not Applicable,99,Unknown,99,Unknown,99,Unknown EMS Scene Arrival Hour,99,Unknown EMS Scene Arrival Minutes,88,"Not Applicable (Not Transported) ",88,Not Applicable (Not Transported),,,,,,,1,
2023,26,260107,Michigan,2,2,0,0,0,2,2,161,WASHTENAW (161),0,NOT APPLICABLE,18,18,2,February,2023,7,Saturday,3,3:00am-3:59am,13,13,1,This Section IS ON the NHS,2,Urban,2,Other Freeways and Expressways,1,State Highway Agency,2,U.S. Highway,US-23,,72,72,42.18696667,42.18696667,-83.684763890,-83.68476389,0,No Special Jurisdiction,12,Motor Vehicle In-Transport,2,Front-to-Front,0,No,1,Non-Junction,1,Not an Intersection,0,None,,,1,On Roadway,2,Dark - Not Lighted,,,,,1,Clear,0,No,0000000,Not Applicable,99,Unknown,99,Unknown,99,Unknown EMS Scene Arrival Hour,99,Unknown EMS Scene Arrival Minutes,99,Unknown,99,Unknown EMS Hospital Arrival Time,,,,,,,2,
2023,26,260108,Michigan,1,1,0,1,1,2,2,115,MONROE (115),0,NOT APPLICABLE,24,24,2,February,2023,6,Friday,19,7:00pm-7:59pm,19,19,1,This Section IS ON the NHS,2,Urban,3,Other Principal Arterial,1,State Highway Agency,2,U.S. Highway,US-24 TELEGRAPH RD,,205,205,41.98992778,41.98992778,-83.366027780,-83.36602778,0,No Special Jurisdiction,8,Pedestrian,0,The First Harmful Event was Not a Collision with a Motor Vehicle in Transport,0,No,1,Non-Junction,1,Not an Intersection,0,None,,,1,On Roadway,2,Dark - Not Lighted,,,,,1,Clear,0,No,0000000,Not Applicable,19,7:00pm-7:59pm,21,21,19,7:00pm-7:59pm,30,30,88,"Not Applicable (Not Transported) ",88,Not Applicable (Not Transported),,,,,,,1,
2023,26,260109,Michigan,2,2,0,0,0,2,2,87,LAPEER (87),0,NOT APPLICABLE,17,17,2,February,2023,6,Friday,17,5:00pm-5:59pm,19,19,1,This Section IS ON the NHS,1,Rural,3,Other Principal Arterial,1,State Highway Agency,3,State Highway,SR-53 VANDYKE RD,BOWERS RD,125,125,43.06559167,43.06559167,-83.074444440,-83.07444444,0,No Special Jurisdiction,12,Motor Vehicle In-Transport,6,Angle,0,No,2,Intersection,2,Four-Way Intersection,0,None,,,1,On Roadway,1,Daylight,,,,,1,Clear,0,No,0000000,Not Applicable,99,Unknown,99,Unknown,99,Unknown EMS Scene Arrival Hour,99,Unknown EMS Scene Arrival Minutes,99,Unknown,99,Unknown EMS Hospital Arrival Time,,,,,,,1,
2023,26,260110,Michigan,1,1,0,0,0,1,1,125,OAKLAND (125),0,NOT APPLICABLE,10,10,2,February,2023,6,Friday,14,2:00pm-2:59pm,52,52,0,This Section IS NOT on the NHS,2,Urban,5,Major Collector,2,County Highway Agency,4,County,CR-STONEY CREEK RD,LAKE GEORGE RD,21,21,42.77640833,42.77640833,-83.178316670,-83.17831667,0,No Special Jurisdiction,43,Other Fixed Object,0,The First Harmful Event was Not a Collision with a Motor Vehicle in Transport,0,No,3,Intersection-Related,3,T-Intersection,0,None,,,4,On Roadside,1,Daylight,,,,,1,Clear,0,No,0000000,Not Applicable,14,2:00pm-2:59pm,52,52,14,2:00pm-2:59pm,58,58,99,Unknown,99,Unknown EMS Hospital Arrival Time,,,,,,,1,
2023,26,260111,Michigan,1,1,0,1,1,1,1,163,WAYNE (163),4815,TAYLOR,12,12,2,February,2023,1,Sunday,15,3:00pm-3:59pm,54,54,1,This Section IS ON the NHS,2,Urban,3,Other Principal Arterial,2,County Highway Agency,4,County,CR-PELHAM RD,CHAMPAIGN RD,14,14,42.24911389,42.24911389,-83.230891670,-83.23089167,0,No Special Jurisdiction,8,Pedestrian,0,The First Harmful Event was Not a Collision with a Motor Vehicle in Transport,0,No,3,Intersection-Related,2,Four-Way Intersection,0,None,,,1,On Roadway,1,Daylight,,,,,1,Clear,0,No,0000000,Not Applicable,99,Unknown,99,Unknown,99,Unknown EMS Scene Arrival Hour,99,Unknown EMS Scene Arrival Minutes,99,Unknown,99,Unknown EMS Hospital Arrival Time,,,,,,,1,
2023,26,260112,Michigan,2,2,0,0,0,2,2,125,OAKLAND (125),3712,ORION TOWNSHIP,21,21,2,February,2023,3,Tuesday,7,7:00am-7:59am,45,45,1,This Section IS ON the NHS,2,Urban,3,Other Principal Arterial,1,State Highway Agency,3,State Highway,SR-24 LAPEER RD,,40,40,42.73908333,42.73908333,-83.245333330,-83.24533333,0,No Special Jurisdiction,59,"Traffic Sign Support ",0,The First Harmful Event was Not a Collision with a Motor Vehicle in Transport,0,No,1,Non-Junction,1,Not an Intersection,0,None,,,3,On Median,1,Daylight,,,,,1,Clear,0,No,0000000,Not Applicable,7,7:00am-7:59am,45,45,7,7:00am-7:59am,50,50,99,Unknown,99,Unknown EMS Hospital Arrival Time,,,,,,,1,
2023,26,260113,Michigan,2,2,0,0,0,2,2,55,GRAND TRAVERSE (55),0,NOT APPLICABLE,23,23,2,February,2023,5,Thursday,14,2:00pm-2:59pm,56,56,0,This Section IS NOT on the NHS,2,Urban,5,Major Collector,2,County Highway Agency,4,County,CR-CEDAR RUN RD,,61,61,44.75945278,44.75945278,-85.701838890,-85.70183889,0,No Special Jurisdiction,12,Motor Vehicle In-Transport,6,Angle,0,No,1,Non-Junction,1,Not an Intersection,0,None,,,1,On Roadway,1,Daylight,,,,,4,Snow,0,No,0000000,Not Applicable,15,3:00pm-3:59pm,0,0,15,3:00pm-3:59pm,10,10,99,Unknown,99,Unknown EMS Hospital Arrival Time,,,,,,,1,
2023,26,260114,Michigan,3,3,0,0,0,3,3,121,MUSKEGON (121),0,NOT APPLICABLE,18,18,1,January,2023,4,Wednesday,6,6:00am-6:59am,32,32,0,This Section IS NOT on the NHS,2,Urban,4,Minor Arterial,2,County Highway Agency,4,County,CR-WHITEHALL RD,WHITE LAKE RD,98,98,43.38411389,43.38411389,-86.288625000,-86.28862500,0,No Special Jurisdiction,12,Motor Vehicle In-Transport,6,Angle,0,No,2,Intersection,2,Four-Way Intersection,0,None,,,1,On Roadway,3,Dark - Lighted,,,,,10,Cloudy,0,No,0000000,Not Applicable,6,6:00am-6:59am,34,34,6,6:00am-6:59am,39,39,99,Unknown,99,Unknown EMS Hospital Arrival Time,,,,,,,1,
2023,26,260115,Michigan,2,2,0,0,0,3,3,163,WAYNE (163),1260,DETROIT,26,26,2,February,2023,1,Sunday,0,0:00am-0:59am,30,30,1,This Section IS ON the NHS,2,Urban,1,Interstate,1,State Highway Agency,1,Interstate,I-75,,217,217,42.32783056,42.32783056,-83.085927780,-83.08592778,0,No Special Jurisdiction,12,Motor Vehicle In-Transport,2,Front-to-Front,0,No,1,Non-Junction,1,Not an Intersection,0,None,,,1,On Roadway,3,Dark - Lighted,,,,,1,Clear,0,No,0000000,Not Applicable,0,0:00am-0:59am,32,32,0,0:00am-0:59am,41,41,99,Unknown,99,Unknown EMS Hospital Arrival Time,,,,,,,1,