caseyear,state,st_case,statename,ve_total,ve_forms,pvh_invl,peds,pernotmvit,permvit,persons,county,countyname,city,cityname,day,dayname,month,monthname,year,day_week,day_weekname,hour,hourname,minute,minutename,nhs,nhsname,rur_urb,rur_urbname,func_sys,func_sysname,rd_owner,rd_ownername,route,routename,tway_id,tway_id2,milept,mileptname,latitude,latitudename,longitud,longitudname,sp_jur,sp_jurname,harm_ev,harm_evname,man_coll,man_collname,reljct1,reljct1name,reljct2,reljct2name,typ_int,typ_intname,wrk_zone,wrk_zonename,road_fnc,road_fncname,rel_road,rel_roadname,lgt_cond,lgt_condname,weather1,weather1name,weather2,weather2name,weather,weathername,sch_bus,sch_busname,rail,railname,not_hour,not_hourname,not_min,not_minname,arr_hour,arr_hourname,arr_min,arr_minname,hosp_hr,hosp_hrname,hosp_mn,hosp_mnname,cf1,cf1name,cf2,cf2name,cf3,cf3name,fatals,drunk_dr
2023,26,260154,Michigan,4,4,0,0,0,7,7,125,OAKLAND (125),5100,WALLED LAKE,22,22,3,March,2023,4,Wednesday,19,7:00pm-7:59pm,46,46,1,This Section IS ON the NHS,2,Urban,3,Other Principal Arterial,2,County Highway Agency,4,County,CR-E WEST MAPLE RD,DECKER RD,20,20,42.53950000,42.53950000,-83.467952780,-83.46795278,0,No Special Jurisdiction,12,Motor Vehicle In-Transport,6,Angle,0,No,2,Intersection,2,Four-Way Intersection,0,None,,,1,On Roadway,3,Dark - Lighted,,,,,2,Rain,0,No,0000000,Not Applicable,19,7:00pm-7:59pm,48,48,19,7:00pm-7:59pm,52,52,99,Unknown,99,Unknown EMS Hospital Arrival Time,,,,,,,1,
2023,26,260155,Michigan,2,2,0,0,0,3,3,111,MIDLAND (111),0,NOT APPLICABLE,25,25,3,March,2023,7,Saturday,10,10:00am-10:59am,58,58,0,This Section IS NOT on the NHS,1,Rural,4,Minor Arterial,1,State Highway Agency,3,State Highway,SR-30 MERIDIAN RD,,117,117,43.63568889,43.63568889,-84.368916670,-84.36891667,0,No Special Jurisdiction,12,Motor Vehicle In-Transport,6,Angle,0,No,1,Non-Junction,1,Not an Intersection,0,None,,,1,On Roadway,1,Daylight,,,,,4,Snow,0,No,0000000,Not Applicable,11,11:00am-11:59am,2,2,11,11:00am-11:59am,11,11,99,Unknown,99,Unknown EMS Hospital Arrival Time,,,,,,,1,
2023,26,260156,Michigan,3,3,0,0,0,4,4,15,BARRY (15),0,NOT APPLICABLE,27,27,1,January,2023,6,Friday,13,1:00pm-1:59pm,8,8,0,This Section IS NOT on the NHS,1,Rural,4,Minor Arterial,1,State Highway Agency,3,State Highway,SR-37,,42,42,42.67498889,42.67498889,-85.404913890,-85.40491389,0,No Special Jurisdiction,12,Motor Vehicle In-Transport,2,Front-to-Front,0,No,1,Non-Junction,1,Not an Intersection,0,None,,,1,On Roadway,1,Daylight,,,,,10,Cloudy,0,No,0000000,Not Applicable,13,1:00pm-1:59pm,11,11,13,1:00pm-1:59pm,15,15,99,Unknown,99,Unknown EMS Hospital Arrival Time,,,,,,,1,
2023,26,260157,Michigan,2,2,0,0,0,3,3,15,BARRY (15),0,NOT APPLICABLE,31,31,1,January,2023,3,Tuesday,19,7:00pm-7:59pm,21,21,0,This Section IS NOT on the NHS,1,Rural,4,Minor Arterial,1,State Highway Agency,3,State Highway,SR-37,,65,65,42.50804444,42.50804444,-85.259000000,-85.25900000,0,No Special Jurisdiction,12,Motor Vehicle In-Transport,2,Front-to-Front,0,No,1,Non-Junction,1,Not an Intersection,0,None,,,1,On Roadway,2,Dark - Not Lighted,,,,,1,Clear,0,No,0000000,Not Applicable,19,7:00pm-7:59pm,23,23,19,7:00pm-7:59pm,42,42,99,Unknown,99,Unknown EMS Hospital Arrival Time,,,,,,,1,
2023,26,260158,Michigan,2,2,0,0,0,2,2,21,BERRIEN (21),0,NOT APPLICABLE,22,22,2,February,2023,4,Wednesday,16,4:00pm-4:59pm,24,24,0,This Section IS NOT on the NHS,1,Rural,4,Minor Arterial,1,State Highway Agency,2,U.S. Highway,US-12 E PULASKI HWY,BAKERTOWN RD,174,174,41.80528889,41.80528889,-86.390633330,-86.39063333,0,No Special Jurisdiction,12,Motor Vehicle In-Transport,6,Angle,0,No,2,Intersection,2,Four-Way Intersection,4,"Work Zone, Type Unknown",,,1,On Roadway,1,Daylight,,,,,2,Rain,0,No,0000000,Not Applicable,16,4:00pm-4:59pm,24,24,16,4:00pm-4:59pm,34,34,99,Unknown,99,Unknown EMS Hospital Arrival Time,,,,,,,1,
2023,26,260159,Michigan,4,4,0,0,0,5,5,125,OAKLAND (125),0,NOT APPLICABLE,16,16,3,March,2023,5,Thursday,15,3:00pm-3:59pm,14,14,0,This Section IS NOT on the NHS,2,Urban,4,Minor Arterial,2,County Highway Agency,4,County,CR-BOGIE LAKE RD,,10,10,42.64124722,42.64124722,-83.525716670,-83.52571667,0,No Special Jurisdiction,12,Motor Vehicle In-Transport,8,Sideswipe - Opposite Direction,0,No,1,Non-Junction,1,Not an Intersection,0,None,,,1,On Roadway,1,Daylight,,,,,10,Cloudy,0,No,0000000,Not Applicable,15,3:00pm-3:59pm,15,15,15,3:00pm-3:59pm,19,19,99,Unknown,99,Unknown EMS Hospital Arrival Time,,,,,,,1,
2023,26,260160,Michigan,1,1,0,0,0,1,1,147,ST. CLAIR (147),0,NOT APPLICABLE,15,15,3,March,2023,4,Wednesday,6,6:00am-6:59am,14,14,0,This Section IS NOT on the NHS,1,Rural,7,Local,2,County Highway Agency,4,County,CR-LYNCH RD,,13,13,42.98258611,42.98258611,-82.876766670,-82.87676667,0,No Special Jurisdiction,42,Tree (Standing Only),0,The First Harmful Event was Not a Collision with a Motor Vehicle in Transport,0,No,1,Non-Junction,1,Not an Intersection,0,None,,,4,On Roadside,2,Dark - Not Lighted,,,,,4,Snow,0,No,0000000,Not Applicable,99,Unknown,99,Unknown,99,Unknown EMS Scene Arrival Hour,99,Unknown EMS Scene Arrival Minutes,99,Unknown,99,Unknown EMS Hospital Arrival Time,,,,,,,1,
2023,26,260161,Michigan,2,2,0,0,0,2,2,1,ALCONA (1),0,NOT APPLICABLE,19,19,3,March,2023,1,Sunday,15,3:00pm-3:59pm,22,22,0,This Section IS NOT on the NHS,1,Rural,4,Minor Arterial,1,State Highway Agency,3,State Highway,SR-65,SR-72,0,None,44.72666944,44.72666944,-83.807402780,-83.80740278,0,No Special Jurisdiction,12,Motor Vehicle In-Transport,2,Front-to-Front,0,No,2,Intersection,2,Four-Way Intersection,0,None,,,1,On Roadway,1,Daylight,,,,,1,Clear,0,No,0000000,Not Applicable,99,Unknown,99,Unknown,99,Unknown EMS Scene Arrival Hour,99,Unknown EMS Scene Arrival Minutes,99,Unknown,99,Unknown EMS Hospital Arrival Time,,,,,,,1,
2023,26,260162,Michigan,2,2,0,0,0,4,4,163,WAYNE (163),1260,DETROIT,24,24,3,March,2023,6,Friday,22,10:00pm-10:59pm,45,45,0,This Section IS NOT on the NHS,2,Urban,4,Minor Arterial,4,City or Municipal Highway Agency,6,Municipal,"MU-HARPER ",NORCROSS,26,26,42.39953056,42.39953056,-82.982177780,-82.98217778,0,No Special Jurisdiction,12,Motor Vehicle In-Transport,6,Angle,0,No,2,Intersection,3,T-Intersection,0,None,,,1,On Roadway,3,Dark - Lighted,,,,,1,Clear,0,No,0000000,Not Applicable,99,Unknown,99,Unknown,99,Unknown EMS Scene Arrival Hour,99,Unknown EMS Scene Arrival Minutes,99,Unknown,99,Unknown EMS Hospital Arrival Time,,,,,,,1,
2023,26,260163,Michigan,1,1,0,1,1,1,1,81,KENT (81),2010,GRAND RAPIDS,30,30,3,March,2023,5,Thursday,21,9:00pm-9:59pm,56,56,1,This Section IS ON the NHS,2,Urban,2,Other Freeways and Expressways,1,State Highway Agency,2,U.S. Highway,US-131,,132,132,42.95742222,42.95742222,-85.671191670,-85.67119167,0,No Special Jurisdiction,8,Pedestrian,0,The First Harmful Event was Not a Collision with a Motor Vehicle in Transport,0,No,1,Non-Junction,1,Not an Intersection,0,None,,,1,On Roadway,3,Dark - Lighted,,,,,2,Rain,0,No,0000000,Not Applicable,99,Unknown,99,Unknown,99,Unknown EMS Scene Arrival Hour,99,Unknown EMS Scene Arrival Minutes,88,"Not Applicable (Not Transported) ",88,Not Applicable (Not Transported),,,,,,,1,
2023,26,260164,Michigan,1,1,0,0,0,2,2,163,WAYNE (163),1260,DETROIT,26,26,3,March,2023,1,Sunday,18,6:00pm-6:59pm,27,27,0,This Section IS NOT on the NHS,2,Urban,4,Minor Arterial,4,City or Municipal Highway Agency,6,Municipal,MU-E VERNOR HWY,,3,3,42.35012222,42.35012222,-83.029511110,-83.02951111,0,No Special Jurisdiction,42,Tree (Standing Only),0,The First Harmful Event was Not a Collision with a Motor Vehicle in Transport,0,No,1,Non-Junction,1,Not an Intersection,0,None,,,4,On Roadside,1,Daylight,,,,,1,Clear,0,No,0000000,Not Applicable,99,Unknown,99,Unknown,99,Unknown EMS Scene Arrival Hour,99,Unknown EMS Scene Arrival Minutes,88,"Not Applicable (Not Transported) ",88,Not Applicable (Not Transported),,,,,,,1,
2023,26,260165,Michigan,2,2,0,0,0,3,3,163,WAYNE (163),1260,DETROIT,31,31,3,March,2023,6,Friday,3,3:00am-3:59am,5,5,1,This Section IS ON the NHS,2,Urban,3,Other Principal Arterial,1,State Highway Agency,3,State Highway,SR-97 GUNSTON RD,WILFRED ST,1,1,42.41021389,42.41021389,-82.996761110,-82.99676111,0,No Special Jurisdiction,12,Motor Vehicle In-Transport,6,Angle,0,No,2,Intersection,2,Four-Way Intersection,0,None,,,1,On Roadway,2,Dark - Not Lighted,,,,,1,Clear,0,No,0000000,Not Applicable,99,Unknown,98,Unknown if Notified,99,Unknown EMS Scene Arrival Hour,98,Unknown if Arrived,88,"Not Applicable (Not Transported) ",88,Not Applicable (Not Transported),,,,,,,2,
2023,26,260166,Michigan,1,1,0,0,0,1,1,147,ST. CLAIR (147),0,NOT APPLICABLE,23,23,3,March,2023,5,Thursday,0,0:00am-0:59am,10,10,1,This Section IS ON the NHS,2,Urban,1,Interstate,1,State Highway Agency,1,Interstate,I-94,,234,234,42.99000833,42.99000833,-82.465844440,-82.46584444,0,No Special Jurisdiction,35,Embankment,0,The First Harmful Event was Not a Collision with a Motor Vehicle in Transport,0,No,1,Non-Junction,1,Not an Intersection,0,None,,,3,On Median,2,Dark - Not Lighted,,,,,2,Rain,0,No,0000000,Not Applicable,0,0:00am-0:59am,12,12,0,0:00am-0:59am,13,13,99,Unknown,99,Unknown EMS Hospital Arrival Time,,,,,,,1,
2023,26,260167,Michigan,1,1,0,1,1,1,1,163,WAYNE (163),1260,DETROIT,20,20,3,March,2023,2,Monday,20,8:00pm-8:59pm,22,22,0,This Section IS NOT on the NHS,2,Urban,4,Minor Arterial,4,City or Municipal Highway Agency,6,Municipal,MU-HARPER AVE,,27,27,42.40057500,42.40057500,-82.978355560,-82.97835556,0,No Special Jurisdiction,8,Pedestrian,0,The First Harmful Event was Not a Collision with a Motor Vehicle in Transport,0,No,1,Non-Junction,1,Not an Intersection,0,None,,,1,On Roadway,1,Daylight,,,,,1,Clear,0,No,0000000,Not Applicable,99,Unknown,98,Unknown if Notified,99,Unknown EMS Scene Arrival Hour,98,Unknown if Arrived,88,"Not Applicable (Not Transported) ",88,Not Applicable (Not Transported),,,,,,,1,
2023,26,260168,Michigan,2,2,0,0,0,4,4,163,WAYNE (163),1212,DEARBORN HEIGHTS,13,13,3,March,2023,2,Monday,17,5:00pm-5:59pm,21,21,1,This Section IS ON the NHS,2,Urban,3,Other Principal Arterial,1,State Highway Agency,3,State Highway,SR-153 FORD RD,VERNON AVE,138,138,42.32703056,42.32703056,-83.276055560,-83.27605556,0,No Special Jurisdiction,12,Motor Vehicle In-Transport,6,Angle,0,No,2,Intersection,2,Four-Way Intersection,0,None,,,1,On Roadway,1,Daylight,,,,,4,Snow,0,No,0000000,Not Applicable,99,Unknown,99,Unknown,99,Unknown EMS Scene Arrival Hour,99,Unknown EMS Scene Arrival Minutes,99,Unknown,99,Unknown EMS Hospital Arrival Time,,,,,,,1,
2023,26,260169,Michigan,2,2,0,0,0,2,2,65,INGHAM (65),0,NOT APPLICABLE,12,12,3,March,2023,1,Sunday,10,10:00am-10:59am,3,3,0,This Section IS NOT on the NHS,2,Urban,5,Major Collector,2,County Highway Agency,4,County,CR-COLLEGE RD,,114,114,42.69033056,42.69033056,-84.484075000,-84.48407500,0,No Special Jurisdiction,12,Motor Vehicle In-Transport,6,Angle,0,No,1,Non-Junction,1,Not an Intersection,0,None,,,1,On Roadway,1,Daylight,,,,,4,Snow,0,No,0000000,Not Applicable,10,10:00am-10:59am,3,3,10,10:00am-10:59am,11,11,99,Unknown,99,Unknown EMS Hospital Arrival Time,,,,,,,1,
2023,26,260170,Michigan,2,2,0,0,0,3,3,121,MUSKEGON (121),0,NOT APPLICABLE,31,31,3,March,2023,6,Friday,17,5:00pm-5:59pm,28,28,0,This Section IS NOT on the NHS,1,Rural,4,Minor Arterial,1,State Highway Agency,3,State Highway,SR-120 HOLTON RD,,109,109,43.38389444,43.38389444,-86.132886110,-86.13288611,0,No Special Jurisdiction,12,Motor Vehicle In-Transport,2,Front-to-Front,0,No,1,Non-Junction,1,Not an Intersection,0,None,,,1,On Roadway,1,Daylight,,,,,10,Cloudy,0,No,0000000,Not Applicable,17,5:00pm-5:59pm,29,29,17,5:00pm-5:59pm,37,37,99,Unknown,99,Unknown EMS Hospital Arrival Time,,,,,,,1,
2023,26,260171,Michigan,1,1,0,1,1,1,1,161,WASHTENAW (161),150,ANN ARBOR,3,3,3,March,2023,6,Friday,19,7:00pm-7:59pm,10,10,0,This Section IS NOT on the NHS,6,Trafficway Not in State Inventory,96,Trafficway Not in State Inventory,96,Trafficway Not in State Inventory,99,Unknown/Not Reported,PARK VIEW PL,,0,None,42.28190833,42.28190833,-83.754405560,-83.75440556,0,No Special Jurisdiction,8,Pedestrian,0,The First Harmful Event was Not a Collision with a Motor Vehicle in Transport,0,No,1,Non-Junction,1,Not an Intersection,0,None,,,1,On Roadway,2,Dark - Not Lighted,,,,,4,Snow,0,No,0000000,Not Applicable,99,Unknown,99,Unknown,99,Unknown EMS Scene Arrival Hour,99,Unknown EMS Scene Arrival Minutes,99,Unknown,99,Unknown EMS Hospital Arrival Time,,,,,,,1,
2023,26,260172,Michigan,2,2,0,1,1,2,2,163,WAYNE (163),1260,DETROIT,22,22,3,March,2023,4,Wednesday,23,11:00pm-11:59pm,1,1,1,This Section IS ON the NHS,2,Urban,3,Other Principal Arterial,1,State Highway Agency,3,State Highway,SR-53 VAN DYKE,TRAVERSE,16,16,42.39990000,42.39990000,-83.022850000,-83.02285000,0,No Special Jurisdiction,8,Pedestrian,0,The First Harmful Event was Not a Collision with a Motor Vehicle in Transport,0,No,3,Intersection-Related,2,Four-Way Intersection,0,None,,,1,On Roadway,2,Dark - Not Lighted,,,,,2,Rain,0,No,0000000,Not Applicable,99,Unknown,99,Unknown,99,Unknown EMS Scene Arrival Hour,99,Unknown EMS Scene Arrival Minutes,99,Unknown,99,Unknown EMS Hospital Arrival Time,,,,,,,1,
2023,26,260173,Michigan,1,1,0,0,0,1,1,99,MACOMB (99),5110,WARREN,19,19,3,March,2023,1,Sunday,7,7:00am-7:59am,7,7,0,This Section IS NOT on the NHS,2,Urban,4,Minor Arterial,4,City or Municipal Highway Agency,6,Municipal,MU-HOOVER,,48,48,42.51834167,42.51834167,-83.007611110,-83.00761111,0,No Special Jurisdiction,42,Tree (Standing Only),0,The First Harmful Event was Not a Collision with a Motor Vehicle in Transport,0,No,1,Non-Junction,1,Not an Intersection,0,None,,,4,On Roadside,4,Dawn,,,,,1,Clear,0,No,0000000,Not Applicable,99,Unknown,99,Unknown,99,Unknown EMS Scene Arrival Hour,99,Unknown EMS Scene Arrival Minutes,88,"Not Applicable (Not Transported) ",88,Not Applicable (Not Transported),,,,,,,1,
2023,26,260174,Michigan,1,1,0,1,1,2,2,65,INGHAM (65),1430,EAST LANSING,26,26,3,March,2023,1,Sunday,23,11:00pm-11:59pm,16,16,1,This Section IS ON the NHS,2,Urban,1,Interstate,1,State Highway Agency,1,Interstate,I-496,,47,47,42.72396667,42.72396667,-84.512744440,-84.51274444,0,No Special Jurisdiction,8,Pedestrian,0,The First Harmful Event was Not a Collision with a Motor Vehicle in Transport,0,No,1,Non-Junction,1,Not an Intersection,0,None,,,1,On Roadway,2,Dark - Not Lighted,,,,,2,Rain,0,No,0000000,Not Applicable,99,Unknown,99,Unknown,99,Unknown EMS Scene Arrival Hour,99,Unknown EMS Scene Arrival Minutes,88,"Not Applicable (Not Transported) ",88,Not Applicable (Not Transported),,,,,,,1,
2023,26,260175,Michigan,1,1,0,0,0,1,1,93,LIVINGSTON (93),0,NOT APPLICABLE,1,1,4,April,2023,7,Saturday,7,7:00am-7:59am,22,22,1,This Section IS ON the NHS,2,Urban,1,Interstate,1,State Highway Agency,1,Interstate,I-96,,165,165,42.57711944,42.57711944,-83.855827780,-83.85582778,0,No Special Jurisdiction,1,Rollover/Overturn,0,The First Harmful Event was Not a Collision with a Motor Vehicle in Transport,0,No,1,Non-Junction,1,Not an Intersection,0,None,,,4,On Roadside,1,Daylight,,,,,10,Cloudy,0,No,0000000,Not Applicable,7,7:00am-7:59am,30,30,7,7:00am-7:59am,37,37,88,"Not Applicable (Not Transported) ",88,Not Applicable (Not Transported),,,,,,,1,
2023,26,260176,Michigan,1,1,0,1,1,2,2,41,DELTA (41),0,NOT APPLICABLE,1,1,4,April,2023,7,Saturday,20,8:00pm-8:59pm,40,40,0,This Section IS NOT on the NHS,1,Rural,4,Minor Arterial,1,State Highway Agency,3,State Highway,SR-35 HWY,,47,47,45.89600000,45.89600000,-87.066575000,-87.06657500,0,No Special Jurisdiction,8,Pedestrian,0,The First Harmful Event was Not a Collision with a Motor Vehicle in Transport,0,No,1,Non-Junction,1,Not an Intersection,0,None,,,1,On Roadway,5,Dusk,,,,,1,Clear,0,No,0000000,Not Applicable,20,8:00pm-8:59pm,41,41,21,9:00pm-9:59pm,7,7,99,Unknown,99,Unknown EMS Hospital Arrival Time,,,,,,,1,
2023,26,260177,Michigan,1,1,0,0,0,1,1,117,MONTCALM (117),0,NOT APPLICABLE,1,1,4,April,2023,7,Saturday,3,3:00am-3:59am,11,11,0,This Section IS NOT on the NHS,1,Rural,5,Major Collector,2,County Highway Agency,4,County,CR-E MCBRIDES,,71,71,43.35058056,43.35058056,-84.903844440,-84.90384444,0,No Special Jurisdiction,1,Rollover/Overturn,0,The First Harmful Event was Not a Collision with a Motor Vehicle in Transport,0,No,1,Non-Junction,1,Not an Intersection,0,None,,,4,On Roadside,2,Dark - Not Lighted,,,,,1,Clear,0,No,0000000,Not Applicable,99,Unknown,99,Unknown,99,Unknown EMS Scene Arrival Hour,99,Unknown EMS Scene Arrival Minutes,88,"Not Applicable (Not Transported) ",88,Not Applicable (Not Transported),,,,,,,1,
2023,26,260178,Michigan,2,2,0,0,0,3,3,93,LIVINGSTON (93),0,NOT APPLICABLE,2,2,4,April,2023,1,Sunday,0,0:00am-0:59am,45,45,1,This Section IS ON the NHS,2,Urban,3,Other Principal Arterial,1,State Highway Agency,3,State Highway,SR-59 HIGHLAND RD,N LATSON RD,63,63,42.62948333,42.62948333,-83.875447220,-83.87544722,0,No Special Jurisdiction,12,Motor Vehicle In-Transport,6,Angle,0,No,2,Intersection,2,Four-Way Intersection,0,None,,,1,On Roadway,2,Dark - Not Lighted,,,,,1,Clear,0,No,0000000,Not Applicable,0,0:00am-0:59am,46,46,0,0:00am-0:59am,54,54,99,Unknown,99,Unknown EMS Hospital Arrival Time,,,,,,,1,
2023,26,260179,Michigan,1,1,0,0,0,1,1,65,INGHAM (65),2700,LANSING,2,2,4,April,2023,1,Sunday,19,7:00pm-7:59pm,48,48,1,This Section IS ON the NHS,2,Urban,3,Other Principal Arterial,1,State Highway Agency,3,State Highway,SR-43 SAGINAW ST,,16,16,42.74090556,42.74090556,-84.571575000,-84.57157500,0,No Special Jurisdiction,33,Curb,0,The First Harmful Event was Not a Collision with a Motor Vehicle in Transport,0,No,1,Non-Junction,1,Not an Intersection,0,None,,,4,On Roadside,1,Daylight,,,,,1,Clear,0,No,0000000,Not Applicable,19,7:00pm-7:59pm,49,49,19,7:00pm-7:59pm,54,54,88,"Not Applicable (Not Transported) ",88,Not Applicable (Not Transported),,,,,,,1,
2023,26,260180,Michigan,4,4,0,0,0,4,4,125,OAKLAND (125),1652,FARMINGTON HILLS,4,4,4,April,2023,3,Tuesday,20,8:00pm-8:59pm,44,44,0,This Section IS NOT on the NHS,2,Urban,4,Minor Arterial,2,County Highway Agency,4,County,CR-MIDDLEBELT RD,,43,43,42.50358611,42.50358611,-83.339288890,-83.33928889,0,No Special Jurisdiction,12,Motor Vehicle In-Transport,2,Front-to-Front,0,No,1,Non-Junction,1,Not an Intersection,0,None,,,1,On Roadway,3,Dark - Lighted,,,,,1,Clear,0,No,0000000,Not Applicable,20,8:00pm-8:59pm,44,44,20,8:00pm-8:59pm,44,44,99,Unknown,99,Unknown EMS Hospital Arrival Time,,,,,,,1,
2023,26,260181,Michigan,2,2,0,0,0,7,7,25,CALHOUN (25),0,NOT APPLICABLE,3,3,4,April,2023,2,Monday,0,0:00am-0:59am,33,33,1,This Section IS ON the NHS,1,Rural,1,Interstate,1,State Highway Agency,1,Interstate,I-94,,215,215,42.28287778,42.28287778,-84.898655560,-84.89865556,0,No Special Jurisdiction,12,Motor Vehicle In-Transport,2,Front-to-Front,0,No,1,Non-Junction,1,Not an Intersection,0,None,,,1,On Roadway,2,Dark - Not Lighted,,,,,1,Clear,0,No,0000000,Not Applicable,0,0:00am-0:59am,33,33,0,0:00am-0:59am,43,43,99,Unknown,99,Unknown EMS Hospital Arrival Time,,,,,,,3,
2023,26,260182,Michigan,2,2,0,0,0,2,2,81,KENT (81),2010,GRAND RAPIDS,2,2,4,April,2023,1,Sunday,8,8:00am-8:59am,30,30,1,This Section IS ON the NHS,2,Urban,2,Other Freeways and Expressways,1,State Highway Agency,2,U.S. Highway,US-131,,109,109,42.92482222,42.92482222,-85.682069440,-85.68206944,0,No Special Jurisdiction,12,Motor Vehicle In-Transport,2,Front-to-Front,0,No,1,Non-Junction,1,Not an Intersection,0,None,,,1,On Roadway,1,Daylight,,,,,1,Clear,0,No,0000000,Not Applicable,8,8:00am-8:59am,33,33,8,8:00am-8:59am,40,40,99,Unknown,99,Unknown EMS Hospital Arrival Time,,,,,,,1,
2023,26,260183,Michigan,1,1,0,0,0,1,1,163,WAYNE (163),1260,DETROIT,2,2,4,April,2023,1,Sunday,4,4:00am-4:59am,27,27,1,This Section IS ON the NHS,2,Urban,1,Interstate,1,State Highway Agency,1,Interstate,I-94,,335,335,42.40153889,42.40153889,-82.973888890,-82.97388889,0,No Special Jurisdiction,31,"Post, Pole or Other Supports",0,The First Harmful Event was Not a Collision with a Motor Vehicle in Transport,0,No,1,Non-Junction,1,Not an Intersection,0,None,,,4,On Roadside,3,Dark - Lighted,,,,,10,Cloudy,0,No,0000000,Not Applicable,99,Unknown,99,Unknown,99,Unknown EMS Scene Arrival Hour,99,Unknown EMS Scene Arrival Minutes,99,Unknown,99,Unknown EMS Hospital Arrival Time,,,,,,,1,
2023,26,260184,Michigan,2,1,1,2,2,4,4,163,WAYNE (163),2120,HAMTRAMCK,2,2,4,April,2023,1,Sunday,2,2:00am-2:59am,15,15,1,This Section IS ON the NHS,2,Urban,1,Interstate,1,State Highway Agency,1,Interstate,I-75,,51,51,42.39618611,42.39618611,-83.068033330,-83.06803333,0,No Special Jurisdiction,8,Pedestrian,0,The First Harmful Event was Not a Collision with a Motor Vehicle in Transport,0,No,1,Non-Junction,1,Not an Intersection,0,None,,,2,On Shoulder,3,Dark - Lighted,,,,,10,Cloudy,0,No,0000000,Not Applicable,99,Unknown,99,Unknown,99,Unknown EMS Scene Arrival Hour,99,Unknown EMS Scene Arrival Minutes,99,Unknown,99,Unknown EMS Hospital Arrival Time,,,,,,,2,
2023,26,260185,Michigan,2,2,0,0,0,2,2,111,MIDLAND (111),0,NOT APPLICABLE,27,27,4,April,2023,5,Thursday,14,2:00pm-2:59pm,12,12,1,This Section IS ON the NHS,1,Rural,3,Other Principal Arterial,1,State Highway Agency,3,State Highway,SR-20 ISABELLA RD,9 MILE RD,89,89,43.61108056,43.61108056,-84.429080560,-84.42908056,0,No Special Jurisdiction,12,Motor Vehicle In-Transport,6,Angle,0,No,2,Intersection,2,Four-Way Intersection,0,None,,,1,On Roadway,1,Daylight,,,,,1,Clear,0,No,0000000,Not Applicable,99,Unknown,99,Unknown,99,Unknown EMS Scene Arrival Hour,99,Unknown EMS Scene Arrival Minutes,99,Unknown,99,Unknown EMS Hospital Arrival Time,,,,,,,1,
2023,26,260186,Michigan,1,1,0,0,0,1,1,55,GRAND TRAVERSE (55),0,NOT APPLICABLE,7,7,4,April,2023,6,Friday,14,2:00pm-2:59pm,32,32,0,This Section IS NOT on the NHS,2,Urban,7,Local,2,County Highway Agency,4,County,CR-DEEPWATER POINT RD,,5,5,44.78431389,44.78431389,-85.505483330,-85.50548333,0,No Special Jurisdiction,42,Tree (Standing Only),0,The First Harmful Event was Not a Collision with a Motor Vehicle in Transport,0,No,1,Non-Junction,1,Not an Intersection,0,None,,,4,On Roadside,1,Daylight,,,,,1,Clear,0,No,0000000,Not Applicable,14,2:00pm-2:59pm,35,35,14,2:00pm-2:59pm,39,39,88,"Not Applicable (Not Transported) ",88,Not Applicable (Not Transported),,,,,,,1,
2023,26,260187,Michigan,2,2,0,0,0,2,2,147,ST. CLAIR (147),0,NOT APPLICABLE,5,5,4,April,2023,4,Wednesday,8,8:00am-8:59am,6,6,0,This Section IS NOT on the NHS,1,Rural,5,Major Collector,2,County Highway Agency,4,County,CR-NORTH RD,,15,15,43.02685833,43.02685833,-82.525275000,-82.52527500,0,No Special Jurisdiction,12,Motor Vehicle In-Transport,2,Front-to-Front,0,No,1,Non-Junction,1,Not an Intersection,0,None,,,1,On Roadway,1,Daylight,,,,,10,Cloudy,0,No,0000000,Not Applicable,8,8:00am-8:59am,7,7,8,8:00am-8:59am,11,11,99,Unknown,99,Unknown EMS Hospital Arrival Time,,,,,,,1,
2023,26,260188,Michigan,2,2,0,0,0,2,2,21,BERRIEN (21),570,BRIDGMAN,4,4,4,April,2023,3,Tuesday,17,5:00pm-5:59pm,42,42,1,This Section IS ON the NHS,2,Urban,1,Interstate,1,State Highway Agency,1,Interstate,I-94,,160,160,41.93482222,41.93482222,-86.572263890,-86.57226389,0,No Special Jurisdiction,12,Motor Vehicle In-Transport,1,Front-to-Rear,0,No,1,Non-Junction,1,Not an Intersection,0,None,,,1,On Roadway,1,Daylight,,,,,1,Clear,0,No,0000000,Not Applicable,99,Unknown,99,Unknown,99,Unknown EMS Scene Arrival Hour,99,Unknown EMS Scene Arrival Minutes,99,Unknown,99,Unknown EMS Hospital Arrival Time,,,,,,,1,
2023,26,260189,Michigan,1,1,0,0,0,1,1,149,ST JOSEPH (149),0,NOT APPLICABLE,7,7,4,April,2023,6,Friday,8,8:00am-8:59am,22,22,1,This Section IS ON the NHS,1,Rural,3,Other Principal Arterial,1,State Highway Agency,2,U.S. Highway,US-12,,54,54,41.79736389,41.79736389,-85.657616670,-85.65761667,0,No Special Jurisdiction,10,Railway Vehicle,0,The First Harmful Event was Not a Collision with a Motor Vehicle in Transport,0,No,6,"Railway Grade Crossing ",1,Not an Intersection,0,None,,,1,On Roadway,1,Daylight,,,,,1,Clear,0,No,536336E,536336E,8,8:00am-8:59am,26,26,8,8:00am-8:59am,11,11,88,"Not Applicable (Not Transported) ",88,Not Applicable (Not Transported),,,,,,,1,
2023,26,260190,Michigan,2,2,0,0,0,2,2,123,NEWAYGO (123),0,NOT APPLICABLE,7,7,4,April,2023,6,Friday,15,3:00pm-3:59pm,44,44,0,This Section IS NOT on the NHS,1,Rural,5,Major Collector,2,County Highway Agency,4,County,CR-WARNER RD,,80,80,43.35861389,43.35861389,-85.939775000,-85.93977500,0,No Special Jurisdiction,12,Motor Vehicle In-Transport,2,Front-to-Front,0,No,1,Non-Junction,1,Not an Intersection,0,None,,,1,On Roadway,1,Daylight,,,,,1,Clear,0,No,0000000,Not Applicable,15,3:00pm-3:59pm,47,47,15,3:00pm-3:59pm,57,57,88,"Not Applicable (Not Transported) ",88,Not Applicable (Not Transported),,,,,,,1,