caseyear,state,st_case,statename,ve_total,ve_forms,pvh_invl,peds,pernotmvit,permvit,persons,county,countyname,city,cityname,day,dayname,month,monthname,year,day_week,day_weekname,hour,hourname,minute,minutename,nhs,nhsname,rur_urb,rur_urbname,func_sys,func_sysname,rd_owner,rd_ownername,route,routename,tway_id,tway_id2,milept,mileptname,latitude,latitudename,longitud,longitudname,sp_jur,sp_jurname,harm_ev,harm_evname,man_coll,man_collname,reljct1,reljct1name,reljct2,reljct2name,typ_int,typ_intname,wrk_zone,wrk_zonename,road_fnc,road_fncname,rel_road,rel_roadname,lgt_cond,lgt_condname,weather1,weather1name,weather2,weather2name,weather,weathername,sch_bus,sch_busname,rail,railname,not_hour,not_hourname,not_min,not_minname,arr_hour,arr_hourname,arr_min,arr_minname,hosp_hr,hosp_hrname,hosp_mn,hosp_mnname,cf1,cf1name,cf2,cf2name,cf3,cf3name,fatals,drunk_dr
2023,26,260191,Michigan,2,2,0,0,0,2,2,159,VAN BUREN (159),0,NOT APPLICABLE,7,7,4,April,2023,6,Friday,16,4:00pm-4:59pm,7,7,0,This Section IS NOT on the NHS,1,Rural,4,Minor Arterial,2,County Highway Agency,4,County,CR-RED ARROW HWY,,68,68,42.21806667,42.21806667,-86.095077780,-86.09507778,0,No Special Jurisdiction,12,Motor Vehicle In-Transport,2,Front-to-Front,0,No,8,Driveway Access Related,1,Not an Intersection,0,None,,,1,On Roadway,1,Daylight,,,,,1,Clear,0,No,0000000,Not Applicable,16,4:00pm-4:59pm,8,8,16,4:00pm-4:59pm,13,13,99,Unknown,99,Unknown EMS Hospital Arrival Time,,,,,,,1,
2023,26,260192,Michigan,2,2,0,0,0,2,2,139,OTTAWA (139),0,NOT APPLICABLE,9,9,4,April,2023,1,Sunday,7,7:00am-7:59am,50,50,0,This Section IS NOT on the NHS,2,Urban,7,Local,2,County Highway Agency,4,County,CR-152ND AVE,FERRIS ST,20,20,43.00855556,43.00855556,-86.164841670,-86.16484167,0,No Special Jurisdiction,12,Motor Vehicle In-Transport,6,Angle,0,No,2,Intersection,2,Four-Way Intersection,0,None,,,1,On Roadway,1,Daylight,,,,,1,Clear,0,No,0000000,Not Applicable,7,7:00am-7:59am,51,51,7,7:00am-7:59am,54,54,99,Unknown,99,Unknown EMS Hospital Arrival Time,,,,,,,1,
2023,26,260193,Michigan,1,1,0,0,0,2,2,65,INGHAM (65),2700,LANSING,9,9,4,April,2023,1,Sunday,15,3:00pm-3:59pm,46,46,0,This Section IS NOT on the NHS,2,Urban,7,Local,4,City or Municipal Highway Agency,6,Municipal,MU-MONTICELLO DR,,2,2,42.67400833,42.67400833,-84.597563890,-84.59756389,0,No Special Jurisdiction,1,Rollover/Overturn,0,The First Harmful Event was Not a Collision with a Motor Vehicle in Transport,0,No,1,Non-Junction,1,Not an Intersection,0,None,,,4,On Roadside,1,Daylight,,,,,1,Clear,0,No,0000000,Not Applicable,13,1:00pm-1:59pm,45,45,13,1:00pm-1:59pm,50,50,99,Unknown,99,Unknown EMS Hospital Arrival Time,,,,,,,1,
2023,26,260194,Michigan,2,2,0,0,0,9,9,65,INGHAM (65),1430,EAST LANSING,5,5,4,April,2023,4,Wednesday,20,8:00pm-8:59pm,4,4,0,This Section IS NOT on the NHS,2,Urban,5,Major Collector,4,City or Municipal Highway Agency,6,Municipal,MU-COOLIDGE RD,LAKE LANSING RD,13,13,42.76073056,42.76073056,-84.503350000,-84.50335000,0,No Special Jurisdiction,12,Motor Vehicle In-Transport,6,Angle,0,No,2,Intersection,2,Four-Way Intersection,0,None,,,1,On Roadway,5,Dusk,,,,,10,Cloudy,0,No,0000000,Not Applicable,99,Unknown,99,Unknown,99,Unknown EMS Scene Arrival Hour,99,Unknown EMS Scene Arrival Minutes,99,Unknown,99,Unknown EMS Hospital Arrival Time,,,,,,,2,
2023,26,260195,Michigan,2,2,0,0,0,5,5,17,BAY (17),0,NOT APPLICABLE,2,2,4,April,2023,1,Sunday,13,1:00pm-1:59pm,16,16,0,This Section IS NOT on the NHS,1,Rural,7,Local,2,County Highway Agency,4,County,CR-SEIDLERS RD,CARTER RD,19,19,43.68305278,43.68305278,-84.127677780,-84.12767778,0,No Special Jurisdiction,12,Motor Vehicle In-Transport,6,Angle,0,No,2,Intersection,2,Four-Way Intersection,0,None,,,1,On Roadway,1,Daylight,,,,,1,Clear,0,No,0000000,Not Applicable,99,Unknown,99,Unknown,99,Unknown EMS Scene Arrival Hour,99,Unknown EMS Scene Arrival Minutes,99,Unknown,99,Unknown EMS Hospital Arrival Time,,,,,,,1,
2023,26,260196,Michigan,2,2,0,0,0,2,2,67,IONIA (67),0,NOT APPLICABLE,10,10,4,April,2023,2,Monday,22,10:00pm-10:59pm,5,5,1,This Section IS ON the NHS,1,Rural,1,Interstate,1,State Highway Agency,1,Interstate,I-96,,61,61,42.87928056,42.87928056,-85.192369440,-85.19236944,0,No Special Jurisdiction,57,Cable Barrier,0,The First Harmful Event was Not a Collision with a Motor Vehicle in Transport,0,No,1,Non-Junction,1,Not an Intersection,0,None,,,3,On Median,2,Dark - Not Lighted,,,,,1,Clear,0,No,0000000,Not Applicable,99,Unknown,99,Unknown,99,Unknown EMS Scene Arrival Hour,99,Unknown EMS Scene Arrival Minutes,88,"Not Applicable (Not Transported) ",88,Not Applicable (Not Transported),,,,,,,1,
2023,26,260197,Michigan,2,2,0,0,0,3,3,93,LIVINGSTON (93),0,NOT APPLICABLE,10,10,4,April,2023,2,Monday,14,2:00pm-2:59pm,52,52,0,This Section IS NOT on the NHS,2,Urban,3,Other Principal Arterial,4,City or Municipal Highway Agency,4,County,CR-GRAND RIVER RD,,174,174,42.57733056,42.57733056,-83.845561110,-83.84556111,0,No Special Jurisdiction,12,Motor Vehicle In-Transport,6,Angle,0,No,8,Driveway Access Related,1,Not an Intersection,0,None,,,1,On Roadway,1,Daylight,,,,,1,Clear,1,Yes,0000000,Not Applicable,14,2:00pm-2:59pm,54,54,15,3:00pm-3:59pm,0,0,99,Unknown,99,Unknown EMS Hospital Arrival Time,,,,,,,1,
2023,26,260198,Michigan,2,2,0,0,0,4,4,139,OTTAWA (139),0,NOT APPLICABLE,11,11,4,April,2023,3,Tuesday,19,7:00pm-7:59pm,14,14,0,This Section IS NOT on the NHS,2,Urban,7,Local,2,County Highway Agency,4,County,CR-64TH ST,PIERCE ST,20,20,42.95776944,42.95776944,-85.943591670,-85.94359167,0,No Special Jurisdiction,12,Motor Vehicle In-Transport,6,Angle,0,No,2,Intersection,2,Four-Way Intersection,0,None,,,1,On Roadway,1,Daylight,,,,,1,Clear,0,No,0000000,Not Applicable,19,7:00pm-7:59pm,16,16,19,7:00pm-7:59pm,19,19,99,Unknown,99,Unknown EMS Hospital Arrival Time,,,,,,,1,
2023,26,260199,Michigan,1,1,0,1,1,1,1,115,MONROE (115),0,NOT APPLICABLE,12,12,4,April,2023,4,Wednesday,4,4:00am-4:59am,50,50,1,This Section IS ON the NHS,2,Urban,3,Other Principal Arterial,1,State Highway Agency,2,U.S. Highway,US-24 TELEGRAPH RD,,265,265,42.06841389,42.06841389,-83.312427780,-83.31242778,0,No Special Jurisdiction,8,Pedestrian,0,The First Harmful Event was Not a Collision with a Motor Vehicle in Transport,0,No,1,Non-Junction,1,Not an Intersection,0,None,,,1,On Roadway,2,Dark - Not Lighted,,,,,10,Cloudy,0,No,0000000,Not Applicable,4,4:00am-4:59am,55,55,5,5:00am-5:59am,5,5,88,"Not Applicable (Not Transported) ",88,Not Applicable (Not Transported),,,,,,,1,
2023,26,260200,Michigan,1,1,0,1,1,1,1,163,WAYNE (163),4166,REDFORD TOWNSHIP,11,11,4,April,2023,3,Tuesday,17,5:00pm-5:59pm,15,15,0,This Section IS NOT on the NHS,2,Urban,4,Minor Arterial,2,County Highway Agency,4,County,CR-BEECH DALY RD,7 MILE RD,49,49,42.42850833,42.42850833,-83.296997220,-83.29699722,0,No Special Jurisdiction,8,Pedestrian,0,The First Harmful Event was Not a Collision with a Motor Vehicle in Transport,0,No,3,Intersection-Related,2,Four-Way Intersection,0,None,,,1,On Roadway,1,Daylight,,,,,1,Clear,0,No,0000000,Not Applicable,15,3:00pm-3:59pm,15,15,15,3:00pm-3:59pm,20,20,99,Unknown,99,Unknown EMS Hospital Arrival Time,,,,,,,1,
2023,26,260201,Michigan,2,2,0,0,0,2,2,149,ST JOSEPH (149),0,NOT APPLICABLE,15,15,4,April,2023,7,Saturday,5,5:00am-5:59am,30,30,0,This Section IS NOT on the NHS,1,Rural,5,Major Collector,2,County Highway Agency,4,County,CR-COLON RD,,23,23,41.97765833,41.97765833,-85.364858330,-85.36485833,0,No Special Jurisdiction,12,Motor Vehicle In-Transport,2,Front-to-Front,0,No,1,Non-Junction,1,Not an Intersection,0,None,,,1,On Roadway,2,Dark - Not Lighted,,,,,10,Cloudy,0,No,0000000,Not Applicable,5,5:00am-5:59am,31,31,5,5:00am-5:59am,43,43,99,Unknown,99,Unknown EMS Hospital Arrival Time,,,,,,,1,
2023,26,260202,Michigan,2,2,0,0,0,2,2,91,LENAWEE (91),0,NOT APPLICABLE,11,11,4,April,2023,3,Tuesday,20,8:00pm-8:59pm,17,17,1,This Section IS ON the NHS,1,Rural,3,Other Principal Arterial,1,State Highway Agency,2,U.S. Highway,US-223,,22,22,42.02024444,42.02024444,-84.317950000,-84.31795000,0,No Special Jurisdiction,12,Motor Vehicle In-Transport,6,Angle,0,No,1,Non-Junction,1,Not an Intersection,0,None,,,1,On Roadway,1,Daylight,,,,,1,Clear,0,No,0000000,Not Applicable,20,8:00pm-8:59pm,18,18,20,8:00pm-8:59pm,23,23,99,Unknown,99,Unknown EMS Hospital Arrival Time,,,,,,,1,
2023,26,260203,Michigan,2,2,0,0,0,2,2,149,ST JOSEPH (149),0,NOT APPLICABLE,12,12,4,April,2023,4,Wednesday,20,8:00pm-8:59pm,6,6,0,This Section IS NOT on the NHS,1,Rural,4,Minor Arterial,1,State Highway Agency,2,U.S. Highway,US-12,,21,21,41.79706667,41.79706667,-85.722147220,-85.72214722,0,No Special Jurisdiction,12,Motor Vehicle In-Transport,6,Angle,0,No,1,Non-Junction,1,Not an Intersection,0,None,,,1,On Roadway,5,Dusk,,,,,1,Clear,0,No,0000000,Not Applicable,20,8:00pm-8:59pm,6,6,20,8:00pm-8:59pm,9,9,88,"Not Applicable (Not Transported) ",88,Not Applicable (Not Transported),,,,,,,1,
2023,26,260204,Michigan,1,1,0,0,0,2,2,81,KENT (81),2010,GRAND RAPIDS,14,14,4,April,2023,6,Friday,23,11:00pm-11:59pm,5,5,1,This Section IS ON the NHS,2,Urban,2,Other Freeways and Expressways,1,State Highway Agency,2,U.S. Highway,US-131,,116,116,42.93388611,42.93388611,-85.680502780,-85.68050278,0,No Special Jurisdiction,1,Rollover/Overturn,0,The First Harmful Event was Not a Collision with a Motor Vehicle in Transport,0,No,1,Non-Junction,1,Not an Intersection,0,None,,,4,On Roadside,3,Dark - Lighted,,,,,1,Clear,0,No,0000000,Not Applicable,23,11:00pm-11:59pm,7,7,23,11:00pm-11:59pm,35,35,88,"Not Applicable (Not Transported) ",88,Not Applicable (Not Transported),,,,,,,1,
2023,26,260205,Michigan,2,2,0,0,0,2,2,151,SANILAC (151),0,NOT APPLICABLE,12,12,4,April,2023,4,Wednesday,17,5:00pm-5:59pm,43,43,0,This Section IS NOT on the NHS,1,Rural,4,Minor Arterial,1,State Highway Agency,3,State Highway,SR-19 UBLY RD,W EDDY RD,10,10,43.43328056,43.43328056,-82.929283330,-82.92928333,0,No Special Jurisdiction,12,Motor Vehicle In-Transport,1,Front-to-Rear,0,No,3,Intersection-Related,2,Four-Way Intersection,0,None,,,1,On Roadway,1,Daylight,,,,,1,Clear,0,No,0000000,Not Applicable,17,5:00pm-5:59pm,44,44,17,5:00pm-5:59pm,51,51,99,Unknown,99,Unknown EMS Hospital Arrival Time,,,,,,,1,
2023,26,260206,Michigan,2,2,0,0,0,3,3,149,ST JOSEPH (149),3385,MOTTVILLE,12,12,4,April,2023,4,Wednesday,14,2:00pm-2:59pm,20,20,0,This Section IS NOT on the NHS,1,Rural,7,Local,2,County Highway Agency,4,County,CR-BARKER RD,,8,8,41.76536944,41.76536944,-85.755880560,-85.75588056,0,No Special Jurisdiction,12,Motor Vehicle In-Transport,6,Angle,0,No,8,Driveway Access Related,1,Not an Intersection,0,None,,,1,On Roadway,1,Daylight,,,,,1,Clear,0,No,0000000,Not Applicable,99,Unknown,99,Unknown,99,Unknown EMS Scene Arrival Hour,99,Unknown EMS Scene Arrival Minutes,99,Unknown,99,Unknown EMS Hospital Arrival Time,,,,,,,1,
2023,26,260207,Michigan,2,2,0,0,0,3,3,163,WAYNE (163),1260,DETROIT,14,14,4,April,2023,6,Friday,16,4:00pm-4:59pm,49,49,1,This Section IS ON the NHS,2,Urban,3,Other Principal Arterial,4,City or Municipal Highway Agency,6,Municipal,MU-EVERGREEN RD,GROVE ST,73,73,42.41338889,42.41338889,-83.238116670,-83.23811667,0,No Special Jurisdiction,12,Motor Vehicle In-Transport,6,Angle,0,No,2,Intersection,2,Four-Way Intersection,0,None,,,1,On Roadway,1,Daylight,,,,,1,Clear,0,No,0000000,Not Applicable,99,Unknown,99,Unknown,99,Unknown EMS Scene Arrival Hour,99,Unknown EMS Scene Arrival Minutes,99,Unknown,99,Unknown EMS Hospital Arrival Time,,,,,,,1,
2023,26,260208,Michigan,1,1,0,0,0,2,2,41,DELTA (41),0,NOT APPLICABLE,14,14,4,April,2023,6,Friday,15,3:00pm-3:59pm,51,51,0,This Section IS NOT on the NHS,1,Rural,7,Local,2,County Highway Agency,4,County,CR-2725,,1,1,45.92958889,45.92958889,-86.624308330,-86.62430833,0,No Special Jurisdiction,1,Rollover/Overturn,0,The First Harmful Event was Not a Collision with a Motor Vehicle in Transport,0,No,1,Non-Junction,1,Not an Intersection,0,None,,,1,On Roadway,1,Daylight,,,,,10,Cloudy,0,No,0000000,Not Applicable,15,3:00pm-3:59pm,51,51,16,4:00pm-4:59pm,18,18,88,"Not Applicable (Not Transported) ",88,Not Applicable (Not Transported),,,,,,,1,
2023,26,260209,Michigan,2,2,0,0,0,2,2,17,BAY (17),0,NOT APPLICABLE,16,16,4,April,2023,1,Sunday,2,2:00am-2:59am,25,25,1,This Section IS ON the NHS,2,Urban,1,Interstate,1,State Highway Agency,1,Interstate,I-75,,42,42,43.58244167,43.58244167,-83.948544440,-83.94854444,0,No Special Jurisdiction,12,Motor Vehicle In-Transport,1,Front-to-Rear,0,No,1,Non-Junction,1,Not an Intersection,0,None,,,1,On Roadway,2,Dark - Not Lighted,,,,,1,Clear,0,No,0000000,Not Applicable,2,2:00am-2:59am,30,30,2,2:00am-2:59am,35,35,88,"Not Applicable (Not Transported) ",88,Not Applicable (Not Transported),,,,,,,1,
2023,26,260210,Michigan,1,1,0,0,0,1,1,157,TUSCOLA (157),0,NOT APPLICABLE,12,12,4,April,2023,4,Wednesday,20,8:00pm-8:59pm,47,47,1,This Section IS ON the NHS,1,Rural,3,Other Principal Arterial,1,State Highway Agency,3,State Highway,SR-46 E SANILAC RD,,250,250,43.41277500,43.41277500,-83.201169440,-83.20116944,0,No Special Jurisdiction,11,Live Animal,0,The First Harmful Event was Not a Collision with a Motor Vehicle in Transport,0,No,1,Non-Junction,1,Not an Intersection,0,None,,,1,On Roadway,2,Dark - Not Lighted,,,,,1,Clear,0,No,0000000,Not Applicable,99,Unknown,99,Unknown,99,Unknown EMS Scene Arrival Hour,99,Unknown EMS Scene Arrival Minutes,99,Unknown,99,Unknown EMS Hospital Arrival Time,,,,,,,1,
2023,26,260211,Michigan,1,1,0,0,0,1,1,151,SANILAC (151),0,NOT APPLICABLE,7,7,4,April,2023,6,Friday,16,4:00pm-4:59pm,57,57,0,This Section IS NOT on the NHS,1,Rural,4,Minor Arterial,1,State Highway Agency,3,State Highway,SR-19 UBLY RD,,32,32,43.46582222,43.46582222,-82.930944440,-82.93094444,0,No Special Jurisdiction,5,Fell/Jumped from Vehicle,0,The First Harmful Event was Not a Collision with a Motor Vehicle in Transport,0,No,1,Non-Junction,1,Not an Intersection,0,None,,,1,On Roadway,1,Daylight,,,,,1,Clear,0,No,0000000,Not Applicable,99,Unknown,99,Unknown,99,Unknown EMS Scene Arrival Hour,99,Unknown EMS Scene Arrival Minutes,88,"Not Applicable (Not Transported) ",88,Not Applicable (Not Transported),,,,,,,1,
2023,26,260212,Michigan,2,1,1,1,1,1,1,163,WAYNE (163),1260,DETROIT,14,14,4,April,2023,6,Friday,14,2:00pm-2:59pm,50,50,1,This Section IS ON the NHS,2,Urban,3,Other Principal Arterial,1,State Highway Agency,3,State Highway,SR-3 GRATIOT AVE,ST AUBIN ST,17,17,42.34928056,42.34928056,-83.034488890,-83.03448889,0,No Special Jurisdiction,8,Pedestrian,0,The First Harmful Event was Not a Collision with a Motor Vehicle in Transport,0,No,3,Intersection-Related,2,Four-Way Intersection,0,None,,,7,In Parking Lane/Zone,1,Daylight,,,,,1,Clear,0,No,0000000,Not Applicable,99,Unknown,99,Unknown,99,Unknown EMS Scene Arrival Hour,99,Unknown EMS Scene Arrival Minutes,99,Unknown,99,Unknown EMS Hospital Arrival Time,,,,,,,1,
2023,26,260213,Michigan,1,1,0,0,0,1,1,163,WAYNE (163),1720,FLAT ROCK,16,16,4,April,2023,1,Sunday,13,1:00pm-1:59pm,19,19,0,This Section IS NOT on the NHS,2,Urban,7,Local,4,City or Municipal Highway Agency,6,Municipal,MU-WOODRUFF RD,,9,9,42.08387500,42.08387500,-83.259266670,-83.25926667,0,No Special Jurisdiction,30,Utility Pole/Light Support,0,The First Harmful Event was Not a Collision with a Motor Vehicle in Transport,0,No,1,Non-Junction,1,Not an Intersection,0,None,,,4,On Roadside,1,Daylight,,,,,1,Clear,0,No,0000000,Not Applicable,13,1:00pm-1:59pm,25,25,13,1:00pm-1:59pm,32,32,99,Unknown,99,Unknown EMS Hospital Arrival Time,,,,,,,1,
2023,26,260214,Michigan,1,1,0,0,0,1,1,77,KALAMAZOO (77),47,ALAMO,20,20,4,April,2023,5,Thursday,7,7:00am-7:59am,25,25,0,This Section IS NOT on the NHS,1,Rural,5,Major Collector,2,County Highway Agency,4,County,CR-D AVE,,10,10,42.37511111,42.37511111,-85.754252780,-85.75425278,0,No Special Jurisdiction,42,Tree (Standing Only),0,The First Harmful Event was Not a Collision with a Motor Vehicle in Transport,0,No,1,Non-Junction,1,Not an Intersection,0,None,,,4,On Roadside,1,Daylight,,,,,1,Clear,0,No,0000000,Not Applicable,7,7:00am-7:59am,27,27,99,Unknown EMS Scene Arrival Hour,99,Unknown EMS Scene Arrival Minutes,88,"Not Applicable (Not Transported) ",88,Not Applicable (Not Transported),,,,,,,1,
2023,26,260215,Michigan,1,1,0,0,0,1,1,121,MUSKEGON (121),0,NOT APPLICABLE,18,18,4,April,2023,3,Tuesday,4,4:00am-4:59am,11,11,1,This Section IS ON the NHS,2,Urban,2,Other Freeways and Expressways,1,State Highway Agency,2,U.S. Highway,US-31,,121,121,43.29226667,43.29226667,-86.208219440,-86.20821944,0,No Special Jurisdiction,1,Rollover/Overturn,0,The First Harmful Event was Not a Collision with a Motor Vehicle in Transport,0,No,1,Non-Junction,1,Not an Intersection,0,None,,,4,On Roadside,2,Dark - Not Lighted,,,,,1,Clear,0,No,0000000,Not Applicable,4,4:00am-4:59am,23,23,4,4:00am-4:59am,30,30,88,"Not Applicable (Not Transported) ",88,Not Applicable (Not Transported),,,,,,,1,
2023,26,260216,Michigan,3,3,0,0,0,3,3,135,OSCODA (135),0,NOT APPLICABLE,9,9,4,April,2023,1,Sunday,16,4:00pm-4:59pm,37,37,0,This Section IS NOT on the NHS,1,Rural,4,Minor Arterial,1,State Highway Agency,3,State Highway,SR-72 RYNO RD,OAKWOOD TRAIL RD,110,110,44.64513889,44.64513889,-84.169161110,-84.16916111,0,No Special Jurisdiction,12,Motor Vehicle In-Transport,1,Front-to-Rear,0,No,3,Intersection-Related,3,T-Intersection,0,None,,,1,On Roadway,1,Daylight,,,,,1,Clear,0,No,0000000,Not Applicable,16,4:00pm-4:59pm,39,39,16,4:00pm-4:59pm,44,44,99,Unknown,99,Unknown EMS Hospital Arrival Time,,,,,,,1,
2023,26,260217,Michigan,2,2,0,0,0,2,2,25,CALHOUN (25),310,BATTLE CREEK,14,14,4,April,2023,6,Friday,8,8:00am-8:59am,53,53,0,This Section IS NOT on the NHS,2,Urban,7,Local,4,City or Municipal Highway Agency,6,Municipal,MU-GRENVILLE ST,KINGMAN AVE,2,2,42.30509722,42.30509722,-85.164216670,-85.16421667,0,No Special Jurisdiction,12,Motor Vehicle In-Transport,6,Angle,0,No,2,Intersection,2,Four-Way Intersection,0,None,,,1,On Roadway,1,Daylight,,,,,1,Clear,0,No,0000000,Not Applicable,99,Unknown,99,Unknown,99,Unknown EMS Scene Arrival Hour,99,Unknown EMS Scene Arrival Minutes,99,Unknown,99,Unknown EMS Hospital Arrival Time,,,,,,,1,
2023,26,260218,Michigan,2,2,0,0,0,3,3,49,GENESEE (49),1731,FLINT TOWNSHIP,15,15,4,April,2023,7,Saturday,16,4:00pm-4:59pm,5,5,1,This Section IS ON the NHS,2,Urban,3,Other Principal Arterial,2,County Highway Agency,4,County,"CR-BRISTOL ",,7,7,42.97555833,42.97555833,-83.743330560,-83.74333056,0,No Special Jurisdiction,12,Motor Vehicle In-Transport,2,Front-to-Front,0,No,1,Non-Junction,1,Not an Intersection,0,None,,,1,On Roadway,1,Daylight,,,,,1,Clear,0,No,0000000,Not Applicable,99,Unknown,99,Unknown,99,Unknown EMS Scene Arrival Hour,99,Unknown EMS Scene Arrival Minutes,99,Unknown,99,Unknown EMS Hospital Arrival Time,,,,,,,1,
2023,26,260219,Michigan,2,2,0,0,0,3,3,163,WAYNE (163),1260,DETROIT,14,14,4,April,2023,6,Friday,23,11:00pm-11:59pm,39,39,1,This Section IS ON the NHS,2,Urban,3,Other Principal Arterial,1,State Highway Agency,3,State Highway,SR-153 FORD RD,HIGHVIEW,133,133,42.32666111,42.32666111,-83.285836110,-83.28583611,0,No Special Jurisdiction,12,Motor Vehicle In-Transport,6,Angle,0,No,2,Intersection,2,Four-Way Intersection,0,None,,,1,On Roadway,2,Dark - Not Lighted,,,,,1,Clear,0,No,0000000,Not Applicable,23,11:00pm-11:59pm,39,39,23,11:00pm-11:59pm,46,46,99,Unknown,99,Unknown EMS Hospital Arrival Time,,,,,,,1,
2023,26,260220,Michigan,2,2,0,0,0,5,5,67,IONIA (67),0,NOT APPLICABLE,14,14,4,April,2023,6,Friday,17,5:00pm-5:59pm,13,13,0,This Section IS NOT on the NHS,1,Rural,5,Major Collector,2,County Highway Agency,4,County,CR-S HUBBARDSTON RD,,0,None,42.97345833,42.97345833,-84.846702780,-84.84670278,0,No Special Jurisdiction,12,Motor Vehicle In-Transport,6,Angle,0,No,1,Non-Junction,1,Not an Intersection,0,None,,,1,On Roadway,1,Daylight,,,,,1,Clear,0,No,0000000,Not Applicable,99,Unknown,99,Unknown,99,Unknown EMS Scene Arrival Hour,99,Unknown EMS Scene Arrival Minutes,99,Unknown,99,Unknown EMS Hospital Arrival Time,,,,,,,1,
2023,26,260221,Michigan,2,2,0,0,0,4,4,49,GENESEE (49),0,NOT APPLICABLE,30,30,3,March,2023,5,Thursday,16,4:00pm-4:59pm,3,3,0,This Section IS NOT on the NHS,2,Urban,5,Major Collector,2,County Highway Agency,4,County,CR-SEYMOUR RD,,25,25,42.99196944,42.99196944,-83.860566670,-83.86056667,0,No Special Jurisdiction,12,Motor Vehicle In-Transport,6,Angle,0,No,1,Non-Junction,1,Not an Intersection,0,None,,,1,On Roadway,1,Daylight,,,,,1,Clear,0,No,0000000,Not Applicable,99,Unknown,99,Unknown,99,Unknown EMS Scene Arrival Hour,99,Unknown EMS Scene Arrival Minutes,99,Unknown,99,Unknown EMS Hospital Arrival Time,,,,,,,1,
2023,26,260222,Michigan,1,1,0,0,0,1,1,79,KALKASKA (79),0,NOT APPLICABLE,28,28,4,April,2023,6,Friday,11,11:00am-11:59am,0,0,0,This Section IS NOT on the NHS,1,Rural,5,Major Collector,2,County Highway Agency,4,County,CR-SPENCER RD,,96,96,44.64087778,44.64087778,-85.138136110,-85.13813611,0,No Special Jurisdiction,42,Tree (Standing Only),0,The First Harmful Event was Not a Collision with a Motor Vehicle in Transport,0,No,1,Non-Junction,1,Not an Intersection,0,None,,,4,On Roadside,1,Daylight,,,,,1,Clear,0,No,0000000,Not Applicable,99,Unknown,99,Unknown,99,Unknown EMS Scene Arrival Hour,99,Unknown EMS Scene Arrival Minutes,99,Unknown,99,Unknown EMS Hospital Arrival Time,,,,,,,1,
2023,26,260223,Michigan,3,2,1,0,1,2,3,99,MACOMB (99),4330,ROSEVILLE,15,15,4,April,2023,7,Saturday,9,9:00am-9:59am,10,10,1,This Section IS ON the NHS,2,Urban,1,Interstate,1,State Highway Agency,1,Interstate,I-696,,79,79,42.49445000,42.49445000,-82.937436110,-82.93743611,0,No Special Jurisdiction,45,"Working Motor Vehicle ",0,The First Harmful Event was Not a Collision with a Motor Vehicle in Transport,0,No,1,Non-Junction,1,Not an Intersection,1,Construction,,,1,On Roadway,1,Daylight,,,,,1,Clear,0,No,0000000,Not Applicable,99,Unknown,99,Unknown,99,Unknown EMS Scene Arrival Hour,99,Unknown EMS Scene Arrival Minutes,88,"Not Applicable (Not Transported) ",88,Not Applicable (Not Transported),,,,,,,1,
2023,26,260224,Michigan,2,2,0,0,0,3,3,143,ROSCOMMON (143),0,NOT APPLICABLE,21,21,4,April,2023,6,Friday,9,9:00am-9:59am,20,20,0,This Section IS NOT on the NHS,1,Rural,4,Minor Arterial,1,State Highway Agency,3,State Highway,SR-18 N ROSCOMMON RD,,119,119,44.46448056,44.46448056,-84.598316670,-84.59831667,0,No Special Jurisdiction,12,Motor Vehicle In-Transport,2,Front-to-Front,0,No,1,Non-Junction,1,Not an Intersection,0,None,,,1,On Roadway,1,Daylight,,,,,10,Cloudy,0,No,0000000,Not Applicable,9,9:00am-9:59am,20,20,9,9:00am-9:59am,22,22,99,Unknown,99,Unknown EMS Hospital Arrival Time,,,,,,,3,
2023,26,260225,Michigan,2,2,0,0,0,2,2,163,WAYNE (163),1260,DETROIT,23,23,4,April,2023,1,Sunday,4,4:00am-4:59am,0,0,1,This Section IS ON the NHS,2,Urban,2,Other Freeways and Expressways,1,State Highway Agency,3,State Highway,SR-39 SOUTHFIELD FWY,,114,114,42.40176944,42.40176944,-83.218150000,-83.21815000,0,No Special Jurisdiction,12,Motor Vehicle In-Transport,1,Front-to-Rear,0,No,1,Non-Junction,1,Not an Intersection,0,None,,,1,On Roadway,3,Dark - Lighted,,,,,1,Clear,0,No,0000000,Not Applicable,99,Unknown,99,Unknown,99,Unknown EMS Scene Arrival Hour,99,Unknown EMS Scene Arrival Minutes,99,Unknown,99,Unknown EMS Hospital Arrival Time,,,,,,,1,
2023,26,260226,Michigan,1,1,0,0,0,5,5,65,INGHAM (65),2700,LANSING,20,20,4,April,2023,5,Thursday,3,3:00am-3:59am,24,24,0,This Section IS NOT on the NHS,2,Urban,5,Major Collector,4,City or Municipal Highway Agency,6,Municipal,MU-WILLOW ST,,20,20,42.74883611,42.74883611,-84.562741670,-84.56274167,0,No Special Jurisdiction,42,Tree (Standing Only),0,The First Harmful Event was Not a Collision with a Motor Vehicle in Transport,0,No,1,Non-Junction,1,Not an Intersection,0,None,,,4,On Roadside,3,Dark - Lighted,,,,,1,Clear,0,No,0000000,Not Applicable,3,3:00am-3:59am,34,34,3,3:00am-3:59am,41,41,99,Unknown,99,Unknown EMS Hospital Arrival Time,,,,,,,1,
2023,26,260227,Michigan,1,1,0,1,1,2,2,55,GRAND TRAVERSE (55),4880,TRAVERSE CITY,17,17,4,April,2023,2,Monday,13,1:00pm-1:59pm,36,36,0,This Section IS NOT on the NHS,2,Urban,4,Minor Arterial,4,City or Municipal Highway Agency,6,Municipal,MU-CASS ST,12TH ST,42,42,44.75467222,44.75467222,-85.620938890,-85.62093889,0,No Special Jurisdiction,9,Pedalcyclist,0,The First Harmful Event was Not a Collision with a Motor Vehicle in Transport,0,No,2,Intersection,2,Four-Way Intersection,0,None,,,1,On Roadway,1,Daylight,,,,,1,Clear,0,No,0000000,Not Applicable,13,1:00pm-1:59pm,36,36,13,1:00pm-1:59pm,42,42,99,Unknown,99,Unknown EMS Hospital Arrival Time,,,,,,,1,