caseyear,state,st_case,statename,ve_total,ve_forms,pvh_invl,peds,pernotmvit,permvit,persons,county,countyname,city,cityname,day,dayname,month,monthname,year,day_week,day_weekname,hour,hourname,minute,minutename,nhs,nhsname,rur_urb,rur_urbname,func_sys,func_sysname,rd_owner,rd_ownername,route,routename,tway_id,tway_id2,milept,mileptname,latitude,latitudename,longitud,longitudname,sp_jur,sp_jurname,harm_ev,harm_evname,man_coll,man_collname,reljct1,reljct1name,reljct2,reljct2name,typ_int,typ_intname,wrk_zone,wrk_zonename,road_fnc,road_fncname,rel_road,rel_roadname,lgt_cond,lgt_condname,weather1,weather1name,weather2,weather2name,weather,weathername,sch_bus,sch_busname,rail,railname,not_hour,not_hourname,not_min,not_minname,arr_hour,arr_hourname,arr_min,arr_minname,hosp_hr,hosp_hrname,hosp_mn,hosp_mnname,cf1,cf1name,cf2,cf2name,cf3,cf3name,fatals,drunk_dr
2023,26,260228,Michigan,1,1,0,0,0,1,1,81,KENT (81),2010,GRAND RAPIDS,18,18,4,April,2023,3,Tuesday,6,6:00am-6:59am,0,0,1,This Section IS ON the NHS,2,Urban,2,Other Freeways and Expressways,1,State Highway Agency,2,U.S. Highway,US-131,,133,133,42.95717778,42.95717778,-85.671525000,-85.67152500,0,No Special Jurisdiction,25,Concrete Traffic Barrier,0,The First Harmful Event was Not a Collision with a Motor Vehicle in Transport,0,No,1,Non-Junction,1,Not an Intersection,0,None,,,3,On Median,3,Dark - Lighted,,,,,10,Cloudy,0,No,0000000,Not Applicable,99,Unknown,99,Unknown,99,Unknown EMS Scene Arrival Hour,99,Unknown EMS Scene Arrival Minutes,99,Unknown,99,Unknown EMS Hospital Arrival Time,,,,,,,1,
2023,26,260229,Michigan,1,1,0,1,1,1,1,123,NEWAYGO (123),0,NOT APPLICABLE,10,10,4,April,2023,2,Monday,23,11:00pm-11:59pm,21,21,0,This Section IS NOT on the NHS,1,Rural,5,Major Collector,2,County Highway Agency,4,County,CR-48TH ST,,75,75,43.46689167,43.46689167,-85.888636110,-85.88863611,0,No Special Jurisdiction,8,Pedestrian,0,The First Harmful Event was Not a Collision with a Motor Vehicle in Transport,0,No,1,Non-Junction,1,Not an Intersection,0,None,,,1,On Roadway,2,Dark - Not Lighted,,,,,1,Clear,0,No,0000000,Not Applicable,99,Unknown,99,Unknown,99,Unknown EMS Scene Arrival Hour,99,Unknown EMS Scene Arrival Minutes,88,"Not Applicable (Not Transported) ",88,Not Applicable (Not Transported),,,,,,,1,
2023,26,260230,Michigan,1,1,0,0,0,1,1,5,ALLEGAN (5),0,NOT APPLICABLE,27,27,4,April,2023,5,Thursday,9,9:00am-9:59am,25,25,0,This Section IS NOT on the NHS,1,Rural,7,Local,2,County Highway Agency,4,County,CR-108TH AVE,,19,19,42.47670833,42.47670833,-86.091786110,-86.09178611,0,No Special Jurisdiction,10,Railway Vehicle,0,The First Harmful Event was Not a Collision with a Motor Vehicle in Transport,0,No,6,"Railway Grade Crossing ",1,Not an Intersection,0,None,,,1,On Roadway,1,Daylight,,,,,1,Clear,0,No,234707C,234707C,99,Unknown,99,Unknown,99,Unknown EMS Scene Arrival Hour,99,Unknown EMS Scene Arrival Minutes,88,"Not Applicable (Not Transported) ",88,Not Applicable (Not Transported),,,,,,,1,
2023,26,260231,Michigan,1,1,0,0,0,1,1,123,NEWAYGO (123),0,NOT APPLICABLE,29,29,4,April,2023,7,Saturday,4,4:00am-4:59am,45,45,0,This Section IS NOT on the NHS,1,Rural,5,Major Collector,2,County Highway Agency,4,County,CR-SPRUCE AVE,,59,59,43.37920000,43.37920000,-85.741708330,-85.74170833,0,No Special Jurisdiction,42,Tree (Standing Only),0,The First Harmful Event was Not a Collision with a Motor Vehicle in Transport,0,No,1,Non-Junction,1,Not an Intersection,0,None,,,4,On Roadside,2,Dark - Not Lighted,,,,,1,Clear,0,No,0000000,Not Applicable,4,4:00am-4:59am,56,56,5,5:00am-5:59am,13,13,88,"Not Applicable (Not Transported) ",88,Not Applicable (Not Transported),,,,,,,1,
2023,26,260232,Michigan,1,1,0,0,0,1,1,23,BRANCH (23),0,NOT APPLICABLE,30,30,4,April,2023,1,Sunday,14,2:00pm-2:59pm,37,37,0,This Section IS NOT on the NHS,1,Rural,4,Minor Arterial,2,County Highway Agency,4,County,CR-JONESVILLE RD,,62,62,41.98559167,41.98559167,-84.899091670,-84.89909167,0,No Special Jurisdiction,42,Tree (Standing Only),0,The First Harmful Event was Not a Collision with a Motor Vehicle in Transport,0,No,1,Non-Junction,1,Not an Intersection,0,None,,,4,On Roadside,1,Daylight,,,,,1,Clear,0,No,0000000,Not Applicable,99,Unknown,98,Unknown if Notified,99,Unknown EMS Scene Arrival Hour,98,Unknown if Arrived,88,"Not Applicable (Not Transported) ",88,Not Applicable (Not Transported),,,,,,,1,
2023,26,260233,Michigan,1,1,0,1,1,1,1,49,GENESEE (49),1730,FLINT,20,20,4,April,2023,5,Thursday,21,9:00pm-9:59pm,1,1,0,This Section IS NOT on the NHS,2,Urban,3,Other Principal Arterial,4,City or Municipal Highway Agency,6,Municipal,MU-CENTER RD,,63,63,43.02263056,43.02263056,-83.634925000,-83.63492500,0,No Special Jurisdiction,8,Pedestrian,0,The First Harmful Event was Not a Collision with a Motor Vehicle in Transport,0,No,1,Non-Junction,1,Not an Intersection,0,None,,,1,On Roadway,2,Dark - Not Lighted,,,,,10,Cloudy,0,No,0000000,Not Applicable,99,Unknown,98,Unknown if Notified,99,Unknown EMS Scene Arrival Hour,98,Unknown if Arrived,88,"Not Applicable (Not Transported) ",88,Not Applicable (Not Transported),,,,,,,1,
2023,26,260234,Michigan,1,1,0,0,0,2,2,117,MONTCALM (117),0,NOT APPLICABLE,22,22,4,April,2023,7,Saturday,10,10:00am-10:59am,39,39,0,This Section IS NOT on the NHS,1,Rural,5,Major Collector,2,County Highway Agency,4,County,CR-W FENWICK RD,,39,39,43.14872500,43.14872500,-85.136963890,-85.13696389,0,No Special Jurisdiction,42,Tree (Standing Only),0,The First Harmful Event was Not a Collision with a Motor Vehicle in Transport,0,No,1,Non-Junction,1,Not an Intersection,0,None,,,4,On Roadside,1,Daylight,,,,,10,Cloudy,0,No,0000000,Not Applicable,10,10:00am-10:59am,41,41,10,10:00am-10:59am,49,49,99,Unknown,99,Unknown EMS Hospital Arrival Time,,,,,,,1,
2023,26,260235,Michigan,1,1,0,1,1,1,1,163,WAYNE (163),1260,DETROIT,16,16,4,April,2023,1,Sunday,0,0:00am-0:59am,41,41,0,This Section IS NOT on the NHS,2,Urban,7,Local,4,City or Municipal Highway Agency,6,Municipal,MU-CHEYENNE ST,PURITAN ST,10,10,42.40948056,42.40948056,-83.175086110,-83.17508611,0,No Special Jurisdiction,8,Pedestrian,0,The First Harmful Event was Not a Collision with a Motor Vehicle in Transport,0,No,2,Intersection,2,Four-Way Intersection,0,None,,,1,On Roadway,2,Dark - Not Lighted,,,,,1,Clear,0,No,0000000,Not Applicable,99,Unknown,99,Unknown,99,Unknown EMS Scene Arrival Hour,99,Unknown EMS Scene Arrival Minutes,99,Unknown,99,Unknown EMS Hospital Arrival Time,,,,,,,1,
2023,26,260236,Michigan,1,1,0,1,1,1,1,81,KENT (81),2553,KENTWOOD,19,19,4,April,2023,4,Wednesday,13,1:00pm-1:59pm,25,25,1,This Section IS ON the NHS,2,Urban,3,Other Principal Arterial,4,City or Municipal Highway Agency,6,Municipal,MU-S DIVISION AVE,NANCY ST SE,70,70,42.86101389,42.86101389,-85.663900000,-85.66390000,0,No Special Jurisdiction,9,Pedalcyclist,0,The First Harmful Event was Not a Collision with a Motor Vehicle in Transport,0,No,2,Intersection,3,T-Intersection,0,None,,,1,On Roadway,1,Daylight,,,,,10,Cloudy,0,No,0000000,Not Applicable,13,1:00pm-1:59pm,27,27,13,1:00pm-1:59pm,27,27,88,"Not Applicable (Not Transported) ",88,Not Applicable (Not Transported),,,,,,,1,
2023,26,260237,Michigan,2,2,0,0,0,3,3,163,WAYNE (163),1260,DETROIT,21,21,4,April,2023,6,Friday,1,1:00am-1:59am,44,44,1,This Section IS ON the NHS,2,Urban,3,Other Principal Arterial,2,County Highway Agency,4,County,CR-GREENFIELD RD,I-96 RAMP,2,2,42.37961389,42.37961389,-83.198238890,-83.19823889,0,No Special Jurisdiction,12,Motor Vehicle In-Transport,2,Front-to-Front,0,No,2,Intersection,2,Four-Way Intersection,0,None,,,1,On Roadway,3,Dark - Lighted,,,,,1,Clear,0,No,0000000,Not Applicable,99,Unknown,99,Unknown,99,Unknown EMS Scene Arrival Hour,99,Unknown EMS Scene Arrival Minutes,99,Unknown,99,Unknown EMS Hospital Arrival Time,,,,,,,1,
2023,26,260238,Michigan,1,1,0,0,0,1,1,65,INGHAM (65),0,NOT APPLICABLE,11,11,4,April,2023,3,Tuesday,14,2:00pm-2:59pm,37,37,0,This Section IS NOT on the NHS,1,Rural,5,Major Collector,2,County Highway Agency,4,County,CR-MERIDIAN RD,,50,50,42.48536111,42.48536111,-84.356252780,-84.35625278,0,No Special Jurisdiction,53,Mail Box,0,The First Harmful Event was Not a Collision with a Motor Vehicle in Transport,0,No,1,Non-Junction,1,Not an Intersection,0,None,,,4,On Roadside,1,Daylight,,,,,1,Clear,0,No,0000000,Not Applicable,14,2:00pm-2:59pm,49,49,14,2:00pm-2:59pm,58,58,99,Unknown,99,Unknown EMS Hospital Arrival Time,,,,,,,1,
2023,26,260239,Michigan,3,3,0,0,0,3,3,163,WAYNE (163),1260,DETROIT,22,22,4,April,2023,7,Saturday,0,0:00am-0:59am,52,52,1,This Section IS ON the NHS,2,Urban,2,Other Freeways and Expressways,1,State Highway Agency,3,State Highway,SR-10 LODGE FRWY,,41,41,42.40481944,42.40481944,-83.141086110,-83.14108611,0,No Special Jurisdiction,12,Motor Vehicle In-Transport,2,Front-to-Front,0,No,1,Non-Junction,1,Not an Intersection,0,None,,,1,On Roadway,3,Dark - Lighted,,,,,1,Clear,0,No,0000000,Not Applicable,0,0:00am-0:59am,56,56,0,0:00am-0:59am,59,59,99,Unknown,99,Unknown EMS Hospital Arrival Time,,,,,,,1,
2023,26,260240,Michigan,2,2,0,0,0,5,5,115,MONROE (115),3320,MONROE,29,29,4,April,2023,7,Saturday,13,1:00pm-1:59pm,16,16,0,This Section IS NOT on the NHS,2,Urban,4,Minor Arterial,1,State Highway Agency,3,State Highway,SR-125 MONROE ST,STEWART/COLE RD,161,161,41.93500556,41.93500556,-83.390083330,-83.39008333,0,No Special Jurisdiction,12,Motor Vehicle In-Transport,6,Angle,0,No,2,Intersection,2,Four-Way Intersection,0,None,,,1,On Roadway,1,Daylight,,,,,1,Clear,0,No,0000000,Not Applicable,13,1:00pm-1:59pm,16,16,13,1:00pm-1:59pm,19,19,99,Unknown,99,Unknown EMS Hospital Arrival Time,,,,,,,1,
2023,26,260241,Michigan,2,2,0,0,0,3,3,55,GRAND TRAVERSE (55),0,NOT APPLICABLE,18,18,4,April,2023,3,Tuesday,4,4:00am-4:59am,56,56,0,This Section IS NOT on the NHS,1,Rural,5,Major Collector,2,County Highway Agency,4,County,CR-N GARFIELD RD,W POTTER RD,92,92,44.68620278,44.68620278,-85.582130560,-85.58213056,0,No Special Jurisdiction,12,Motor Vehicle In-Transport,6,Angle,0,No,2,Intersection,2,Four-Way Intersection,0,None,,,1,On Roadway,2,Dark - Not Lighted,,,,,4,Snow,0,No,0000000,Not Applicable,4,4:00am-4:59am,59,59,5,5:00am-5:59am,8,8,99,Unknown,99,Unknown EMS Hospital Arrival Time,,,,,,,2,
2023,26,260242,Michigan,2,2,0,0,0,2,2,99,MACOMB (99),5111,WASHINGTON,13,13,4,April,2023,5,Thursday,21,9:00pm-9:59pm,45,45,0,This Section IS NOT on the NHS,2,Urban,3,Other Principal Arterial,2,County Highway Agency,4,County,CR-26 MILE RD,VAN DYKE AVE,28,28,42.71361389,42.71361389,-83.035255560,-83.03525556,0,No Special Jurisdiction,12,Motor Vehicle In-Transport,6,Angle,0,No,2,Intersection,2,Four-Way Intersection,0,None,,,1,On Roadway,3,Dark - Lighted,,,,,1,Clear,0,No,0000000,Not Applicable,99,Unknown,99,Unknown,99,Unknown EMS Scene Arrival Hour,99,Unknown EMS Scene Arrival Minutes,99,Unknown,99,Unknown EMS Hospital Arrival Time,,,,,,,1,
2023,26,260243,Michigan,1,1,0,0,0,1,1,163,WAYNE (163),90,ALLEN PARK,22,22,4,April,2023,7,Saturday,3,3:00am-3:59am,3,3,1,This Section IS ON the NHS,2,Urban,2,Other Freeways and Expressways,1,State Highway Agency,3,State Highway,SR-39 RAMP 001C,,0,None,42.28011111,42.28011111,-83.214447220,-83.21444722,0,No Special Jurisdiction,44,"Pavement Surface Irregularity (Ruts, Potholes, Grates, etc.)",0,The First Harmful Event was Not a Collision with a Motor Vehicle in Transport,1,Yes,20,Entrance/Exit Ramp,1,Not an Intersection,0,None,,,1,On Roadway,2,Dark - Not Lighted,,,,,1,Clear,0,No,0000000,Not Applicable,99,Unknown,99,Unknown,99,Unknown EMS Scene Arrival Hour,99,Unknown EMS Scene Arrival Minutes,99,Unknown,99,Unknown EMS Hospital Arrival Time,,,,,,,1,
2023,26,260244,Michigan,1,1,0,1,1,1,1,49,GENESEE (49),0,NOT APPLICABLE,25,25,4,April,2023,3,Tuesday,2,2:00am-2:59am,5,5,1,This Section IS ON the NHS,2,Urban,3,Other Principal Arterial,1,State Highway Agency,3,State Highway,SR-54 S DORT HWY,,38,38,42.95665556,42.95665556,-83.653102780,-83.65310278,0,No Special Jurisdiction,8,Pedestrian,0,The First Harmful Event was Not a Collision with a Motor Vehicle in Transport,0,No,1,Non-Junction,1,Not an Intersection,0,None,,,1,On Roadway,2,Dark - Not Lighted,,,,,1,Clear,0,No,0000000,Not Applicable,2,2:00am-2:59am,6,6,2,2:00am-2:59am,10,10,88,"Not Applicable (Not Transported) ",88,Not Applicable (Not Transported),,,,,,,1,
2023,26,260245,Michigan,1,1,0,1,1,1,1,115,MONROE (115),0,NOT APPLICABLE,3,3,4,April,2023,2,Monday,22,10:00pm-10:59pm,22,22,1,This Section IS ON the NHS,1,Rural,3,Other Principal Arterial,1,State Highway Agency,2,U.S. Highway,US-24 TELEGRAPH RD,,260,260,42.06216944,42.06216944,-83.316533330,-83.31653333,0,No Special Jurisdiction,8,Pedestrian,0,The First Harmful Event was Not a Collision with a Motor Vehicle in Transport,0,No,1,Non-Junction,1,Not an Intersection,0,None,,,1,On Roadway,2,Dark - Not Lighted,,,,,2,Rain,0,No,0000000,Not Applicable,22,10:00pm-10:59pm,34,34,22,10:00pm-10:59pm,38,38,88,"Not Applicable (Not Transported) ",88,Not Applicable (Not Transported),,,,,,,1,
2023,26,260246,Michigan,3,3,0,0,0,8,8,101,MANISTEE (101),4756,STRONACH,28,28,4,April,2023,6,Friday,16,4:00pm-4:59pm,21,21,0,This Section IS NOT on the NHS,1,Rural,4,Minor Arterial,1,State Highway Agency,3,State Highway,SR-55 CABERFAE HWY,STRONACH RD,55,55,44.23088333,44.23088333,-86.213455560,-86.21345556,0,No Special Jurisdiction,12,Motor Vehicle In-Transport,6,Angle,0,No,2,Intersection,3,T-Intersection,0,None,,,1,On Roadway,1,Daylight,,,,,1,Clear,0,No,0000000,Not Applicable,99,Unknown,99,Unknown,99,Unknown EMS Scene Arrival Hour,99,Unknown EMS Scene Arrival Minutes,99,Unknown,99,Unknown EMS Hospital Arrival Time,,,,,,,1,
2023,26,260247,Michigan,3,3,0,0,0,4,4,125,OAKLAND (125),4020,PONTIAC,30,30,3,March,2023,5,Thursday,21,9:00pm-9:59pm,44,44,0,This Section IS NOT on the NHS,2,Urban,4,Minor Arterial,4,City or Municipal Highway Agency,6,Municipal,MU-SOUTH BLVD,CENTERPOINT PKWY,10,10,42.61971944,42.61971944,-83.257861110,-83.25786111,0,No Special Jurisdiction,12,Motor Vehicle In-Transport,6,Angle,0,No,2,Intersection,2,Four-Way Intersection,0,None,,,1,On Roadway,3,Dark - Lighted,,,,,10,Cloudy,0,No,0000000,Not Applicable,21,9:00pm-9:59pm,46,46,21,9:00pm-9:59pm,51,51,99,Unknown,99,Unknown EMS Hospital Arrival Time,,,,,,,1,
2023,26,260248,Michigan,2,2,0,0,0,3,3,77,KALAMAZOO (77),4030,PORTAGE,25,25,4,April,2023,3,Tuesday,20,8:00pm-8:59pm,49,49,1,This Section IS ON the NHS,2,Urban,3,Other Principal Arterial,2,County Highway Agency,4,County,CR-SPRINKLE RD,MILHAM AVE,37,37,42.23016667,42.23016667,-85.540486110,-85.54048611,0,No Special Jurisdiction,12,Motor Vehicle In-Transport,6,Angle,0,No,2,Intersection,2,Four-Way Intersection,0,None,,,1,On Roadway,1,Daylight,,,,,10,Cloudy,0,No,0000000,Not Applicable,20,8:00pm-8:59pm,51,51,20,8:00pm-8:59pm,54,54,99,Unknown,99,Unknown EMS Hospital Arrival Time,,,,,,,2,
2023,26,260249,Michigan,1,1,0,0,0,1,1,163,WAYNE (163),0,NOT APPLICABLE,8,8,4,April,2023,7,Saturday,8,8:00am-8:59am,49,49,0,This Section IS NOT on the NHS,2,Urban,5,Major Collector,2,County Highway Agency,4,County,CR-NORTH SERVICE RD,,12,12,42.21821389,42.21821389,-83.531727780,-83.53172778,0,No Special Jurisdiction,42,Tree (Standing Only),0,The First Harmful Event was Not a Collision with a Motor Vehicle in Transport,0,No,1,Non-Junction,1,Not an Intersection,0,None,,,4,On Roadside,1,Daylight,,,,,1,Clear,0,No,0000000,Not Applicable,99,Unknown,99,Unknown,99,Unknown EMS Scene Arrival Hour,99,Unknown EMS Scene Arrival Minutes,88,"Not Applicable (Not Transported) ",88,Not Applicable (Not Transported),,,,,,,1,
2023,26,260250,Michigan,1,1,0,0,0,1,1,163,WAYNE (163),1260,DETROIT,25,25,4,April,2023,3,Tuesday,20,8:00pm-8:59pm,21,21,1,This Section IS ON the NHS,2,Urban,1,Interstate,1,State Highway Agency,1,Interstate,I-94,,232,232,42.33070278,42.33070278,-83.149233330,-83.14923333,0,No Special Jurisdiction,35,Embankment,0,The First Harmful Event was Not a Collision with a Motor Vehicle in Transport,0,No,1,Non-Junction,1,Not an Intersection,0,None,,,4,On Roadside,1,Daylight,,,,,10,Cloudy,0,No,0000000,Not Applicable,99,Unknown,99,Unknown,99,Unknown EMS Scene Arrival Hour,99,Unknown EMS Scene Arrival Minutes,99,Unknown,99,Unknown EMS Hospital Arrival Time,,,,,,,1,
2023,26,260251,Michigan,1,1,0,0,0,3,3,73,ISABELLA (73),0,NOT APPLICABLE,22,22,4,April,2023,7,Saturday,17,5:00pm-5:59pm,45,45,0,This Section IS NOT on the NHS,1,Rural,5,Major Collector,2,County Highway Agency,4,County,CR-E WEIDMAN RD,,120,120,43.68365278,43.68365278,-84.770141670,-84.77014167,0,No Special Jurisdiction,42,Tree (Standing Only),0,The First Harmful Event was Not a Collision with a Motor Vehicle in Transport,0,No,1,Non-Junction,1,Not an Intersection,0,None,,,4,On Roadside,1,Daylight,,,,,10,Cloudy,0,No,0000000,Not Applicable,17,5:00pm-5:59pm,37,37,17,5:00pm-5:59pm,41,41,99,Unknown,99,Unknown EMS Hospital Arrival Time,,,,,,,1,
2023,26,260252,Michigan,2,2,0,0,0,4,4,139,OTTAWA (139),0,NOT APPLICABLE,28,28,4,April,2023,6,Friday,17,5:00pm-5:59pm,47,47,0,This Section IS NOT on the NHS,2,Urban,4,Minor Arterial,2,County Highway Agency,4,County,CR-RILEY ST,132ND AVE,52,52,42.82653611,42.82653611,-86.107844440,-86.10784444,0,No Special Jurisdiction,12,Motor Vehicle In-Transport,6,Angle,0,No,2,Intersection,2,Four-Way Intersection,0,None,,,1,On Roadway,1,Daylight,,,,,1,Clear,0,No,0000000,Not Applicable,17,5:00pm-5:59pm,48,48,17,5:00pm-5:59pm,53,53,88,"Not Applicable (Not Transported) ",88,Not Applicable (Not Transported),,,,,,,1,
2023,26,260253,Michigan,2,2,0,0,0,3,3,5,ALLEGAN (5),0,NOT APPLICABLE,3,3,5,May,2023,4,Wednesday,14,2:00pm-2:59pm,52,52,0,This Section IS NOT on the NHS,1,Rural,7,Local,2,County Highway Agency,4,County,CR-66TH ST,109TH AVE,44,44,42.48386667,42.48386667,-86.187525000,-86.18752500,0,No Special Jurisdiction,12,Motor Vehicle In-Transport,6,Angle,0,No,2,Intersection,2,Four-Way Intersection,0,None,,,1,On Roadway,1,Daylight,,,,,1,Clear,0,No,0000000,Not Applicable,14,2:00pm-2:59pm,56,56,15,3:00pm-3:59pm,2,2,99,Unknown,99,Unknown EMS Hospital Arrival Time,,,,,,,1,
2023,26,260254,Michigan,1,1,0,0,0,1,1,139,OTTAWA (139),0,NOT APPLICABLE,6,6,5,May,2023,7,Saturday,4,4:00am-4:59am,17,17,1,This Section IS ON the NHS,2,Urban,3,Other Principal Arterial,1,State Highway Agency,2,U.S. Highway,US-31,,65,65,42.85981389,42.85981389,-86.106669440,-86.10666944,0,No Special Jurisdiction,1,Rollover/Overturn,0,The First Harmful Event was Not a Collision with a Motor Vehicle in Transport,0,No,1,Non-Junction,1,Not an Intersection,0,None,,,1,On Roadway,2,Dark - Not Lighted,,,,,1,Clear,0,No,0000000,Not Applicable,4,4:00am-4:59am,19,19,4,4:00am-4:59am,22,22,88,"Not Applicable (Not Transported) ",88,Not Applicable (Not Transported),,,,,,,1,
2023,26,260255,Michigan,2,2,0,0,0,4,4,163,WAYNE (163),1260,DETROIT,27,27,4,April,2023,5,Thursday,8,8:00am-8:59am,5,5,0,This Section IS NOT on the NHS,2,Urban,4,Minor Arterial,4,City or Municipal Highway Agency,6,Municipal,MU-ANN ARBOR TRL,,91,91,42.34355833,42.34355833,-83.263522220,-83.26352222,0,No Special Jurisdiction,12,Motor Vehicle In-Transport,2,Front-to-Front,0,No,1,Non-Junction,1,Not an Intersection,0,None,,,1,On Roadway,1,Daylight,,,,,1,Clear,1,Yes,0000000,Not Applicable,99,Unknown,99,Unknown,99,Unknown EMS Scene Arrival Hour,99,Unknown EMS Scene Arrival Minutes,99,Unknown,99,Unknown EMS Hospital Arrival Time,,,,,,,1,
2023,26,260256,Michigan,2,2,0,0,0,2,2,125,OAKLAND (125),4567,SOUTHFIELD,6,6,5,May,2023,7,Saturday,4,4:00am-4:59am,28,28,1,This Section IS ON the NHS,2,Urban,1,Interstate,1,State Highway Agency,1,Interstate,I-696,,132,132,42.47784167,42.47784167,-83.204013890,-83.20401389,0,No Special Jurisdiction,12,Motor Vehicle In-Transport,2,Front-to-Front,0,No,1,Non-Junction,1,Not an Intersection,0,None,,,1,On Roadway,2,Dark - Not Lighted,,,,,1,Clear,0,No,0000000,Not Applicable,99,Unknown,99,Unknown,99,Unknown EMS Scene Arrival Hour,99,Unknown EMS Scene Arrival Minutes,88,"Not Applicable (Not Transported) ",88,Not Applicable (Not Transported),,,,,,,2,
2023,26,260257,Michigan,2,2,0,0,0,4,4,45,EATON (45),0,NOT APPLICABLE,8,8,5,May,2023,2,Monday,10,10:00am-10:59am,20,20,0,This Section IS NOT on the NHS,1,Rural,5,Major Collector,2,County Highway Agency,4,County,CR-MT HOPE HWY,COCHRAN RD,124,124,42.71207222,42.71207222,-84.837261110,-84.83726111,0,No Special Jurisdiction,12,Motor Vehicle In-Transport,6,Angle,0,No,2,Intersection,2,Four-Way Intersection,0,None,,,1,On Roadway,1,Daylight,,,,,10,Cloudy,0,No,0000000,Not Applicable,99,Unknown,99,Unknown,99,Unknown EMS Scene Arrival Hour,99,Unknown EMS Scene Arrival Minutes,99,Unknown,99,Unknown EMS Hospital Arrival Time,,,,,,,2,
2023,26,260258,Michigan,1,1,0,1,1,1,1,161,WASHTENAW (161),4426,SALEM,8,8,5,May,2023,2,Monday,12,12:00pm-12:59pm,46,46,0,This Section IS NOT on the NHS,2,Urban,5,Major Collector,2,County Highway Agency,4,County,CR-8 MILE RD,,1,1,42.43124444,42.43124444,-83.661186110,-83.66118611,0,No Special Jurisdiction,9,Pedalcyclist,0,The First Harmful Event was Not a Collision with a Motor Vehicle in Transport,0,No,1,Non-Junction,1,Not an Intersection,0,None,,,2,On Shoulder,1,Daylight,,,,,10,Cloudy,0,No,0000000,Not Applicable,12,12:00pm-12:59pm,48,48,13,1:00pm-1:59pm,2,2,88,"Not Applicable (Not Transported) ",88,Not Applicable (Not Transported),,,,,,,1,
2023,26,260259,Michigan,1,1,0,1,1,1,1,115,MONROE (115),0,NOT APPLICABLE,12,12,4,April,2023,4,Wednesday,21,9:00pm-9:59pm,4,4,0,This Section IS NOT on the NHS,2,Urban,5,Major Collector,2,County Highway Agency,4,County,CR-MALL RD,,14,14,41.94941667,41.94941667,-83.386700000,-83.38670000,0,No Special Jurisdiction,8,Pedestrian,0,The First Harmful Event was Not a Collision with a Motor Vehicle in Transport,0,No,1,Non-Junction,1,Not an Intersection,0,None,,,1,On Roadway,2,Dark - Not Lighted,,,,,1,Clear,0,No,0000000,Not Applicable,21,9:00pm-9:59pm,9,9,21,9:00pm-9:59pm,17,17,99,Unknown,99,Unknown EMS Hospital Arrival Time,,,,,,,1,
2023,26,260260,Michigan,2,2,0,0,0,2,2,49,GENESEE (49),1730,FLINT,8,8,5,May,2023,2,Monday,15,3:00pm-3:59pm,21,21,0,This Section IS NOT on the NHS,2,Urban,4,Minor Arterial,4,City or Municipal Highway Agency,6,Municipal,MU-CENTER RD,RISEDORPH AVE,75,75,43.03842222,43.03842222,-83.635511110,-83.63551111,0,No Special Jurisdiction,12,Motor Vehicle In-Transport,6,Angle,0,No,2,Intersection,3,T-Intersection,0,None,,,1,On Roadway,1,Daylight,,,,,1,Clear,0,No,0000000,Not Applicable,99,Unknown,99,Unknown,99,Unknown EMS Scene Arrival Hour,99,Unknown EMS Scene Arrival Minutes,88,"Not Applicable (Not Transported) ",88,Not Applicable (Not Transported),,,,,,,1,
2023,26,260261,Michigan,1,1,0,0,0,5,5,75,JACKSON (75),0,NOT APPLICABLE,28,28,4,April,2023,6,Friday,1,1:00am-1:59am,40,40,0,This Section IS NOT on the NHS,2,Urban,5,Major Collector,2,County Highway Agency,4,County,CR-E GANSON ST,,33,33,42.25456389,42.25456389,-84.373408330,-84.37340833,0,No Special Jurisdiction,30,Utility Pole/Light Support,0,The First Harmful Event was Not a Collision with a Motor Vehicle in Transport,0,No,1,Non-Junction,1,Not an Intersection,0,None,,,4,On Roadside,3,Dark - Lighted,,,,,1,Clear,0,No,0000000,Not Applicable,99,Unknown,99,Unknown,99,Unknown EMS Scene Arrival Hour,99,Unknown EMS Scene Arrival Minutes,99,Unknown,99,Unknown EMS Hospital Arrival Time,,,,,,,1,
2023,26,260262,Michigan,2,2,0,0,0,2,2,135,OSCODA (135),0,NOT APPLICABLE,1,1,5,May,2023,2,Monday,16,4:00pm-4:59pm,15,15,0,This Section IS NOT on the NHS,1,Rural,4,Minor Arterial,1,State Highway Agency,3,State Highway,SR-72 PARK RD,,21,21,44.61613611,44.61613611,-84.328266670,-84.32826667,0,No Special Jurisdiction,12,Motor Vehicle In-Transport,1,Front-to-Rear,0,No,1,Non-Junction,1,Not an Intersection,0,None,,,1,On Roadway,1,Daylight,,,,,2,Rain,0,No,0000000,Not Applicable,16,4:00pm-4:59pm,15,15,16,4:00pm-4:59pm,29,29,99,Unknown,99,Unknown EMS Hospital Arrival Time,,,,,,,1,
2023,26,260263,Michigan,3,3,0,1,1,4,4,93,LIVINGSTON (93),0,NOT APPLICABLE,30,30,4,April,2023,1,Sunday,21,9:00pm-9:59pm,59,59,1,This Section IS ON the NHS,2,Urban,3,Other Principal Arterial,1,State Highway Agency,3,State Highway,SR-59 E HIGHLAND RD,,6,6,42.63551111,42.63551111,-83.734608330,-83.73460833,0,No Special Jurisdiction,9,Pedalcyclist,0,The First Harmful Event was Not a Collision with a Motor Vehicle in Transport,0,No,8,Driveway Access Related,1,Not an Intersection,0,None,,,1,On Roadway,2,Dark - Not Lighted,,,,,10,Cloudy,0,No,0000000,Not Applicable,22,10:00pm-10:59pm,2,2,22,10:00pm-10:59pm,12,12,88,"Not Applicable (Not Transported) ",88,Not Applicable (Not Transported),,,,,,,1,