caseyear,state,st_case,statename,ve_total,ve_forms,pvh_invl,peds,pernotmvit,permvit,persons,county,countyname,city,cityname,day,dayname,month,monthname,year,day_week,day_weekname,hour,hourname,minute,minutename,nhs,nhsname,rur_urb,rur_urbname,func_sys,func_sysname,rd_owner,rd_ownername,route,routename,tway_id,tway_id2,milept,mileptname,latitude,latitudename,longitud,longitudname,sp_jur,sp_jurname,harm_ev,harm_evname,man_coll,man_collname,reljct1,reljct1name,reljct2,reljct2name,typ_int,typ_intname,wrk_zone,wrk_zonename,road_fnc,road_fncname,rel_road,rel_roadname,lgt_cond,lgt_condname,weather1,weather1name,weather2,weather2name,weather,weathername,sch_bus,sch_busname,rail,railname,not_hour,not_hourname,not_min,not_minname,arr_hour,arr_hourname,arr_min,arr_minname,hosp_hr,hosp_hrname,hosp_mn,hosp_mnname,cf1,cf1name,cf2,cf2name,cf3,cf3name,fatals,drunk_dr
2023,26,260340,Michigan,1,1,0,0,0,1,1,49,GENESEE (49),1680,FENTON,28,28,5,May,2023,1,Sunday,16,4:00pm-4:59pm,34,34,0,This Section IS NOT on the NHS,2,Urban,7,Local,4,City or Municipal Highway Agency,6,Municipal,MU-STATE RD,,1,1,42.78290556,42.78290556,-83.716377780,-83.71637778,0,No Special Jurisdiction,5,Fell/Jumped from Vehicle,0,The First Harmful Event was Not a Collision with a Motor Vehicle in Transport,0,No,1,Non-Junction,1,Not an Intersection,0,None,,,1,On Roadway,1,Daylight,,,,,10,Cloudy,0,No,0000000,Not Applicable,99,Unknown,99,Unknown,99,Unknown EMS Scene Arrival Hour,99,Unknown EMS Scene Arrival Minutes,99,Unknown,99,Unknown EMS Hospital Arrival Time,,,,,,,1,
2023,26,260341,Michigan,2,2,0,0,0,2,2,101,MANISTEE (101),0,NOT APPLICABLE,31,31,5,May,2023,4,Wednesday,11,11:00am-11:59am,9,9,0,This Section IS NOT on the NHS,1,Rural,4,Minor Arterial,1,State Highway Agency,3,State Highway,SR-CABERFAE HWY,S HIGH BRIDGE RD,156,156,44.22865833,44.22865833,-86.011772220,-86.01177222,0,No Special Jurisdiction,12,Motor Vehicle In-Transport,6,Angle,0,No,2,Intersection,2,Four-Way Intersection,0,None,,,1,On Roadway,1,Daylight,,,,,1,Clear,0,No,0000000,Not Applicable,99,Unknown,99,Unknown,99,Unknown EMS Scene Arrival Hour,99,Unknown EMS Scene Arrival Minutes,99,Unknown,99,Unknown EMS Hospital Arrival Time,,,,,,,1,
2023,26,260342,Michigan,2,2,0,0,0,3,3,125,OAKLAND (125),4567,SOUTHFIELD,11,11,3,March,2023,7,Saturday,23,11:00pm-11:59pm,36,36,1,This Section IS ON the NHS,2,Urban,3,Other Principal Arterial,1,State Highway Agency,3,State Highway,SR-102 W 8 MILE RD,NORTHLAND DR,57,57,42.44475278,42.44475278,-83.210597220,-83.21059722,0,No Special Jurisdiction,12,Motor Vehicle In-Transport,6,Angle,0,No,2,Intersection,2,Four-Way Intersection,0,None,,,1,On Roadway,3,Dark - Lighted,,,,,10,Cloudy,0,No,0000000,Not Applicable,99,Unknown,99,Unknown,99,Unknown EMS Scene Arrival Hour,99,Unknown EMS Scene Arrival Minutes,99,Unknown,99,Unknown EMS Hospital Arrival Time,,,,,,,1,
2023,26,260343,Michigan,2,2,0,0,0,4,4,159,VAN BUREN (159),0,NOT APPLICABLE,2,2,6,June,2023,6,Friday,12,12:00pm-12:59pm,22,22,0,This Section IS NOT on the NHS,2,Urban,4,Minor Arterial,1,State Highway Agency,3,State Highway,SR-M-40,,149,149,42.26015833,42.26015833,-85.878708330,-85.87870833,0,No Special Jurisdiction,12,Motor Vehicle In-Transport,1,Front-to-Rear,0,No,1,Non-Junction,1,Not an Intersection,0,None,,,1,On Roadway,1,Daylight,,,,,1,Clear,0,No,0000000,Not Applicable,12,12:00pm-12:59pm,25,25,12,12:00pm-12:59pm,33,33,99,Unknown,99,Unknown EMS Hospital Arrival Time,,,,,,,1,
2023,26,260344,Michigan,1,1,0,0,0,2,2,147,ST. CLAIR (147),0,NOT APPLICABLE,3,3,6,June,2023,7,Saturday,22,10:00pm-10:59pm,50,50,0,This Section IS NOT on the NHS,1,Rural,7,Local,2,County Highway Agency,4,County,CR-ARENDT RD,,21,21,43.13176667,43.13176667,-82.838061110,-82.83806111,0,No Special Jurisdiction,11,Live Animal,0,The First Harmful Event was Not a Collision with a Motor Vehicle in Transport,0,No,1,Non-Junction,1,Not an Intersection,0,None,,,1,On Roadway,2,Dark - Not Lighted,,,,,1,Clear,0,No,0000000,Not Applicable,22,10:00pm-10:59pm,52,52,22,10:00pm-10:59pm,56,56,99,Unknown,99,Unknown EMS Hospital Arrival Time,,,,,,,1,
2023,26,260345,Michigan,1,1,0,0,0,1,1,37,CLINTON (37),0,NOT APPLICABLE,3,3,6,June,2023,7,Saturday,5,5:00am-5:59am,51,51,0,This Section IS NOT on the NHS,1,Rural,7,Local,2,County Highway Agency,4,County,CR-CHADWICK RD,,44,44,42.87133056,42.87133056,-84.671450000,-84.67145000,0,No Special Jurisdiction,11,Live Animal,0,The First Harmful Event was Not a Collision with a Motor Vehicle in Transport,0,No,1,Non-Junction,1,Not an Intersection,0,None,,,1,On Roadway,2,Dark - Not Lighted,,,,,1,Clear,0,No,0000000,Not Applicable,99,Unknown,99,Unknown,99,Unknown EMS Scene Arrival Hour,99,Unknown EMS Scene Arrival Minutes,88,"Not Applicable (Not Transported) ",88,Not Applicable (Not Transported),,,,,,,1,
2023,26,260346,Michigan,2,2,0,0,0,2,2,65,INGHAM (65),0,NOT APPLICABLE,4,4,6,June,2023,1,Sunday,6,6:00am-6:59am,13,13,0,This Section IS NOT on the NHS,1,Rural,4,Minor Arterial,1,State Highway Agency,3,State Highway,SR-52 STOCKBRIDGE RD,HOWELL RD,33,33,42.60027500,42.60027500,-84.193888890,-84.19388889,0,No Special Jurisdiction,12,Motor Vehicle In-Transport,6,Angle,0,No,2,Intersection,2,Four-Way Intersection,0,None,,,1,On Roadway,4,Dawn,,,,,1,Clear,0,No,0000000,Not Applicable,6,6:00am-6:59am,13,13,6,6:00am-6:59am,25,25,99,Unknown,99,Unknown EMS Hospital Arrival Time,,,,,,,1,
2023,26,260347,Michigan,1,1,0,0,0,2,2,27,CASS (27),0,NOT APPLICABLE,1,1,6,June,2023,5,Thursday,23,11:00pm-11:59pm,8,8,0,This Section IS NOT on the NHS,1,Rural,5,Major Collector,2,County Highway Agency,4,County,CR-DAILEY RD,,12,12,41.81336111,41.81336111,-86.088391670,-86.08839167,0,No Special Jurisdiction,42,Tree (Standing Only),0,The First Harmful Event was Not a Collision with a Motor Vehicle in Transport,0,No,1,Non-Junction,1,Not an Intersection,0,None,,,4,On Roadside,2,Dark - Not Lighted,,,,,1,Clear,0,No,0000000,Not Applicable,99,Unknown,99,Unknown,99,Unknown EMS Scene Arrival Hour,99,Unknown EMS Scene Arrival Minutes,99,Unknown,99,Unknown EMS Hospital Arrival Time,,,,,,,1,
2023,26,260348,Michigan,1,1,0,1,1,1,1,49,GENESEE (49),1980,GRAND BLANC,1,1,6,June,2023,5,Thursday,21,9:00pm-9:59pm,12,12,0,This Section IS NOT on the NHS,2,Urban,7,Local,4,City or Municipal Highway Agency,6,Municipal,MU-KINGS POINTE RD,,2,2,42.93501944,42.93501944,-83.611477780,-83.61147778,0,No Special Jurisdiction,8,Pedestrian,0,The First Harmful Event was Not a Collision with a Motor Vehicle in Transport,0,No,1,Non-Junction,1,Not an Intersection,0,None,,,1,On Roadway,5,Dusk,,,,,1,Clear,0,No,0000000,Not Applicable,21,9:00pm-9:59pm,35,35,21,9:00pm-9:59pm,37,37,99,Unknown,99,Unknown EMS Hospital Arrival Time,,,,,,,1,
2023,26,260349,Michigan,1,1,0,0,0,1,1,21,BERRIEN (21),0,NOT APPLICABLE,4,4,6,June,2023,1,Sunday,20,8:00pm-8:59pm,0,0,0,This Section IS NOT on the NHS,1,Rural,7,Local,2,County Highway Agency,4,County,CR-ROSIN RD,,9,9,42.13824722,42.13824722,-86.349102780,-86.34910278,0,No Special Jurisdiction,1,Rollover/Overturn,0,The First Harmful Event was Not a Collision with a Motor Vehicle in Transport,0,No,1,Non-Junction,1,Not an Intersection,0,None,,,4,On Roadside,5,Dusk,,,,,1,Clear,0,No,0000000,Not Applicable,20,8:00pm-8:59pm,11,11,20,8:00pm-8:59pm,20,20,88,"Not Applicable (Not Transported) ",88,Not Applicable (Not Transported),,,,,,,1,
2023,26,260350,Michigan,2,2,0,0,0,4,4,151,SANILAC (151),0,NOT APPLICABLE,5,5,6,June,2023,2,Monday,9,9:00am-9:59am,35,35,0,This Section IS NOT on the NHS,1,Rural,4,Minor Arterial,2,County Highway Agency,3,State Highway,SR-90 PECK RD,TODD RD,59,59,43.26211389,43.26211389,-82.688861110,-82.68886111,0,No Special Jurisdiction,12,Motor Vehicle In-Transport,6,Angle,0,No,2,Intersection,2,Four-Way Intersection,0,None,,,1,On Roadway,1,Daylight,,,,,10,Cloudy,0,No,0000000,Not Applicable,9,9:00am-9:59am,36,36,9,9:00am-9:59am,43,43,99,Unknown,99,Unknown EMS Hospital Arrival Time,,,,,,,1,
2023,26,260351,Michigan,2,2,0,0,0,2,2,125,OAKLAND (125),0,NOT APPLICABLE,3,3,6,June,2023,7,Saturday,16,4:00pm-4:59pm,52,52,0,This Section IS NOT on the NHS,2,Urban,4,Minor Arterial,2,County Highway Agency,4,County,CR-HATCHERY RD,,30,30,42.67510833,42.67510833,-83.383950000,-83.38395000,0,No Special Jurisdiction,12,Motor Vehicle In-Transport,7,Sideswipe - Same Direction,0,No,8,Driveway Access Related,1,Not an Intersection,0,None,,,1,On Roadway,1,Daylight,,,,,1,Clear,0,No,0000000,Not Applicable,16,4:00pm-4:59pm,53,53,16,4:00pm-4:59pm,55,55,99,Unknown,99,Unknown EMS Hospital Arrival Time,,,,,,,1,
2023,26,260352,Michigan,3,3,0,0,0,3,3,159,VAN BUREN (159),0,NOT APPLICABLE,9,9,6,June,2023,6,Friday,23,11:00pm-11:59pm,15,15,0,This Section IS NOT on the NHS,2,Urban,4,Minor Arterial,2,County Highway Agency,4,County,CR-RED ARROW HWY,,47,47,42.21018333,42.21018333,-86.132155560,-86.13215556,0,No Special Jurisdiction,12,Motor Vehicle In-Transport,1,Front-to-Rear,0,No,1,Non-Junction,1,Not an Intersection,0,None,,,1,On Roadway,2,Dark - Not Lighted,,,,,1,Clear,0,No,0000000,Not Applicable,23,11:00pm-11:59pm,16,16,23,11:00pm-11:59pm,34,34,99,Unknown,99,Unknown EMS Hospital Arrival Time,,,,,,,2,
2023,26,260353,Michigan,1,1,0,0,0,2,2,41,DELTA (41),0,NOT APPLICABLE,11,11,6,June,2023,1,Sunday,3,3:00am-3:59am,28,28,0,This Section IS NOT on the NHS,1,Rural,5,Major Collector,2,County Highway Agency,4,County,CR-II RD,,185,185,45.69069444,45.69069444,-86.667844440,-86.66784444,0,No Special Jurisdiction,1,Rollover/Overturn,0,The First Harmful Event was Not a Collision with a Motor Vehicle in Transport,0,No,1,Non-Junction,1,Not an Intersection,0,None,,,4,On Roadside,2,Dark - Not Lighted,,,,,1,Clear,0,No,0000000,Not Applicable,3,3:00am-3:59am,33,33,3,3:00am-3:59am,58,58,99,Unknown,99,Unknown EMS Hospital Arrival Time,,,,,,,1,
2023,26,260354,Michigan,1,1,0,0,0,1,1,123,NEWAYGO (123),0,NOT APPLICABLE,3,3,6,June,2023,7,Saturday,20,8:00pm-8:59pm,6,6,0,This Section IS NOT on the NHS,1,Rural,7,Local,2,County Highway Agency,4,County,CR-W 80TH ST,,39,39,43.40930556,43.40930556,-85.962241670,-85.96224167,0,No Special Jurisdiction,24,Guardrail Face,0,The First Harmful Event was Not a Collision with a Motor Vehicle in Transport,0,No,1,Non-Junction,1,Not an Intersection,0,None,,,4,On Roadside,1,Daylight,,,,,1,Clear,0,No,0000000,Not Applicable,20,8:00pm-8:59pm,8,8,20,8:00pm-8:59pm,15,15,88,"Not Applicable (Not Transported) ",88,Not Applicable (Not Transported),,,,,,,1,
2023,26,260355,Michigan,2,2,0,0,0,2,2,73,ISABELLA (73),0,NOT APPLICABLE,3,3,6,June,2023,7,Saturday,10,10:00am-10:59am,51,51,0,This Section IS NOT on the NHS,1,Rural,6,Minor Collector,2,County Highway Agency,4,County,CR-E ROSEBUSH RD,,73,73,43.69851944,43.69851944,-84.813775000,-84.81377500,0,No Special Jurisdiction,12,Motor Vehicle In-Transport,6,Angle,0,No,8,Driveway Access Related,1,Not an Intersection,0,None,,,1,On Roadway,1,Daylight,,,,,1,Clear,0,No,0000000,Not Applicable,10,10:00am-10:59am,52,52,10,10:00am-10:59am,54,54,88,"Not Applicable (Not Transported) ",88,Not Applicable (Not Transported),,,,,,,1,
2023,26,260356,Michigan,1,1,0,1,1,1,1,155,SHIAWASSEE (155),3780,OWOSSO,8,8,6,June,2023,5,Thursday,22,10:00pm-10:59pm,13,13,0,This Section IS NOT on the NHS,2,Urban,4,Minor Arterial,1,State Highway Agency,3,State Highway,SR-21 MAIN ST,GOULD ST,106,106,42.99758889,42.99758889,-84.157905560,-84.15790556,0,No Special Jurisdiction,9,Pedalcyclist,0,The First Harmful Event was Not a Collision with a Motor Vehicle in Transport,0,No,2,Intersection,2,Four-Way Intersection,0,None,,,1,On Roadway,2,Dark - Not Lighted,,,,,10,Cloudy,0,No,0000000,Not Applicable,99,Unknown,99,Unknown,99,Unknown EMS Scene Arrival Hour,99,Unknown EMS Scene Arrival Minutes,88,"Not Applicable (Not Transported) ",88,Not Applicable (Not Transported),,,,,,,1,
2023,26,260357,Michigan,1,1,0,0,0,1,1,149,ST JOSEPH (149),0,NOT APPLICABLE,6,6,6,June,2023,3,Tuesday,2,2:00am-2:59am,29,29,1,This Section IS ON the NHS,1,Rural,3,Other Principal Arterial,1,State Highway Agency,2,U.S. Highway,US-131,,42,42,41.90509722,41.90509722,-85.661997220,-85.66199722,0,No Special Jurisdiction,42,Tree (Standing Only),0,The First Harmful Event was Not a Collision with a Motor Vehicle in Transport,0,No,1,Non-Junction,1,Not an Intersection,0,None,,,4,On Roadside,2,Dark - Not Lighted,,,,,1,Clear,0,No,0000000,Not Applicable,2,2:00am-2:59am,31,31,2,2:00am-2:59am,41,41,88,"Not Applicable (Not Transported) ",88,Not Applicable (Not Transported),,,,,,,1,
2023,26,260358,Michigan,4,4,0,0,0,10,10,75,JACKSON (75),0,NOT APPLICABLE,3,3,6,June,2023,7,Saturday,17,5:00pm-5:59pm,37,37,1,This Section IS ON the NHS,2,Urban,1,Interstate,1,State Highway Agency,1,Interstate,I-94,,130,130,42.26908056,42.26908056,-84.464352780,-84.46435278,0,No Special Jurisdiction,12,Motor Vehicle In-Transport,1,Front-to-Rear,0,No,1,Non-Junction,1,Not an Intersection,0,None,,,1,On Roadway,1,Daylight,,,,,10,Cloudy,0,No,0000000,Not Applicable,17,5:00pm-5:59pm,37,37,17,5:00pm-5:59pm,41,41,99,Unknown,99,Unknown EMS Hospital Arrival Time,,,,,,,1,
2023,26,260359,Michigan,1,1,0,1,1,1,1,163,WAYNE (163),1260,DETROIT,2,2,6,June,2023,6,Friday,7,7:00am-7:59am,37,37,0,This Section IS NOT on the NHS,2,Urban,5,Major Collector,4,City or Municipal Highway Agency,6,Municipal,MU-CONGRESST ST,GRISWOLD ST,1,1,42.32976944,42.32976944,-83.046638890,-83.04663889,0,No Special Jurisdiction,8,Pedestrian,0,The First Harmful Event was Not a Collision with a Motor Vehicle in Transport,0,No,3,Intersection-Related,2,Four-Way Intersection,0,None,,,1,On Roadway,1,Daylight,,,,,1,Clear,0,No,0000000,Not Applicable,99,Unknown,99,Unknown,99,Unknown EMS Scene Arrival Hour,99,Unknown EMS Scene Arrival Minutes,88,"Not Applicable (Not Transported) ",88,Not Applicable (Not Transported),,,,,,,1,
2023,26,260360,Michigan,1,1,0,0,0,1,1,121,MUSKEGON (121),0,NOT APPLICABLE,1,1,6,June,2023,5,Thursday,8,8:00am-8:59am,3,3,0,This Section IS NOT on the NHS,1,Rural,4,Minor Arterial,2,County Highway Agency,4,County,CR-MAPLE ISLAND RD,,119,119,43.28788333,43.28788333,-86.060075000,-86.06007500,0,No Special Jurisdiction,53,Mail Box,0,The First Harmful Event was Not a Collision with a Motor Vehicle in Transport,0,No,1,Non-Junction,1,Not an Intersection,0,None,,,4,On Roadside,1,Daylight,,,,,1,Clear,0,No,0000000,Not Applicable,99,Unknown,99,Unknown,99,Unknown EMS Scene Arrival Hour,99,Unknown EMS Scene Arrival Minutes,88,"Not Applicable (Not Transported) ",88,Not Applicable (Not Transported),,,,,,,1,
2023,26,260361,Michigan,1,1,0,0,0,2,2,77,KALAMAZOO (77),0,NOT APPLICABLE,10,10,6,June,2023,7,Saturday,21,9:00pm-9:59pm,28,28,0,This Section IS NOT on the NHS,1,Rural,7,Local,2,County Highway Agency,4,County,CR-R AVE,,4,4,42.18668056,42.18668056,-85.474030560,-85.47403056,0,No Special Jurisdiction,18,Other Object (not fixed),0,The First Harmful Event was Not a Collision with a Motor Vehicle in Transport,0,No,1,Non-Junction,1,Not an Intersection,0,None,,,4,On Roadside,5,Dusk,,,,,1,Clear,0,No,0000000,Not Applicable,99,Unknown,99,Unknown,99,Unknown EMS Scene Arrival Hour,99,Unknown EMS Scene Arrival Minutes,99,Unknown,99,Unknown EMS Hospital Arrival Time,,,,,,,1,
2023,26,260362,Michigan,2,2,0,0,0,2,2,75,JACKSON (75),0,NOT APPLICABLE,16,16,6,June,2023,6,Friday,0,0:00am-0:59am,11,11,1,This Section IS ON the NHS,2,Urban,2,Other Freeways and Expressways,1,State Highway Agency,2,U.S. Highway,US-127,,59,59,42.27416667,42.27416667,-84.358366670,-84.35836667,0,No Special Jurisdiction,12,Motor Vehicle In-Transport,1,Front-to-Rear,0,No,1,Non-Junction,1,Not an Intersection,0,None,,,1,On Roadway,2,Dark - Not Lighted,,,,,1,Clear,0,No,0000000,Not Applicable,0,0:00am-0:59am,12,12,0,0:00am-0:59am,17,17,99,Unknown,99,Unknown EMS Hospital Arrival Time,,,,,,,1,
2023,26,260363,Michigan,1,1,0,0,0,2,2,163,WAYNE (163),1260,DETROIT,3,3,6,June,2023,7,Saturday,8,8:00am-8:59am,18,18,1,This Section IS ON the NHS,2,Urban,3,Other Principal Arterial,1,State Highway Agency,3,State Highway,SR-5 GRAND RIVER AVE,,30,30,42.42146944,42.42146944,-83.269755560,-83.26975556,0,No Special Jurisdiction,1,Rollover/Overturn,0,The First Harmful Event was Not a Collision with a Motor Vehicle in Transport,0,No,1,Non-Junction,1,Not an Intersection,0,None,,,3,On Median,1,Daylight,,,,,1,Clear,0,No,0000000,Not Applicable,99,Unknown,99,Unknown,99,Unknown EMS Scene Arrival Hour,99,Unknown EMS Scene Arrival Minutes,88,"Not Applicable (Not Transported) ",88,Not Applicable (Not Transported),,,,,,,2,
2023,26,260364,Michigan,2,2,0,0,0,2,2,161,WASHTENAW (161),5330,YPSILANTI,7,7,6,June,2023,4,Wednesday,7,7:00am-7:59am,35,35,1,This Section IS ON the NHS,2,Urban,3,Other Principal Arterial,1,State Highway Agency,3,State Highway,SR-17 WASHTENAW AVE,CORNELL,60,60,42.24706667,42.24706667,-83.635044440,-83.63504444,0,No Special Jurisdiction,12,Motor Vehicle In-Transport,6,Angle,0,No,2,Intersection,3,T-Intersection,0,None,,,1,On Roadway,1,Daylight,,,,,1,Clear,0,No,0000000,Not Applicable,7,7:00am-7:59am,18,18,7,7:00am-7:59am,30,30,99,Unknown,99,Unknown EMS Hospital Arrival Time,,,,,,,1,
2023,26,260365,Michigan,1,1,0,0,0,2,2,31,CHEBOYGAN (31),0,NOT APPLICABLE,8,8,6,June,2023,5,Thursday,16,4:00pm-4:59pm,17,17,0,This Section IS NOT on the NHS,1,Rural,5,Major Collector,2,County Highway Agency,4,County,CR-AFTON RD,,0,None,45.32343611,45.32343611,-84.568969440,-84.56896944,0,No Special Jurisdiction,42,Tree (Standing Only),0,The First Harmful Event was Not a Collision with a Motor Vehicle in Transport,0,No,1,Non-Junction,1,Not an Intersection,0,None,,,4,On Roadside,1,Daylight,,,,,1,Clear,0,No,0000000,Not Applicable,16,4:00pm-4:59pm,18,18,16,4:00pm-4:59pm,27,27,88,"Not Applicable (Not Transported) ",88,Not Applicable (Not Transported),,,,,,,1,
2023,26,260366,Michigan,1,1,0,0,0,1,1,55,GRAND TRAVERSE (55),0,NOT APPLICABLE,13,13,6,June,2023,3,Tuesday,0,0:00am-0:59am,40,40,0,This Section IS NOT on the NHS,2,Urban,5,Major Collector,2,County Highway Agency,4,County,CR-5 MILE RD,,7,7,44.72461667,44.72461667,-85.515641670,-85.51564167,0,No Special Jurisdiction,30,Utility Pole/Light Support,0,The First Harmful Event was Not a Collision with a Motor Vehicle in Transport,0,No,1,Non-Junction,1,Not an Intersection,0,None,,,4,On Roadside,2,Dark - Not Lighted,,,,,1,Clear,0,No,0000000,Not Applicable,0,0:00am-0:59am,51,51,0,0:00am-0:59am,57,57,88,"Not Applicable (Not Transported) ",88,Not Applicable (Not Transported),,,,,,,1,
2023,26,260367,Michigan,2,1,1,1,1,1,1,163,WAYNE (163),2165,HARPER WOODS,13,13,6,June,2023,3,Tuesday,22,10:00pm-10:59pm,20,20,1,This Section IS ON the NHS,2,Urban,1,Interstate,1,State Highway Agency,1,Interstate,I-94,,382,382,42.44638056,42.44638056,-82.916933330,-82.91693333,0,No Special Jurisdiction,14,Parked Motor Vehicle,0,The First Harmful Event was Not a Collision with a Motor Vehicle in Transport,0,No,1,Non-Junction,1,Not an Intersection,0,None,,,4,On Roadside,1,Daylight,,,,,1,Clear,0,No,0000000,Not Applicable,22,10:00pm-10:59pm,26,26,22,10:00pm-10:59pm,28,28,88,"Not Applicable (Not Transported) ",88,Not Applicable (Not Transported),,,,,,,1,
2023,26,260368,Michigan,1,1,0,0,0,1,1,163,WAYNE (163),1260,DETROIT,7,7,6,June,2023,4,Wednesday,4,4:00am-4:59am,0,0,0,This Section IS NOT on the NHS,2,Urban,7,Local,4,City or Municipal Highway Agency,6,Municipal,MU-QUEEN ST,,5,5,42.41508056,42.41508056,-82.966975000,-82.96697500,0,No Special Jurisdiction,42,Tree (Standing Only),0,The First Harmful Event was Not a Collision with a Motor Vehicle in Transport,0,No,1,Non-Junction,1,Not an Intersection,0,None,,,4,On Roadside,3,Dark - Lighted,,,,,1,Clear,0,No,0000000,Not Applicable,99,Unknown,99,Unknown,99,Unknown EMS Scene Arrival Hour,99,Unknown EMS Scene Arrival Minutes,99,Unknown,99,Unknown EMS Hospital Arrival Time,,,,,,,1,
2023,26,260369,Michigan,2,2,0,0,0,3,3,159,VAN BUREN (159),0,NOT APPLICABLE,13,13,6,June,2023,3,Tuesday,18,6:00pm-6:59pm,40,40,1,This Section IS ON the NHS,1,Rural,1,Interstate,1,State Highway Agency,1,Interstate,I-94,,134,134,42.19879444,42.19879444,-85.967336110,-85.96733611,0,No Special Jurisdiction,12,Motor Vehicle In-Transport,1,Front-to-Rear,0,No,1,Non-Junction,1,Not an Intersection,0,None,,,1,On Roadway,1,Daylight,,,,,2,Rain,0,No,0000000,Not Applicable,99,Unknown,99,Unknown,99,Unknown EMS Scene Arrival Hour,99,Unknown EMS Scene Arrival Minutes,99,Unknown,99,Unknown EMS Hospital Arrival Time,,,,,,,1,
2023,26,260370,Michigan,2,2,0,0,0,3,3,11,ARENAC (11),0,NOT APPLICABLE,18,18,6,June,2023,1,Sunday,14,2:00pm-2:59pm,40,40,0,This Section IS NOT on the NHS,1,Rural,4,Minor Arterial,1,State Highway Agency,3,State Highway,SR-13 HURON RD,BORDEAU RD,19,19,43.93944444,43.93944444,-83.966588890,-83.96658889,0,No Special Jurisdiction,12,Motor Vehicle In-Transport,6,Angle,0,No,2,Intersection,2,Four-Way Intersection,0,None,,,1,On Roadway,1,Daylight,,,,,1,Clear,0,No,0000000,Not Applicable,14,2:00pm-2:59pm,42,42,14,2:00pm-2:59pm,49,49,99,Unknown,99,Unknown EMS Hospital Arrival Time,,,,,,,3,
2023,26,260371,Michigan,2,2,0,0,0,4,4,163,WAYNE (163),4295,ROMULUS,18,18,6,June,2023,1,Sunday,21,9:00pm-9:59pm,5,5,1,This Section IS ON the NHS,2,Urban,1,Interstate,1,State Highway Agency,1,Interstate,I-94,,80,80,42.22760833,42.22760833,-83.387138890,-83.38713889,0,No Special Jurisdiction,12,Motor Vehicle In-Transport,1,Front-to-Rear,0,No,1,Non-Junction,1,Not an Intersection,0,None,,,1,On Roadway,5,Dusk,,,,,1,Clear,0,No,0000000,Not Applicable,21,9:00pm-9:59pm,12,12,21,9:00pm-9:59pm,17,17,88,"Not Applicable (Not Transported) ",88,Not Applicable (Not Transported),,,,,,,1,
2023,26,260372,Michigan,2,2,0,1,1,2,2,81,KENT (81),2010,GRAND RAPIDS,4,4,6,June,2023,1,Sunday,1,1:00am-1:59am,25,25,1,This Section IS ON the NHS,2,Urban,3,Other Principal Arterial,1,State Highway Agency,3,State Highway,SR-11 28TH ST SE,MADISON AVE SE,122,122,42.91284444,42.91284444,-85.656844440,-85.65684444,0,No Special Jurisdiction,12,Motor Vehicle In-Transport,6,Angle,0,No,2,Intersection,2,Four-Way Intersection,0,None,,,1,On Roadway,3,Dark - Lighted,,,,,1,Clear,0,No,0000000,Not Applicable,1,1:00am-1:59am,19,19,99,Unknown EMS Scene Arrival Hour,99,Unknown EMS Scene Arrival Minutes,99,Unknown,99,Unknown EMS Hospital Arrival Time,,,,,,,1,
2023,26,260373,Michigan,1,1,0,0,0,1,1,63,HURON (63),0,NOT APPLICABLE,21,21,6,June,2023,4,Wednesday,9,9:00am-9:59am,45,45,0,This Section IS NOT on the NHS,1,Rural,7,Local,2,County Highway Agency,4,County,CR-W POPPLE RD,,221,221,43.76569722,43.76569722,-83.008130560,-83.00813056,0,No Special Jurisdiction,32,Culvert,0,The First Harmful Event was Not a Collision with a Motor Vehicle in Transport,0,No,1,Non-Junction,1,Not an Intersection,0,None,,,4,On Roadside,1,Daylight,,,,,1,Clear,0,No,0000000,Not Applicable,9,9:00am-9:59am,50,50,9,9:00am-9:59am,55,55,88,"Not Applicable (Not Transported) ",88,Not Applicable (Not Transported),,,,,,,1,
2023,26,260374,Michigan,2,2,0,0,0,2,2,115,MONROE (115),0,NOT APPLICABLE,21,21,6,June,2023,4,Wednesday,17,5:00pm-5:59pm,25,25,0,This Section IS NOT on the NHS,1,Rural,4,Minor Arterial,2,County Highway Agency,4,County,CR-OAKVILLE WALTZ RD,,10,10,42.09368611,42.09368611,-83.402247220,-83.40224722,0,No Special Jurisdiction,12,Motor Vehicle In-Transport,2,Front-to-Front,0,No,1,Non-Junction,1,Not an Intersection,0,None,,,1,On Roadway,1,Daylight,,,,,1,Clear,0,No,0000000,Not Applicable,17,5:00pm-5:59pm,25,25,17,5:00pm-5:59pm,33,33,88,"Not Applicable (Not Transported) ",88,Not Applicable (Not Transported),,,,,,,1,
2023,26,260375,Michigan,4,4,0,0,0,4,4,25,CALHOUN (25),0,NOT APPLICABLE,23,23,6,June,2023,6,Friday,13,1:00pm-1:59pm,40,40,1,This Section IS ON the NHS,2,Urban,1,Interstate,1,State Highway Agency,1,Interstate,I-94,,305,305,42.26450556,42.26450556,-84.733911110,-84.73391111,0,No Special Jurisdiction,12,Motor Vehicle In-Transport,1,Front-to-Rear,0,No,1,Non-Junction,1,Not an Intersection,0,None,,,1,On Roadway,1,Daylight,,,,,10,Cloudy,0,No,0000000,Not Applicable,13,1:00pm-1:59pm,41,41,13,1:00pm-1:59pm,50,50,88,"Not Applicable (Not Transported) ",88,Not Applicable (Not Transported),,,,,,,1,
2023,26,260376,Michigan,2,2,0,0,0,3,3,47,EMMET (47),0,NOT APPLICABLE,20,20,6,June,2023,3,Tuesday,17,5:00pm-5:59pm,23,23,1,This Section IS ON the NHS,1,Rural,3,Other Principal Arterial,1,State Highway Agency,2,U.S. Highway,US-31,,79,79,45.42247778,45.42247778,-84.827297220,-84.82729722,0,No Special Jurisdiction,12,Motor Vehicle In-Transport,1,Front-to-Rear,0,No,1,Non-Junction,1,Not an Intersection,0,None,,,1,On Roadway,1,Daylight,,,,,1,Clear,0,No,0000000,Not Applicable,17,5:00pm-5:59pm,24,24,17,5:00pm-5:59pm,29,29,99,Unknown,99,Unknown EMS Hospital Arrival Time,,,,,,,1,