caseyear,state,st_case,statename,ve_total,ve_forms,pvh_invl,peds,pernotmvit,permvit,persons,county,countyname,city,cityname,day,dayname,month,monthname,year,day_week,day_weekname,hour,hourname,minute,minutename,nhs,nhsname,rur_urb,rur_urbname,func_sys,func_sysname,rd_owner,rd_ownername,route,routename,tway_id,tway_id2,milept,mileptname,latitude,latitudename,longitud,longitudname,sp_jur,sp_jurname,harm_ev,harm_evname,man_coll,man_collname,reljct1,reljct1name,reljct2,reljct2name,typ_int,typ_intname,wrk_zone,wrk_zonename,road_fnc,road_fncname,rel_road,rel_roadname,lgt_cond,lgt_condname,weather1,weather1name,weather2,weather2name,weather,weathername,sch_bus,sch_busname,rail,railname,not_hour,not_hourname,not_min,not_minname,arr_hour,arr_hourname,arr_min,arr_minname,hosp_hr,hosp_hrname,hosp_mn,hosp_mnname,cf1,cf1name,cf2,cf2name,cf3,cf3name,fatals,drunk_dr
2023,26,260559,Michigan,2,1,1,1,2,1,2,163,WAYNE (163),1260,DETROIT,13,13,8,August,2023,1,Sunday,14,2:00pm-2:59pm,0,0,0,This Section IS NOT on the NHS,2,Urban,7,Local,4,City or Municipal Highway Agency,6,Municipal,MU-HALLECK ST,CONANT ST,0,None,42.41106667,42.41106667,-83.058708330,-83.05870833,0,No Special Jurisdiction,19,Building,0,The First Harmful Event was Not a Collision with a Motor Vehicle in Transport,0,No,3,Intersection-Related,3,T-Intersection,0,None,,,4,On Roadside,1,Daylight,,,,,1,Clear,0,No,0000000,Not Applicable,99,Unknown,99,Unknown,99,Unknown EMS Scene Arrival Hour,99,Unknown EMS Scene Arrival Minutes,99,Unknown,99,Unknown EMS Hospital Arrival Time,,,,,,,1,
2023,26,260560,Michigan,2,2,0,0,0,7,7,163,WAYNE (163),1260,DETROIT,11,11,8,August,2023,6,Friday,19,7:00pm-7:59pm,48,48,1,This Section IS ON the NHS,2,Urban,3,Other Principal Arterial,1,State Highway Agency,3,State Highway,SR-53 VAN DYKE ST,,29,29,42.41945278,42.41945278,-83.023686110,-83.02368611,0,No Special Jurisdiction,12,Motor Vehicle In-Transport,2,Front-to-Front,0,No,1,Non-Junction,1,Not an Intersection,0,None,,,1,On Roadway,1,Daylight,,,,,1,Clear,0,No,0000000,Not Applicable,99,Unknown,99,Unknown,99,Unknown EMS Scene Arrival Hour,99,Unknown EMS Scene Arrival Minutes,99,Unknown,99,Unknown EMS Hospital Arrival Time,,,,,,,1,
2023,26,260561,Michigan,1,1,0,0,0,1,1,65,INGHAM (65),0,NOT APPLICABLE,13,13,8,August,2023,1,Sunday,2,2:00am-2:59am,46,46,1,This Section IS ON the NHS,2,Urban,1,Interstate,1,State Highway Agency,1,Interstate,I-96,,86,86,42.67813056,42.67813056,-84.440986110,-84.44098611,0,No Special Jurisdiction,42,Tree (Standing Only),0,The First Harmful Event was Not a Collision with a Motor Vehicle in Transport,0,No,1,Non-Junction,1,Not an Intersection,0,None,,,4,On Roadside,3,Dark - Lighted,,,,,1,Clear,0,No,0000000,Not Applicable,2,2:00am-2:59am,46,46,3,3:00am-3:59am,1,1,88,"Not Applicable (Not Transported) ",88,Not Applicable (Not Transported),,,,,,,1,
2023,26,260562,Michigan,1,1,0,1,1,2,2,161,WASHTENAW (161),0,NOT APPLICABLE,12,12,8,August,2023,7,Saturday,19,7:00pm-7:59pm,50,50,1,This Section IS ON the NHS,2,Urban,3,Other Principal Arterial,1,State Highway Agency,3,State Highway,SR-MICHIGAN AVE,,27,27,42.24264167,42.24264167,-83.595366670,-83.59536667,0,No Special Jurisdiction,9,Pedalcyclist,0,The First Harmful Event was Not a Collision with a Motor Vehicle in Transport,0,No,1,Non-Junction,1,Not an Intersection,0,None,,,1,On Roadway,1,Daylight,,,,,1,Clear,0,No,0000000,Not Applicable,19,7:00pm-7:59pm,53,53,19,7:00pm-7:59pm,56,56,99,Unknown,99,Unknown EMS Hospital Arrival Time,,,,,,,1,
2023,26,260563,Michigan,1,1,0,0,0,1,1,27,CASS (27),0,NOT APPLICABLE,14,14,8,August,2023,2,Monday,1,1:00am-1:59am,55,55,0,This Section IS NOT on the NHS,1,Rural,4,Minor Arterial,1,State Highway Agency,3,State Highway,SR-51,,3,3,41.89022778,41.89022778,-86.220433330,-86.22043333,0,No Special Jurisdiction,34,Ditch,0,The First Harmful Event was Not a Collision with a Motor Vehicle in Transport,0,No,1,Non-Junction,1,Not an Intersection,0,None,,,4,On Roadside,2,Dark - Not Lighted,,,,,1,Clear,0,No,0000000,Not Applicable,1,1:00am-1:59am,55,55,2,2:00am-2:59am,10,10,88,"Not Applicable (Not Transported) ",88,Not Applicable (Not Transported),,,,,,,1,
2023,26,260564,Michigan,3,3,0,0,0,3,3,75,JACKSON (75),0,NOT APPLICABLE,14,14,8,August,2023,2,Monday,17,5:00pm-5:59pm,40,40,1,This Section IS ON the NHS,2,Urban,3,Other Principal Arterial,1,State Highway Agency,3,State Highway,SR-W MICHIGAN AVE,,130,130,42.25405000,42.25405000,-84.461313890,-84.46131389,0,No Special Jurisdiction,12,Motor Vehicle In-Transport,8,Sideswipe - Opposite Direction,0,No,1,Non-Junction,1,Not an Intersection,0,None,,,1,On Roadway,1,Daylight,,,,,2,Rain,0,No,0000000,Not Applicable,17,5:00pm-5:59pm,40,40,17,5:00pm-5:59pm,48,48,99,Unknown,99,Unknown EMS Hospital Arrival Time,,,,,,,1,
2023,26,260565,Michigan,1,1,0,0,0,1,1,145,SAGINAW (145),0,NOT APPLICABLE,3,3,8,August,2023,5,Thursday,16,4:00pm-4:59pm,18,18,0,This Section IS NOT on the NHS,1,Rural,5,Major Collector,2,County Highway Agency,4,County,CR-KING RD,,22,22,43.37944444,43.37944444,-83.773822220,-83.77382222,0,No Special Jurisdiction,32,Culvert,0,The First Harmful Event was Not a Collision with a Motor Vehicle in Transport,0,No,1,Non-Junction,1,Not an Intersection,0,None,,,4,On Roadside,1,Daylight,,,,,1,Clear,0,No,0000000,Not Applicable,99,Unknown,99,Unknown,99,Unknown EMS Scene Arrival Hour,99,Unknown EMS Scene Arrival Minutes,88,"Not Applicable (Not Transported) ",88,Not Applicable (Not Transported),,,,,,,1,
2023,26,260566,Michigan,1,1,0,1,1,2,2,5,ALLEGAN (5),0,NOT APPLICABLE,13,13,8,August,2023,1,Sunday,21,9:00pm-9:59pm,54,54,0,This Section IS NOT on the NHS,1,Rural,5,Major Collector,2,County Highway Agency,4,County,CR-26TH ST,,41,41,42.48023611,42.48023611,-85.798572220,-85.79857222,0,No Special Jurisdiction,8,Pedestrian,0,The First Harmful Event was Not a Collision with a Motor Vehicle in Transport,0,No,1,Non-Junction,1,Not an Intersection,0,None,,,1,On Roadway,2,Dark - Not Lighted,,,,,1,Clear,0,No,0000000,Not Applicable,99,Unknown,99,Unknown,99,Unknown EMS Scene Arrival Hour,99,Unknown EMS Scene Arrival Minutes,88,"Not Applicable (Not Transported) ",88,Not Applicable (Not Transported),,,,,,,1,
2023,26,260567,Michigan,1,1,0,1,1,1,1,99,MACOMB (99),1440,EASTPOINTE,8,8,8,August,2023,3,Tuesday,15,3:00pm-3:59pm,6,6,1,This Section IS ON the NHS,2,Urban,3,Other Principal Arterial,1,State Highway Agency,3,State Highway,"SR- GRATIOT ",STEPHENS,17,17,42.47223333,42.47223333,-82.953352780,-82.95335278,0,No Special Jurisdiction,9,Pedalcyclist,0,The First Harmful Event was Not a Collision with a Motor Vehicle in Transport,0,No,2,Intersection,2,Four-Way Intersection,0,None,,,1,On Roadway,1,Daylight,,,,,1,Clear,0,No,0000000,Not Applicable,99,Unknown,99,Unknown,99,Unknown EMS Scene Arrival Hour,99,Unknown EMS Scene Arrival Minutes,99,Unknown,99,Unknown EMS Hospital Arrival Time,,,,,,,1,
2023,26,260568,Michigan,4,4,0,0,0,4,4,139,OTTAWA (139),1700,FERRYSBURG,17,17,8,August,2023,5,Thursday,6,6:00am-6:59am,37,37,1,This Section IS ON the NHS,2,Urban,2,Other Freeways and Expressways,1,State Highway Agency,2,U.S. Highway,US-31,,230,230,43.07778056,43.07778056,-86.216277780,-86.21627778,0,No Special Jurisdiction,12,Motor Vehicle In-Transport,1,Front-to-Rear,0,No,1,Non-Junction,1,Not an Intersection,0,None,,,1,On Roadway,3,Dark - Lighted,,,,,10,Cloudy,0,No,0000000,Not Applicable,6,6:00am-6:59am,40,40,6,6:00am-6:59am,47,47,99,Unknown,99,Unknown EMS Hospital Arrival Time,,,,,,,1,
2023,26,260569,Michigan,1,1,0,1,1,1,1,81,KENT (81),2553,KENTWOOD,14,14,8,August,2023,2,Monday,6,6:00am-6:59am,2,2,1,This Section IS ON the NHS,2,Urban,3,Other Principal Arterial,4,City or Municipal Highway Agency,6,Municipal,MU-DIVISION AVE,,73,73,42.86611111,42.86611111,-85.664075000,-85.66407500,0,No Special Jurisdiction,8,Pedestrian,0,The First Harmful Event was Not a Collision with a Motor Vehicle in Transport,0,No,1,Non-Junction,1,Not an Intersection,0,None,,,1,On Roadway,3,Dark - Lighted,,,,,1,Clear,0,No,0000000,Not Applicable,6,6:00am-6:59am,3,3,6,6:00am-6:59am,7,7,99,Unknown,99,Unknown EMS Hospital Arrival Time,,,,,,,1,
2023,26,260570,Michigan,1,1,0,0,0,3,3,81,KENT (81),5089,WALKER,10,10,6,June,2023,7,Saturday,5,5:00am-5:59am,30,30,1,This Section IS ON the NHS,2,Urban,1,Interstate,1,State Highway Agency,1,Interstate,I-96 RAMP 31A,,63,63,43.02221389,43.02221389,-85.668244440,-85.66824444,0,No Special Jurisdiction,24,Guardrail Face,0,The First Harmful Event was Not a Collision with a Motor Vehicle in Transport,1,Yes,5,Entrance/Exit Ramp Related,1,Not an Intersection,0,None,,,4,On Roadside,2,Dark - Not Lighted,,,,,1,Clear,0,No,0000000,Not Applicable,99,Unknown,99,Unknown,99,Unknown EMS Scene Arrival Hour,99,Unknown EMS Scene Arrival Minutes,88,"Not Applicable (Not Transported) ",88,Not Applicable (Not Transported),,,,,,,1,
2023,26,260571,Michigan,1,1,0,1,1,2,2,21,BERRIEN (21),3560,NILES,25,25,8,August,2023,6,Friday,21,9:00pm-9:59pm,34,34,0,This Section IS NOT on the NHS,2,Urban,4,Minor Arterial,4,City or Municipal Highway Agency,6,Municipal,MU-BROADWAY ST,3RD ST,67,67,41.82794167,41.82794167,-86.256302780,-86.25630278,0,No Special Jurisdiction,8,Pedestrian,0,The First Harmful Event was Not a Collision with a Motor Vehicle in Transport,0,No,2,Intersection,2,Four-Way Intersection,0,None,,,1,On Roadway,3,Dark - Lighted,,,,,1,Clear,0,No,0000000,Not Applicable,99,Unknown,99,Unknown,99,Unknown EMS Scene Arrival Hour,99,Unknown EMS Scene Arrival Minutes,99,Unknown,99,Unknown EMS Hospital Arrival Time,,,,,,,1,
2023,26,260572,Michigan,2,2,0,0,0,2,2,77,KALAMAZOO (77),4030,PORTAGE,8,8,6,June,2023,5,Thursday,19,7:00pm-7:59pm,22,22,1,This Section IS ON the NHS,2,Urban,3,Other Principal Arterial,2,County Highway Agency,4,County,CR-S SPRINKLE RD,E KILGORE RD,50,50,42.24491944,42.24491944,-85.530877780,-85.53087778,0,No Special Jurisdiction,12,Motor Vehicle In-Transport,1,Front-to-Rear,0,No,3,Intersection-Related,2,Four-Way Intersection,1,Construction,,,1,On Roadway,1,Daylight,,,,,1,Clear,0,No,0000000,Not Applicable,19,7:00pm-7:59pm,22,22,19,7:00pm-7:59pm,24,24,88,"Not Applicable (Not Transported) ",88,Not Applicable (Not Transported),,,,,,,1,
2023,26,260573,Michigan,2,2,0,0,0,2,2,163,WAYNE (163),633,BROWNSTOWN TOWNSHIP,6,6,8,August,2023,1,Sunday,17,5:00pm-5:59pm,15,15,1,This Section IS ON the NHS,2,Urban,3,Other Principal Arterial,1,State Highway Agency,3,State Highway,SR-DIX TOLEDO HWY,,14,14,42.15811111,42.15811111,-83.249722220,-83.24972222,0,No Special Jurisdiction,12,Motor Vehicle In-Transport,2,Front-to-Front,0,No,1,Non-Junction,1,Not an Intersection,0,None,,,1,On Roadway,1,Daylight,,,,,2,Rain,0,No,0000000,Not Applicable,17,5:00pm-5:59pm,15,15,17,5:00pm-5:59pm,19,19,99,Unknown,99,Unknown EMS Hospital Arrival Time,,,,,,,1,
2023,26,260574,Michigan,2,2,0,0,0,3,3,99,MACOMB (99),1009,CLINTON TOWNSHIP,15,15,8,August,2023,3,Tuesday,17,5:00pm-5:59pm,22,22,1,This Section IS ON the NHS,2,Urban,3,Other Principal Arterial,1,State Highway Agency,3,State Highway,SR-97 GROESBECK HWY,,136,136,42.62080833,42.62080833,-82.880508330,-82.88050833,0,No Special Jurisdiction,12,Motor Vehicle In-Transport,2,Front-to-Front,0,No,8,Driveway Access Related,1,Not an Intersection,0,None,,,1,On Roadway,1,Daylight,,,,,2,Rain,0,No,0000000,Not Applicable,17,5:00pm-5:59pm,23,23,17,5:00pm-5:59pm,25,25,99,Unknown,99,Unknown EMS Hospital Arrival Time,,,,,,,2,
2023,26,260575,Michigan,2,2,0,0,0,3,3,81,KENT (81),0,NOT APPLICABLE,15,15,8,August,2023,3,Tuesday,18,6:00pm-6:59pm,23,23,0,This Section IS NOT on the NHS,2,Urban,5,Major Collector,2,County Highway Agency,4,County,CR-PINE ISLAND DR NE,SCOTT VIEW DR NE,16,16,43.07422500,43.07422500,-85.654008330,-85.65400833,0,No Special Jurisdiction,12,Motor Vehicle In-Transport,6,Angle,0,No,2,Intersection,2,Four-Way Intersection,0,None,,,1,On Roadway,1,Daylight,,,,,1,Clear,0,No,0000000,Not Applicable,18,6:00pm-6:59pm,25,25,18,6:00pm-6:59pm,31,31,88,"Not Applicable (Not Transported) ",88,Not Applicable (Not Transported),,,,,,,1,
2023,26,260576,Michigan,2,2,0,0,0,3,3,77,KALAMAZOO (77),0,NOT APPLICABLE,19,19,8,August,2023,7,Saturday,0,0:00am-0:59am,51,51,0,This Section IS NOT on the NHS,1,Rural,4,Minor Arterial,1,State Highway Agency,3,State Highway,SR-89,40TH ST,36,36,42.37258889,42.37258889,-85.376969440,-85.37696944,0,No Special Jurisdiction,12,Motor Vehicle In-Transport,6,Angle,0,No,2,Intersection,3,T-Intersection,0,None,,,1,On Roadway,3,Dark - Lighted,,,,,1,Clear,0,No,0000000,Not Applicable,0,0:00am-0:59am,52,52,0,0:00am-0:59am,58,58,99,Unknown,99,Unknown EMS Hospital Arrival Time,,,,,,,2,
2023,26,260577,Michigan,1,1,0,0,0,3,3,75,JACKSON (75),0,NOT APPLICABLE,19,19,8,August,2023,7,Saturday,23,11:00pm-11:59pm,26,26,0,This Section IS NOT on the NHS,1,Rural,4,Minor Arterial,2,County Highway Agency,4,County,CR-TERRITORIAL RD,,10,10,42.41182500,42.41182500,-84.189766670,-84.18976667,0,No Special Jurisdiction,42,Tree (Standing Only),0,The First Harmful Event was Not a Collision with a Motor Vehicle in Transport,0,No,1,Non-Junction,1,Not an Intersection,0,None,,,4,On Roadside,2,Dark - Not Lighted,,,,,1,Clear,0,No,0000000,Not Applicable,23,11:00pm-11:59pm,30,30,23,11:00pm-11:59pm,35,35,99,Unknown,99,Unknown EMS Hospital Arrival Time,,,,,,,1,
2023,26,260578,Michigan,2,2,0,0,0,2,2,25,CALHOUN (25),0,NOT APPLICABLE,20,20,8,August,2023,1,Sunday,12,12:00pm-12:59pm,13,13,0,This Section IS NOT on the NHS,1,Rural,7,Local,2,County Highway Agency,4,County,CR-D DR S,,70,70,42.21757778,42.21757778,-84.758277780,-84.75827778,0,No Special Jurisdiction,12,Motor Vehicle In-Transport,6,Angle,0,No,1,Non-Junction,1,Not an Intersection,0,None,,,1,On Roadway,1,Daylight,,,,,1,Clear,0,No,0000000,Not Applicable,12,12:00pm-12:59pm,12,12,12,12:00pm-12:59pm,20,20,88,"Not Applicable (Not Transported) ",88,Not Applicable (Not Transported),,,,,,,1,
2023,26,260579,Michigan,1,1,0,0,0,2,2,161,WASHTENAW (161),0,NOT APPLICABLE,21,21,8,August,2023,2,Monday,12,12:00pm-12:59pm,40,40,0,This Section IS NOT on the NHS,2,Urban,4,Minor Arterial,2,County Highway Agency,4,County,CR-GEDDES RD,,32,32,42.27691111,42.27691111,-83.662311110,-83.66231111,0,No Special Jurisdiction,42,Tree (Standing Only),0,The First Harmful Event was Not a Collision with a Motor Vehicle in Transport,0,No,1,Non-Junction,1,Not an Intersection,0,None,,,4,On Roadside,1,Daylight,,,,,1,Clear,0,No,0000000,Not Applicable,12,12:00pm-12:59pm,43,43,12,12:00pm-12:59pm,45,45,99,Unknown,99,Unknown EMS Hospital Arrival Time,,,,,,,1,
2023,26,260580,Michigan,3,2,1,0,1,2,3,125,OAKLAND (125),4251,ROCHESTER HILLS,19,19,8,August,2023,7,Saturday,23,11:00pm-11:59pm,53,53,1,This Section IS ON the NHS,2,Urban,2,Other Freeways and Expressways,1,State Highway Agency,3,State Highway,SR-59,,298,298,42.62831944,42.62831944,-83.131372220,-83.13137222,0,No Special Jurisdiction,12,Motor Vehicle In-Transport,1,Front-to-Rear,0,No,1,Non-Junction,1,Not an Intersection,0,None,,,1,On Roadway,2,Dark - Not Lighted,,,,,1,Clear,0,No,0000000,Not Applicable,23,11:00pm-11:59pm,57,57,99,Unknown EMS Scene Arrival Hour,99,Unknown EMS Scene Arrival Minutes,99,Unknown,99,Unknown EMS Hospital Arrival Time,,,,,,,1,
2023,26,260581,Michigan,2,2,0,0,0,3,3,163,WAYNE (163),1920,GARDEN CITY,15,15,8,August,2023,3,Tuesday,23,11:00pm-11:59pm,30,30,0,This Section IS NOT on the NHS,2,Urban,5,Major Collector,4,City or Municipal Highway Agency,6,Municipal,MU-MARQUETTE AVE,VENOY RD,24,24,42.31765278,42.31765278,-83.364583330,-83.36458333,0,No Special Jurisdiction,12,Motor Vehicle In-Transport,6,Angle,0,No,2,Intersection,2,Four-Way Intersection,0,None,,,1,On Roadway,2,Dark - Not Lighted,,,,,1,Clear,0,No,0000000,Not Applicable,23,11:00pm-11:59pm,39,39,99,Unknown EMS Scene Arrival Hour,99,Unknown EMS Scene Arrival Minutes,99,Unknown,99,Unknown EMS Hospital Arrival Time,,,,,,,1,
2023,26,260582,Michigan,2,2,0,0,0,4,4,99,MACOMB (99),0,NOT APPLICABLE,18,18,8,August,2023,6,Friday,22,10:00pm-10:59pm,56,56,0,This Section IS NOT on the NHS,2,Urban,4,Minor Arterial,2,County Highway Agency,4,County,CR-53 VAN DYKE AVE,,26,26,42.63872778,42.63872778,-83.032811110,-83.03281111,0,No Special Jurisdiction,12,Motor Vehicle In-Transport,6,Angle,0,No,8,Driveway Access Related,1,Not an Intersection,0,None,,,1,On Roadway,3,Dark - Lighted,,,,,1,Clear,0,No,0000000,Not Applicable,99,Unknown,99,Unknown,99,Unknown EMS Scene Arrival Hour,99,Unknown EMS Scene Arrival Minutes,99,Unknown,99,Unknown EMS Hospital Arrival Time,,,,,,,1,
2023,26,260583,Michigan,1,1,0,1,1,2,2,99,MACOMB (99),4330,ROSEVILLE,18,18,8,August,2023,6,Friday,4,4:00am-4:59am,24,24,1,This Section IS ON the NHS,2,Urban,1,Interstate,1,State Highway Agency,1,Interstate,I-696 RAMP 021B,,1,1,42.49374167,42.49374167,-82.964416670,-82.96441667,0,No Special Jurisdiction,8,Pedestrian,0,The First Harmful Event was Not a Collision with a Motor Vehicle in Transport,1,Yes,5,Entrance/Exit Ramp Related,1,Not an Intersection,0,None,,,1,On Roadway,3,Dark - Lighted,,,,,1,Clear,0,No,0000000,Not Applicable,99,Unknown,99,Unknown,99,Unknown EMS Scene Arrival Hour,99,Unknown EMS Scene Arrival Minutes,88,"Not Applicable (Not Transported) ",88,Not Applicable (Not Transported),,,,,,,1,
2023,26,260584,Michigan,1,1,0,2,2,1,1,163,WAYNE (163),1260,DETROIT,18,18,8,August,2023,6,Friday,17,5:00pm-5:59pm,28,28,1,This Section IS ON the NHS,2,Urban,3,Other Principal Arterial,1,State Highway Agency,3,State Highway,SR-E LAFAYETTE ST,ST AUBIN,234,234,42.33939444,42.33939444,-83.029808330,-83.02980833,0,No Special Jurisdiction,8,Pedestrian,0,The First Harmful Event was Not a Collision with a Motor Vehicle in Transport,0,No,3,Intersection-Related,2,Four-Way Intersection,0,None,,,4,On Roadside,1,Daylight,,,,,1,Clear,0,No,0000000,Not Applicable,99,Unknown,99,Unknown,99,Unknown EMS Scene Arrival Hour,99,Unknown EMS Scene Arrival Minutes,99,Unknown,99,Unknown EMS Hospital Arrival Time,,,,,,,1,
2023,26,260585,Michigan,1,1,0,0,0,1,1,163,WAYNE (163),1260,DETROIT,22,22,8,August,2023,3,Tuesday,23,11:00pm-11:59pm,1,1,0,This Section IS NOT on the NHS,2,Urban,5,Major Collector,4,City or Municipal Highway Agency,6,Municipal,MU-PEMBROKE AVE,,5,5,42.43725833,42.43725833,-83.216816670,-83.21681667,0,No Special Jurisdiction,42,Tree (Standing Only),0,The First Harmful Event was Not a Collision with a Motor Vehicle in Transport,0,No,1,Non-Junction,1,Not an Intersection,0,None,,,4,On Roadside,3,Dark - Lighted,,,,,1,Clear,0,No,0000000,Not Applicable,99,Unknown,99,Unknown,99,Unknown EMS Scene Arrival Hour,99,Unknown EMS Scene Arrival Minutes,99,Unknown,99,Unknown EMS Hospital Arrival Time,,,,,,,1,
2023,26,260586,Michigan,2,2,0,0,0,4,4,55,GRAND TRAVERSE (55),0,NOT APPLICABLE,23,23,8,August,2023,4,Wednesday,17,5:00pm-5:59pm,11,11,0,This Section IS NOT on the NHS,2,Urban,4,Minor Arterial,2,County Highway Agency,4,County,CR-HAMMOND RD,,34,34,44.71551667,44.71551667,-85.544541670,-85.54454167,0,No Special Jurisdiction,12,Motor Vehicle In-Transport,2,Front-to-Front,0,No,1,Non-Junction,1,Not an Intersection,0,None,,,1,On Roadway,1,Daylight,,,,,2,Rain,0,No,0000000,Not Applicable,99,Unknown,99,Unknown,99,Unknown EMS Scene Arrival Hour,99,Unknown EMS Scene Arrival Minutes,99,Unknown,99,Unknown EMS Hospital Arrival Time,,,,,,,2,
2023,26,260587,Michigan,4,4,0,0,0,4,4,161,WASHTENAW (161),0,NOT APPLICABLE,10,10,8,August,2023,5,Thursday,10,10:00am-10:59am,31,31,0,This Section IS NOT on the NHS,2,Urban,4,Minor Arterial,2,County Highway Agency,4,County,CR-PLYMOUTH RD,,22,22,42.32496389,42.32496389,-83.625238890,-83.62523889,0,No Special Jurisdiction,59,"Traffic Sign Support ",0,The First Harmful Event was Not a Collision with a Motor Vehicle in Transport,0,No,1,Non-Junction,1,Not an Intersection,0,None,,,4,On Roadside,1,Daylight,,,,,1,Clear,0,No,0000000,Not Applicable,10,10:00am-10:59am,35,35,10,10:00am-10:59am,47,47,99,Unknown,99,Unknown EMS Hospital Arrival Time,,,,,,,1,
2023,26,260588,Michigan,3,3,0,0,0,3,3,163,WAYNE (163),1260,DETROIT,26,26,8,August,2023,7,Saturday,2,2:00am-2:59am,38,38,1,This Section IS ON the NHS,2,Urban,1,Interstate,1,State Highway Agency,1,Interstate,I-75,,205,205,42.31345278,42.31345278,-83.091530560,-83.09153056,0,No Special Jurisdiction,12,Motor Vehicle In-Transport,2,Front-to-Front,0,No,1,Non-Junction,1,Not an Intersection,0,None,,,1,On Roadway,2,Dark - Not Lighted,,,,,10,Cloudy,0,No,0000000,Not Applicable,2,2:00am-2:59am,25,25,2,2:00am-2:59am,29,29,99,Unknown,99,Unknown EMS Hospital Arrival Time,,,,,,,1,
2023,26,260589,Michigan,2,2,0,0,0,5,5,81,KENT (81),0,NOT APPLICABLE,24,24,8,August,2023,5,Thursday,20,8:00pm-8:59pm,11,11,0,This Section IS NOT on the NHS,1,Rural,5,Major Collector,2,County Highway Agency,4,County,CR-18 MILE RD,,73,73,43.23528333,43.23528333,-85.408247220,-85.40824722,0,No Special Jurisdiction,12,Motor Vehicle In-Transport,2,Front-to-Front,0,No,1,Non-Junction,1,Not an Intersection,0,None,,,1,On Roadway,1,Daylight,,,,,2,Rain,0,No,0000000,Not Applicable,20,8:00pm-8:59pm,14,14,20,8:00pm-8:59pm,25,25,99,Unknown,99,Unknown EMS Hospital Arrival Time,,,,,,,3,
2023,26,260590,Michigan,2,2,0,0,0,3,3,151,SANILAC (151),0,NOT APPLICABLE,27,27,8,August,2023,1,Sunday,12,12:00pm-12:59pm,35,35,1,This Section IS ON the NHS,1,Rural,3,Other Principal Arterial,1,State Highway Agency,3,State Highway,SR-25 LAKESHORE RD,,134,134,43.35642500,43.35642500,-82.540508330,-82.54050833,0,No Special Jurisdiction,12,Motor Vehicle In-Transport,6,Angle,0,No,8,Driveway Access Related,1,Not an Intersection,0,None,,,1,On Roadway,1,Daylight,,,,,1,Clear,0,No,0000000,Not Applicable,12,12:00pm-12:59pm,37,37,12,12:00pm-12:59pm,55,55,99,Unknown,99,Unknown EMS Hospital Arrival Time,,,,,,,1,
2023,26,260591,Michigan,1,1,0,0,0,4,4,3,ALGER (3),236,AU TRAIN,19,19,8,August,2023,7,Saturday,18,6:00pm-6:59pm,22,22,0,This Section IS NOT on the NHS,1,Rural,7,Local,2,County Highway Agency,4,County,CR-PINE AVE,,1,1,46.43135278,46.43135278,-86.836169440,-86.83616944,0,No Special Jurisdiction,5,Fell/Jumped from Vehicle,0,The First Harmful Event was Not a Collision with a Motor Vehicle in Transport,0,No,1,Non-Junction,1,Not an Intersection,0,None,,,1,On Roadway,1,Daylight,,,,,1,Clear,0,No,0000000,Not Applicable,99,Unknown,99,Unknown,99,Unknown EMS Scene Arrival Hour,99,Unknown EMS Scene Arrival Minutes,99,Unknown,99,Unknown EMS Hospital Arrival Time,,,,,,,1,
2023,26,260592,Michigan,2,2,0,0,0,2,2,99,MACOMB (99),4330,ROSEVILLE,28,28,8,August,2023,2,Monday,5,5:00am-5:59am,45,45,1,This Section IS ON the NHS,2,Urban,3,Other Principal Arterial,1,State Highway Agency,3,State Highway,SR-3 GRATIOT AVE,12 MILE RD,46,46,42.50989444,42.50989444,-82.928119440,-82.92811944,0,No Special Jurisdiction,12,Motor Vehicle In-Transport,6,Angle,0,No,2,Intersection,2,Four-Way Intersection,0,None,,,1,On Roadway,3,Dark - Lighted,,,,,1,Clear,0,No,0000000,Not Applicable,5,5:00am-5:59am,47,47,5,5:00am-5:59am,52,52,99,Unknown,99,Unknown EMS Hospital Arrival Time,,,,,,,1,
2023,26,260593,Michigan,2,2,0,0,0,2,2,113,MISSAUKEE (113),0,NOT APPLICABLE,21,21,8,August,2023,2,Monday,18,6:00pm-6:59pm,22,22,0,This Section IS NOT on the NHS,1,Rural,4,Minor Arterial,1,State Highway Agency,3,State Highway,SR-55 E HOUGHTON LAKE RD,,150,150,44.33588333,44.33588333,-84.912194440,-84.91219444,0,No Special Jurisdiction,12,Motor Vehicle In-Transport,6,Angle,0,No,8,Driveway Access Related,1,Not an Intersection,0,None,,,1,On Roadway,1,Daylight,,,,,1,Clear,0,No,0000000,Not Applicable,18,6:00pm-6:59pm,24,24,18,6:00pm-6:59pm,32,32,99,Unknown,99,Unknown EMS Hospital Arrival Time,,,,,,,1,
2023,26,260594,Michigan,1,1,0,0,0,1,1,67,IONIA (67),0,NOT APPLICABLE,26,26,8,August,2023,7,Saturday,11,11:00am-11:59am,39,39,1,This Section IS ON the NHS,1,Rural,1,Interstate,1,State Highway Agency,1,Interstate,I-96,,78,78,42.87942222,42.87942222,-85.159005560,-85.15900556,0,No Special Jurisdiction,42,Tree (Standing Only),0,The First Harmful Event was Not a Collision with a Motor Vehicle in Transport,0,No,1,Non-Junction,1,Not an Intersection,0,None,,,4,On Roadside,1,Daylight,,,,,10,Cloudy,0,No,0000000,Not Applicable,99,Unknown,99,Unknown,99,Unknown EMS Scene Arrival Hour,99,Unknown EMS Scene Arrival Minutes,88,"Not Applicable (Not Transported) ",88,Not Applicable (Not Transported),,,,,,,1,
2023,26,260595,Michigan,2,2,0,0,0,3,3,163,WAYNE (163),1260,DETROIT,28,28,8,August,2023,2,Monday,20,8:00pm-8:59pm,8,8,1,This Section IS ON the NHS,2,Urban,3,Other Principal Arterial,4,City or Municipal Highway Agency,6,Municipal,MU-EVERGREEN RD,,30,30,42.35125000,42.35125000,-83.235733330,-83.23573333,0,No Special Jurisdiction,12,Motor Vehicle In-Transport,6,Angle,0,No,8,Driveway Access Related,1,Not an Intersection,0,None,,,1,On Roadway,3,Dark - Lighted,,,,,1,Clear,0,No,0000000,Not Applicable,99,Unknown,99,Unknown,99,Unknown EMS Scene Arrival Hour,99,Unknown EMS Scene Arrival Minutes,99,Unknown,99,Unknown EMS Hospital Arrival Time,,,,,,,1,