caseyear,state,st_case,statename,ve_total,ve_forms,pvh_invl,peds,pernotmvit,permvit,persons,county,countyname,city,cityname,day,dayname,month,monthname,year,day_week,day_weekname,hour,hourname,minute,minutename,nhs,nhsname,rur_urb,rur_urbname,func_sys,func_sysname,rd_owner,rd_ownername,route,routename,tway_id,tway_id2,milept,mileptname,latitude,latitudename,longitud,longitudname,sp_jur,sp_jurname,harm_ev,harm_evname,man_coll,man_collname,reljct1,reljct1name,reljct2,reljct2name,typ_int,typ_intname,wrk_zone,wrk_zonename,road_fnc,road_fncname,rel_road,rel_roadname,lgt_cond,lgt_condname,weather1,weather1name,weather2,weather2name,weather,weathername,sch_bus,sch_busname,rail,railname,not_hour,not_hourname,not_min,not_minname,arr_hour,arr_hourname,arr_min,arr_minname,hosp_hr,hosp_hrname,hosp_mn,hosp_mnname,cf1,cf1name,cf2,cf2name,cf3,cf3name,fatals,drunk_dr
2023,26,260596,Michigan,2,2,0,0,0,2,2,155,SHIAWASSEE (155),0,NOT APPLICABLE,22,22,8,August,2023,3,Tuesday,13,1:00pm-1:59pm,19,19,0,This Section IS NOT on the NHS,1,Rural,4,Minor Arterial,1,State Highway Agency,3,State Highway,SR-52,W BENNINGTON RD,112,112,42.93576389,42.93576389,-84.222625000,-84.22262500,0,No Special Jurisdiction,12,Motor Vehicle In-Transport,6,Angle,0,No,2,Intersection,2,Four-Way Intersection,0,None,,,1,On Roadway,1,Daylight,,,,,2,Rain,0,No,0000000,Not Applicable,99,Unknown,99,Unknown,99,Unknown EMS Scene Arrival Hour,99,Unknown EMS Scene Arrival Minutes,99,Unknown,99,Unknown EMS Hospital Arrival Time,,,,,,,1,
2023,26,260597,Michigan,1,1,0,0,0,1,1,159,VAN BUREN (159),0,NOT APPLICABLE,31,31,8,August,2023,5,Thursday,2,2:00am-2:59am,19,19,0,This Section IS NOT on the NHS,1,Rural,4,Minor Arterial,1,State Highway Agency,3,State Highway,SR-43,,133,133,42.30251667,42.30251667,-86.057655560,-86.05765556,0,No Special Jurisdiction,42,Tree (Standing Only),0,The First Harmful Event was Not a Collision with a Motor Vehicle in Transport,0,No,1,Non-Junction,1,Not an Intersection,0,None,,,4,On Roadside,2,Dark - Not Lighted,,,,,1,Clear,0,No,0000000,Not Applicable,2,2:00am-2:59am,24,24,2,2:00am-2:59am,28,28,88,"Not Applicable (Not Transported) ",88,Not Applicable (Not Transported),,,,,,,1,
2023,26,260598,Michigan,1,1,0,0,0,1,1,71,IRON (71),0,NOT APPLICABLE,24,24,8,August,2023,5,Thursday,20,8:00pm-8:59pm,19,19,0,This Section IS NOT on the NHS,1,Rural,5,Major Collector,2,County Highway Agency,4,County,CR-CHANNING RD,,62,62,46.15985833,46.15985833,-88.140633330,-88.14063333,0,No Special Jurisdiction,42,Tree (Standing Only),0,The First Harmful Event was Not a Collision with a Motor Vehicle in Transport,0,No,1,Non-Junction,1,Not an Intersection,0,None,,,6,Off Roadway-Location Unknown,2,Dark - Not Lighted,,,,,1,Clear,0,No,0000000,Not Applicable,20,8:00pm-8:59pm,19,19,20,8:00pm-8:59pm,30,30,99,Unknown,99,Unknown EMS Hospital Arrival Time,,,,,,,1,
2023,26,260599,Michigan,1,1,0,0,0,2,2,123,NEWAYGO (123),0,NOT APPLICABLE,26,26,8,August,2023,7,Saturday,4,4:00am-4:59am,20,20,0,This Section IS NOT on the NHS,1,Rural,4,Minor Arterial,1,State Highway Agency,3,State Highway,SR-E BASELINE RD,,67,67,43.55519167,43.55519167,-85.671830560,-85.67183056,0,No Special Jurisdiction,42,Tree (Standing Only),0,The First Harmful Event was Not a Collision with a Motor Vehicle in Transport,0,No,1,Non-Junction,1,Not an Intersection,0,None,,,6,Off Roadway-Location Unknown,2,Dark - Not Lighted,,,,,1,Clear,0,No,0000000,Not Applicable,4,4:00am-4:59am,20,20,4,4:00am-4:59am,33,33,99,Unknown,99,Unknown EMS Hospital Arrival Time,,,,,,,1,
2023,26,260600,Michigan,2,2,0,0,0,2,2,161,WASHTENAW (161),4430,SALINE,3,3,8,August,2023,5,Thursday,22,10:00pm-10:59pm,28,28,0,This Section IS NOT on the NHS,2,Urban,5,Major Collector,4,City or Municipal Highway Agency,6,Municipal,MU-AUSTIN RD,,119,119,42.16198611,42.16198611,-83.800183330,-83.80018333,0,No Special Jurisdiction,12,Motor Vehicle In-Transport,7,Sideswipe - Same Direction,0,No,1,Non-Junction,1,Not an Intersection,0,None,,,1,On Roadway,3,Dark - Lighted,,,,,1,Clear,0,No,0000000,Not Applicable,99,Unknown,99,Unknown,99,Unknown EMS Scene Arrival Hour,99,Unknown EMS Scene Arrival Minutes,99,Unknown,99,Unknown EMS Hospital Arrival Time,,,,,,,1,
2023,26,260601,Michigan,3,1,2,0,0,3,3,65,INGHAM (65),0,NOT APPLICABLE,26,26,8,August,2023,7,Saturday,2,2:00am-2:59am,55,55,0,This Section IS NOT on the NHS,6,Trafficway Not in State Inventory,96,Trafficway Not in State Inventory,96,Trafficway Not in State Inventory,99,Unknown/Not Reported,SYCAMORE ST,SCHOOLCRAFT ST,10,10,42.63633611,42.63633611,-84.513813890,-84.51381389,0,No Special Jurisdiction,14,Parked Motor Vehicle,0,The First Harmful Event was Not a Collision with a Motor Vehicle in Transport,0,No,3,Intersection-Related,2,Four-Way Intersection,0,None,,,4,On Roadside,2,Dark - Not Lighted,,,,,1,Clear,0,No,0000000,Not Applicable,3,3:00am-3:59am,3,3,3,3:00am-3:59am,10,10,99,Unknown,99,Unknown EMS Hospital Arrival Time,,,,,,,2,
2023,26,260602,Michigan,1,1,0,0,0,5,5,163,WAYNE (163),0,NOT APPLICABLE,27,27,8,August,2023,1,Sunday,19,7:00pm-7:59pm,17,17,1,This Section IS ON the NHS,2,Urban,1,Interstate,1,State Highway Agency,1,Interstate,I-94,,3,3,42.21877500,42.21877500,-83.535719440,-83.53571944,0,No Special Jurisdiction,57,Cable Barrier,0,The First Harmful Event was Not a Collision with a Motor Vehicle in Transport,0,No,1,Non-Junction,1,Not an Intersection,0,None,,,3,On Median,1,Daylight,,,,,1,Clear,0,No,0000000,Not Applicable,19,7:00pm-7:59pm,17,17,19,7:00pm-7:59pm,20,20,99,Unknown,99,Unknown EMS Hospital Arrival Time,,,,,,,1,
2023,26,260603,Michigan,1,1,0,0,0,2,2,121,MUSKEGON (121),0,NOT APPLICABLE,31,31,8,August,2023,5,Thursday,20,8:00pm-8:59pm,43,43,0,This Section IS NOT on the NHS,1,Rural,6,Minor Collector,2,County Highway Agency,4,County,CR-EVANSTON AVE,,76,76,43.21328611,43.21328611,-86.046094440,-86.04609444,0,No Special Jurisdiction,18,Other Object (not fixed),0,The First Harmful Event was Not a Collision with a Motor Vehicle in Transport,0,No,1,Non-Junction,1,Not an Intersection,0,None,,,4,On Roadside,1,Daylight,,,,,1,Clear,0,No,0000000,Not Applicable,99,Unknown,99,Unknown,99,Unknown EMS Scene Arrival Hour,99,Unknown EMS Scene Arrival Minutes,99,Unknown,99,Unknown EMS Hospital Arrival Time,,,,,,,1,
2023,26,260604,Michigan,1,1,0,0,0,1,1,109,MENOMINEE (109),3463,NADEAU,24,24,8,August,2023,5,Thursday,23,11:00pm-11:59pm,6,6,1,This Section IS ON the NHS,1,Rural,3,Other Principal Arterial,1,State Highway Agency,2,U.S. Highway,US-41,,296,296,45.52243333,45.52243333,-87.594763890,-87.59476389,0,No Special Jurisdiction,59,"Traffic Sign Support ",0,The First Harmful Event was Not a Collision with a Motor Vehicle in Transport,0,No,1,Non-Junction,1,Not an Intersection,0,None,,,4,On Roadside,2,Dark - Not Lighted,,,,,10,Cloudy,0,No,0000000,Not Applicable,23,11:00pm-11:59pm,5,5,99,Unknown EMS Scene Arrival Hour,99,Unknown EMS Scene Arrival Minutes,88,"Not Applicable (Not Transported) ",88,Not Applicable (Not Transported),,,,,,,1,
2023,26,260605,Michigan,1,1,0,2,2,2,2,49,GENESEE (49),0,NOT APPLICABLE,27,27,8,August,2023,1,Sunday,3,3:00am-3:59am,3,3,1,This Section IS ON the NHS,2,Urban,3,Other Principal Arterial,2,County Highway Agency,4,County,CR-SAGINAW ST,CASS AVE,160,160,43.08156389,43.08156389,-83.694094440,-83.69409444,0,No Special Jurisdiction,8,Pedestrian,0,The First Harmful Event was Not a Collision with a Motor Vehicle in Transport,0,No,3,Intersection-Related,2,Four-Way Intersection,0,None,,,1,On Roadway,3,Dark - Lighted,,,,,10,Cloudy,0,No,0000000,Not Applicable,3,3:00am-3:59am,3,3,3,3:00am-3:59am,8,8,99,Unknown,99,Unknown EMS Hospital Arrival Time,,,,,,,1,
2023,26,260606,Michigan,2,2,0,0,0,7,7,163,WAYNE (163),1210,DEARBORN,23,23,8,August,2023,4,Wednesday,20,8:00pm-8:59pm,47,47,0,This Section IS NOT on the NHS,2,Urban,3,Other Principal Arterial,2,County Highway Agency,4,County,CR-GREENFIELD RD,,7,7,42.32737778,42.32737778,-83.195747220,-83.19574722,0,No Special Jurisdiction,12,Motor Vehicle In-Transport,7,Sideswipe - Same Direction,0,No,1,Non-Junction,1,Not an Intersection,0,None,,,1,On Roadway,3,Dark - Lighted,,,,,10,Cloudy,0,No,0000000,Not Applicable,20,8:00pm-8:59pm,51,51,20,8:00pm-8:59pm,58,58,99,Unknown,99,Unknown EMS Hospital Arrival Time,,,,,,,1,
2023,26,260607,Michigan,2,2,0,0,0,3,3,7,ALPENA (7),3726,OSSINEKE,28,28,8,August,2023,2,Monday,16,4:00pm-4:59pm,15,15,0,This Section IS NOT on the NHS,1,Rural,5,Major Collector,2,County Highway Agency,4,County,CR-WOLF CREEK,NICHOLSON HILL RD,30,30,44.90257500,44.90257500,-83.628400000,-83.62840000,0,No Special Jurisdiction,12,Motor Vehicle In-Transport,6,Angle,0,No,2,Intersection,2,Four-Way Intersection,0,None,,,1,On Roadway,1,Daylight,,,,,1,Clear,0,No,0000000,Not Applicable,16,4:00pm-4:59pm,16,16,16,4:00pm-4:59pm,21,21,88,"Not Applicable (Not Transported) ",88,Not Applicable (Not Transported),,,,,,,1,
2023,26,260608,Michigan,1,1,0,1,1,1,1,163,WAYNE (163),1260,DETROIT,28,28,8,August,2023,2,Monday,22,10:00pm-10:59pm,15,15,0,This Section IS NOT on the NHS,2,Urban,4,Minor Arterial,4,City or Municipal Highway Agency,6,Municipal,MU-MORANG AVE,LAING ST,12,12,42.42744722,42.42744722,-82.953272220,-82.95327222,0,No Special Jurisdiction,8,Pedestrian,0,The First Harmful Event was Not a Collision with a Motor Vehicle in Transport,0,No,3,Intersection-Related,2,Four-Way Intersection,0,None,,,1,On Roadway,2,Dark - Not Lighted,,,,,1,Clear,0,No,0000000,Not Applicable,99,Unknown,99,Unknown,99,Unknown EMS Scene Arrival Hour,99,Unknown EMS Scene Arrival Minutes,99,Unknown,99,Unknown EMS Hospital Arrival Time,,,,,,,1,
2023,26,260609,Michigan,2,2,0,0,0,2,2,163,WAYNE (163),1260,DETROIT,26,26,8,August,2023,7,Saturday,19,7:00pm-7:59pm,15,15,0,This Section IS NOT on the NHS,2,Urban,4,Minor Arterial,2,County Highway Agency,4,County,CR-W OUTER DR,ROUGE PARK DR,43,43,42.37642222,42.37642222,-83.261038890,-83.26103889,0,No Special Jurisdiction,12,Motor Vehicle In-Transport,6,Angle,0,No,2,Intersection,2,Four-Way Intersection,0,None,,,1,On Roadway,3,Dark - Lighted,,,,,1,Clear,0,No,0000000,Not Applicable,99,Unknown,99,Unknown,99,Unknown EMS Scene Arrival Hour,99,Unknown EMS Scene Arrival Minutes,99,Unknown,99,Unknown EMS Hospital Arrival Time,,,,,,,1,
2023,26,260610,Michigan,2,2,0,0,0,3,3,55,GRAND TRAVERSE (55),0,NOT APPLICABLE,28,28,8,August,2023,2,Monday,19,7:00pm-7:59pm,15,15,1,This Section IS ON the NHS,2,Urban,3,Other Principal Arterial,1,State Highway Agency,2,U.S. Highway,US-31,,62,62,44.66494722,44.66494722,-85.693941670,-85.69394167,0,No Special Jurisdiction,12,Motor Vehicle In-Transport,6,Angle,0,No,8,Driveway Access Related,1,Not an Intersection,0,None,,,1,On Roadway,1,Daylight,,,,,10,Cloudy,0,No,0000000,Not Applicable,19,7:00pm-7:59pm,15,15,19,7:00pm-7:59pm,17,17,99,Unknown,99,Unknown EMS Hospital Arrival Time,,,,,,,1,
2023,26,260611,Michigan,1,1,0,0,0,1,1,17,BAY (17),0,NOT APPLICABLE,30,30,8,August,2023,4,Wednesday,19,7:00pm-7:59pm,55,55,0,This Section IS NOT on the NHS,2,Urban,5,Major Collector,2,County Highway Agency,4,County,CR-S 3 MILE RD,,50,50,43.62073611,43.62073611,-83.951705560,-83.95170556,0,No Special Jurisdiction,34,Ditch,0,The First Harmful Event was Not a Collision with a Motor Vehicle in Transport,0,No,1,Non-Junction,1,Not an Intersection,0,None,,,4,On Roadside,1,Daylight,,,,,1,Clear,0,No,0000000,Not Applicable,19,7:00pm-7:59pm,56,56,20,8:00pm-8:59pm,1,1,88,"Not Applicable (Not Transported) ",88,Not Applicable (Not Transported),,,,,,,1,
2023,26,260612,Michigan,1,1,0,1,1,1,1,99,MACOMB (99),919,CHESTERFIELD TOWNSHIP,29,29,8,August,2023,3,Tuesday,0,0:00am-0:59am,0,0,0,This Section IS NOT on the NHS,2,Urban,5,Major Collector,2,County Highway Agency,4,County,CR-COTTON RD,,18,18,42.66561944,42.66561944,-82.831655560,-82.83165556,0,No Special Jurisdiction,8,Pedestrian,0,The First Harmful Event was Not a Collision with a Motor Vehicle in Transport,0,No,1,Non-Junction,1,Not an Intersection,0,None,,,4,On Roadside,2,Dark - Not Lighted,,,,,1,Clear,0,No,0000000,Not Applicable,99,Unknown,99,Unknown,99,Unknown EMS Scene Arrival Hour,99,Unknown EMS Scene Arrival Minutes,88,"Not Applicable (Not Transported) ",88,Not Applicable (Not Transported),,,,,,,1,
2023,26,260613,Michigan,2,2,0,0,0,3,3,77,KALAMAZOO (77),4030,PORTAGE,17,17,8,August,2023,5,Thursday,18,6:00pm-6:59pm,49,49,1,This Section IS ON the NHS,2,Urban,3,Other Principal Arterial,4,City or Municipal Highway Agency,6,Municipal,MU-W CENTRE,,91,91,42.20102500,42.20102500,-85.592772220,-85.59277222,0,No Special Jurisdiction,12,Motor Vehicle In-Transport,6,Angle,0,No,8,Driveway Access Related,1,Not an Intersection,0,None,,,1,On Roadway,1,Daylight,,,,,10,Cloudy,0,No,0000000,Not Applicable,18,6:00pm-6:59pm,50,50,18,6:00pm-6:59pm,55,55,99,Unknown,99,Unknown EMS Hospital Arrival Time,,,,,,,1,
2023,26,260615,Michigan,4,4,0,0,0,5,5,163,WAYNE (163),2850,LIVONIA,9,9,8,August,2023,4,Wednesday,8,8:00am-8:59am,51,51,1,This Section IS ON the NHS,2,Urban,3,Other Principal Arterial,1,State Highway Agency,3,State Highway,SR-14 PLYMOUTH RD,,82,82,42.36788056,42.36788056,-83.392344440,-83.39234444,0,No Special Jurisdiction,12,Motor Vehicle In-Transport,8,Sideswipe - Opposite Direction,0,No,8,Driveway Access Related,1,Not an Intersection,0,None,,,1,On Roadway,1,Daylight,,,,,1,Clear,0,No,0000000,Not Applicable,8,8:00am-8:59am,52,52,8,8:00am-8:59am,56,56,99,Unknown,99,Unknown EMS Hospital Arrival Time,,,,,,,1,
2023,26,260616,Michigan,2,2,0,0,0,3,3,163,WAYNE (163),1260,DETROIT,31,31,8,August,2023,5,Thursday,10,10:00am-10:59am,35,35,1,This Section IS ON the NHS,2,Urban,3,Other Principal Arterial,1,State Highway Agency,3,State Highway,SR-GUNSTON ST,,5,5,42.41436389,42.41436389,-82.999377780,-82.99937778,0,No Special Jurisdiction,12,Motor Vehicle In-Transport,2,Front-to-Front,0,No,1,Non-Junction,1,Not an Intersection,0,None,,,1,On Roadway,1,Daylight,,,,,1,Clear,0,No,0000000,Not Applicable,99,Unknown,99,Unknown,99,Unknown EMS Scene Arrival Hour,99,Unknown EMS Scene Arrival Minutes,99,Unknown,99,Unknown EMS Hospital Arrival Time,,,,,,,1,
2023,26,260617,Michigan,1,1,0,1,1,1,1,163,WAYNE (163),1260,DETROIT,8,8,8,August,2023,3,Tuesday,16,4:00pm-4:59pm,7,7,1,This Section IS ON the NHS,2,Urban,2,Other Freeways and Expressways,1,State Highway Agency,3,State Highway,SR-39 SOUTHFIELD FWY,,76,76,42.33182222,42.33182222,-83.215880560,-83.21588056,0,No Special Jurisdiction,8,Pedestrian,0,The First Harmful Event was Not a Collision with a Motor Vehicle in Transport,0,No,1,Non-Junction,1,Not an Intersection,0,None,,,1,On Roadway,1,Daylight,,,,,10,Cloudy,0,No,0000000,Not Applicable,99,Unknown,99,Unknown,99,Unknown EMS Scene Arrival Hour,99,Unknown EMS Scene Arrival Minutes,88,"Not Applicable (Not Transported) ",88,Not Applicable (Not Transported),,,,,,,1,
2023,26,260618,Michigan,4,4,0,0,0,6,6,81,KENT (81),2010,GRAND RAPIDS,15,15,8,August,2023,3,Tuesday,16,4:00pm-4:59pm,0,0,1,This Section IS ON the NHS,2,Urban,3,Other Principal Arterial,4,City or Municipal Highway Agency,6,Municipal,MU-FULTON ST,JEFFERSON AVE,20,20,42.96312222,42.96312222,-85.664250000,-85.66425000,0,No Special Jurisdiction,12,Motor Vehicle In-Transport,6,Angle,0,No,2,Intersection,3,T-Intersection,0,None,,,1,On Roadway,1,Daylight,,,,,1,Clear,0,No,0000000,Not Applicable,16,4:00pm-4:59pm,0,0,16,4:00pm-4:59pm,5,5,99,Unknown,99,Unknown EMS Hospital Arrival Time,,,,,,,1,
2023,26,260619,Michigan,1,1,0,0,0,1,1,81,KENT (81),2010,GRAND RAPIDS,27,27,8,August,2023,1,Sunday,5,5:00am-5:59am,22,22,1,This Section IS ON the NHS,2,Urban,1,Interstate,1,State Highway Agency,2,U.S. Highway,US-131,,148,148,42.97566389,42.97566389,-85.678111110,-85.67811111,0,No Special Jurisdiction,33,Curb,0,The First Harmful Event was Not a Collision with a Motor Vehicle in Transport,0,No,1,Non-Junction,1,Not an Intersection,0,None,,,3,On Median,3,Dark - Lighted,,,,,1,Clear,0,No,0000000,Not Applicable,99,Unknown,99,Unknown,99,Unknown EMS Scene Arrival Hour,99,Unknown EMS Scene Arrival Minutes,99,Unknown,99,Unknown EMS Hospital Arrival Time,,,,,,,1,
2023,26,260620,Michigan,1,1,0,0,0,1,1,159,VAN BUREN (159),0,NOT APPLICABLE,27,27,8,August,2023,1,Sunday,3,3:00am-3:59am,56,56,0,This Section IS NOT on the NHS,2,Urban,4,Minor Arterial,1,State Highway Agency,3,State Highway,SR-40,,86,86,42.18626111,42.18626111,-85.851908330,-85.85190833,0,No Special Jurisdiction,32,Culvert,0,The First Harmful Event was Not a Collision with a Motor Vehicle in Transport,0,No,1,Non-Junction,1,Not an Intersection,4,"Work Zone, Type Unknown",,,4,On Roadside,3,Dark - Lighted,,,,,1,Clear,0,No,0000000,Not Applicable,3,3:00am-3:59am,56,56,4,4:00am-4:59am,1,1,88,"Not Applicable (Not Transported) ",88,Not Applicable (Not Transported),,,,,,,1,
2023,26,260621,Michigan,1,1,0,0,0,2,2,139,OTTAWA (139),0,NOT APPLICABLE,27,27,8,August,2023,1,Sunday,2,2:00am-2:59am,22,22,1,This Section IS ON the NHS,2,Urban,1,Interstate,1,State Highway Agency,1,Interstate,I-96,,35,35,43.07804167,43.07804167,-86.085430560,-86.08543056,0,No Special Jurisdiction,1,Rollover/Overturn,0,The First Harmful Event was Not a Collision with a Motor Vehicle in Transport,0,No,1,Non-Junction,1,Not an Intersection,0,None,,,3,On Median,2,Dark - Not Lighted,,,,,1,Clear,0,No,0000000,Not Applicable,2,2:00am-2:59am,24,24,2,2:00am-2:59am,32,32,99,Unknown,99,Unknown EMS Hospital Arrival Time,,,,,,,1,
2023,26,260622,Michigan,1,1,0,1,1,1,1,163,WAYNE (163),1260,DETROIT,18,18,8,August,2023,6,Friday,8,8:00am-8:59am,35,35,1,This Section IS ON the NHS,2,Urban,3,Other Principal Arterial,4,City or Municipal Highway Agency,6,Municipal,MU-JOY RD,,20,20,42.35851944,42.35851944,-83.157919440,-83.15791944,0,No Special Jurisdiction,8,Pedestrian,0,The First Harmful Event was Not a Collision with a Motor Vehicle in Transport,0,No,8,Driveway Access Related,1,Not an Intersection,0,None,,,1,On Roadway,1,Daylight,,,,,1,Clear,0,No,0000000,Not Applicable,99,Unknown,99,Unknown,99,Unknown EMS Scene Arrival Hour,99,Unknown EMS Scene Arrival Minutes,99,Unknown,99,Unknown EMS Hospital Arrival Time,,,,,,,1,
2023,26,260623,Michigan,2,2,0,0,0,2,2,163,WAYNE (163),1260,DETROIT,26,26,8,August,2023,7,Saturday,4,4:00am-4:59am,31,31,1,This Section IS ON the NHS,2,Urban,1,Interstate,1,State Highway Agency,1,Interstate,I-75,,164,164,42.27791667,42.27791667,-83.154538890,-83.15453889,0,No Special Jurisdiction,12,Motor Vehicle In-Transport,6,Angle,0,No,1,Non-Junction,1,Not an Intersection,4,"Work Zone, Type Unknown",,,1,On Roadway,3,Dark - Lighted,,,,,1,Clear,0,No,0000000,Not Applicable,99,Unknown,99,Unknown,99,Unknown EMS Scene Arrival Hour,99,Unknown EMS Scene Arrival Minutes,99,Unknown,99,Unknown EMS Hospital Arrival Time,,,,,,,1,
2023,26,260624,Michigan,1,1,0,0,0,1,1,21,BERRIEN (21),0,NOT APPLICABLE,6,6,7,July,2023,5,Thursday,15,3:00pm-3:59pm,34,34,0,This Section IS NOT on the NHS,2,Urban,7,Local,2,County Highway Agency,4,County,CR-13TH ST,,19,19,41.78823333,41.78823333,-86.245097220,-86.24509722,0,No Special Jurisdiction,42,Tree (Standing Only),0,The First Harmful Event was Not a Collision with a Motor Vehicle in Transport,0,No,1,Non-Junction,1,Not an Intersection,0,None,,,4,On Roadside,1,Daylight,,,,,1,Clear,0,No,0000000,Not Applicable,15,3:00pm-3:59pm,34,34,15,3:00pm-3:59pm,51,51,99,Unknown,99,Unknown EMS Hospital Arrival Time,,,,,,,1,
2023,26,260625,Michigan,1,1,0,1,1,1,1,163,WAYNE (163),1260,DETROIT,21,21,8,August,2023,2,Monday,22,10:00pm-10:59pm,40,40,1,This Section IS ON the NHS,2,Urban,3,Other Principal Arterial,2,County Highway Agency,4,County,CR-W MCNICHOLS RD,,138,138,42.41446944,42.41446944,-83.280438890,-83.28043889,0,No Special Jurisdiction,8,Pedestrian,0,The First Harmful Event was Not a Collision with a Motor Vehicle in Transport,0,No,1,Non-Junction,1,Not an Intersection,0,None,,,1,On Roadway,3,Dark - Lighted,,,,,1,Clear,0,No,0000000,Not Applicable,99,Unknown,99,Unknown,99,Unknown EMS Scene Arrival Hour,99,Unknown EMS Scene Arrival Minutes,99,Unknown,99,Unknown EMS Hospital Arrival Time,,,,,,,1,
2023,26,260626,Michigan,2,2,0,0,0,4,4,17,BAY (17),0,NOT APPLICABLE,1,1,9,September,2023,6,Friday,19,7:00pm-7:59pm,22,22,0,This Section IS NOT on the NHS,1,Rural,5,Major Collector,2,County Highway Agency,4,County,CR-S 7 MILE RD,DELTA RD,20,20,43.55273333,43.55273333,-84.033105560,-84.03310556,0,No Special Jurisdiction,12,Motor Vehicle In-Transport,6,Angle,0,No,2,Intersection,2,Four-Way Intersection,0,None,,,1,On Roadway,1,Daylight,,,,,1,Clear,0,No,0000000,Not Applicable,19,7:00pm-7:59pm,24,24,19,7:00pm-7:59pm,32,32,88,"Not Applicable (Not Transported) ",88,Not Applicable (Not Transported),,,,,,,1,
2023,26,260627,Michigan,1,1,0,1,1,2,2,49,GENESEE (49),0,NOT APPLICABLE,30,30,7,July,2023,1,Sunday,1,1:00am-1:59am,30,30,0,This Section IS NOT on the NHS,2,Urban,4,Minor Arterial,2,County Highway Agency,4,County,CR-PASADENA AVE,,22,22,43.04615278,43.04615278,-83.743566670,-83.74356667,0,No Special Jurisdiction,8,Pedestrian,0,The First Harmful Event was Not a Collision with a Motor Vehicle in Transport,0,No,1,Non-Junction,1,Not an Intersection,0,None,,,1,On Roadway,2,Dark - Not Lighted,,,,,1,Clear,0,No,0000000,Not Applicable,99,Unknown,99,Unknown,99,Unknown EMS Scene Arrival Hour,99,Unknown EMS Scene Arrival Minutes,88,"Not Applicable (Not Transported) ",88,Not Applicable (Not Transported),,,,,,,1,
2023,26,260628,Michigan,1,1,0,0,0,1,1,33,CHIPPEWA (33),2594,KINROSS,3,3,9,September,2023,1,Sunday,0,0:00am-0:59am,27,27,0,This Section IS NOT on the NHS,2,Urban,7,Local,2,County Highway Agency,4,County,CR-MAPLE GROVE DR,,0,None,46.26338333,46.26338333,-84.455822220,-84.45582222,0,No Special Jurisdiction,30,Utility Pole/Light Support,0,The First Harmful Event was Not a Collision with a Motor Vehicle in Transport,0,No,1,Non-Junction,1,Not an Intersection,0,None,,,4,On Roadside,2,Dark - Not Lighted,,,,,1,Clear,0,No,0000000,Not Applicable,0,0:00am-0:59am,31,31,0,0:00am-0:59am,34,34,88,"Not Applicable (Not Transported) ",88,Not Applicable (Not Transported),,,,,,,1,
2023,26,260629,Michigan,2,2,0,0,0,2,2,161,WASHTENAW (161),150,ANN ARBOR,31,31,7,July,2023,2,Monday,14,2:00pm-2:59pm,44,44,1,This Section IS ON the NHS,2,Urban,3,Other Principal Arterial,1,State Highway Agency,3,State Highway,SR-94 JACKSON AVE,,1,1,42.28302222,42.28302222,-83.788725000,-83.78872500,0,No Special Jurisdiction,12,Motor Vehicle In-Transport,6,Angle,0,No,8,Driveway Access Related,1,Not an Intersection,0,None,,,1,On Roadway,1,Daylight,,,,,10,Cloudy,0,No,0000000,Not Applicable,99,Unknown,99,Unknown,99,Unknown EMS Scene Arrival Hour,99,Unknown EMS Scene Arrival Minutes,99,Unknown,99,Unknown EMS Hospital Arrival Time,,,,,,,1,
2023,26,260630,Michigan,2,2,0,0,0,7,7,89,LEELANAU (89),0,NOT APPLICABLE,4,4,9,September,2023,2,Monday,16,4:00pm-4:59pm,5,5,0,This Section IS NOT on the NHS,1,Rural,4,Minor Arterial,2,County Highway Agency,4,County,CR-S BUGAI RD,,28,28,44.81491389,44.81491389,-85.689736110,-85.68973611,0,No Special Jurisdiction,12,Motor Vehicle In-Transport,2,Front-to-Front,0,No,1,Non-Junction,1,Not an Intersection,0,None,,,1,On Roadway,1,Daylight,,,,,1,Clear,0,No,0000000,Not Applicable,16,4:00pm-4:59pm,9,9,16,4:00pm-4:59pm,15,15,99,Unknown,99,Unknown EMS Hospital Arrival Time,,,,,,,1,
2023,26,260631,Michigan,3,3,0,1,1,4,4,99,MACOMB (99),2934,"MACOMB, TOWNSHIP",19,19,8,August,2023,7,Saturday,23,11:00pm-11:59pm,6,6,0,This Section IS NOT on the NHS,2,Urban,3,Other Principal Arterial,1,State Highway Agency,3,State Highway,SR-59 HALL RD,GRATIOT AVE,0,None,42.62993611,42.62993611,-82.860705560,-82.86070556,0,No Special Jurisdiction,8,Pedestrian,0,The First Harmful Event was Not a Collision with a Motor Vehicle in Transport,0,No,3,Intersection-Related,2,Four-Way Intersection,0,None,,,1,On Roadway,3,Dark - Lighted,,,,,1,Clear,0,No,0000000,Not Applicable,99,Unknown,99,Unknown,99,Unknown EMS Scene Arrival Hour,99,Unknown EMS Scene Arrival Minutes,88,"Not Applicable (Not Transported) ",88,Not Applicable (Not Transported),,,,,,,1,
2023,26,260632,Michigan,1,1,0,0,0,1,1,113,MISSAUKEE (113),0,NOT APPLICABLE,3,3,9,September,2023,1,Sunday,15,3:00pm-3:59pm,20,20,0,This Section IS NOT on the NHS,1,Rural,5,Major Collector,2,County Highway Agency,4,County,CR-STONEY CREEK RD,,36,36,44.19200556,44.19200556,-85.012288890,-85.01228889,0,No Special Jurisdiction,42,Tree (Standing Only),0,The First Harmful Event was Not a Collision with a Motor Vehicle in Transport,0,No,1,Non-Junction,1,Not an Intersection,0,None,,,4,On Roadside,1,Daylight,,,,,10,Cloudy,0,No,0000000,Not Applicable,15,3:00pm-3:59pm,21,21,15,3:00pm-3:59pm,41,41,88,"Not Applicable (Not Transported) ",88,Not Applicable (Not Transported),,,,,,,1,