caseyear,state,st_case,statename,ve_total,ve_forms,pvh_invl,peds,pernotmvit,permvit,persons,county,countyname,city,cityname,day,dayname,month,monthname,year,day_week,day_weekname,hour,hourname,minute,minutename,nhs,nhsname,rur_urb,rur_urbname,func_sys,func_sysname,rd_owner,rd_ownername,route,routename,tway_id,tway_id2,milept,mileptname,latitude,latitudename,longitud,longitudname,sp_jur,sp_jurname,harm_ev,harm_evname,man_coll,man_collname,reljct1,reljct1name,reljct2,reljct2name,typ_int,typ_intname,wrk_zone,wrk_zonename,road_fnc,road_fncname,rel_road,rel_roadname,lgt_cond,lgt_condname,weather1,weather1name,weather2,weather2name,weather,weathername,sch_bus,sch_busname,rail,railname,not_hour,not_hourname,not_min,not_minname,arr_hour,arr_hourname,arr_min,arr_minname,hosp_hr,hosp_hrname,hosp_mn,hosp_mnname,cf1,cf1name,cf2,cf2name,cf3,cf3name,fatals,drunk_dr
2023,26,260707,Michigan,1,1,0,0,0,1,1,35,CLARE (35),0,NOT APPLICABLE,22,22,9,September,2023,6,Friday,14,2:00pm-2:59pm,31,31,0,This Section IS NOT on the NHS,1,Rural,4,Minor Arterial,1,State Highway Agency,3,State Highway,SR-61 TEMPLE RD,,68,68,44.03122500,44.03122500,-84.955055560,-84.95505556,0,No Special Jurisdiction,72,"Cargo/Equipment Loss, Shift, or Damage [harmful]",0,The First Harmful Event was Not a Collision with a Motor Vehicle in Transport,0,No,1,Non-Junction,1,Not an Intersection,0,None,,,1,On Roadway,1,Daylight,,,,,1,Clear,0,No,0000000,Not Applicable,14,2:00pm-2:59pm,34,34,14,2:00pm-2:59pm,45,45,88,"Not Applicable (Not Transported) ",88,Not Applicable (Not Transported),,,,,,,1,
2023,26,260708,Michigan,3,1,2,0,0,2,2,25,CALHOUN (25),4649,SPRINGFIELD,10,10,9,September,2023,1,Sunday,15,3:00pm-3:59pm,55,55,1,This Section IS ON the NHS,2,Urban,3,Other Principal Arterial,1,State Highway Agency,3,State Highway,SR-89 MICHIGAN AVE,,53,53,42.33085833,42.33085833,-85.209575000,-85.20957500,0,No Special Jurisdiction,33,Curb,0,The First Harmful Event was Not a Collision with a Motor Vehicle in Transport,0,No,1,Non-Junction,1,Not an Intersection,0,None,,,4,On Roadside,1,Daylight,,,,,1,Clear,0,No,0000000,Not Applicable,15,3:00pm-3:59pm,56,56,16,4:00pm-4:59pm,1,1,99,Unknown,99,Unknown EMS Hospital Arrival Time,,,,,,,1,
2023,26,260709,Michigan,1,1,0,2,2,2,2,147,ST. CLAIR (147),0,NOT APPLICABLE,13,13,1,January,2023,6,Friday,21,9:00pm-9:59pm,8,8,0,This Section IS NOT on the NHS,1,Rural,5,Major Collector,2,County Highway Agency,4,County,CR-STARVILLE RD,,33,33,42.69544444,42.69544444,-82.588697220,-82.58869722,0,No Special Jurisdiction,8,Pedestrian,0,The First Harmful Event was Not a Collision with a Motor Vehicle in Transport,0,No,1,Non-Junction,1,Not an Intersection,0,None,,,1,On Roadway,2,Dark - Not Lighted,,,,,1,Clear,0,No,0000000,Not Applicable,99,Unknown,99,Unknown,99,Unknown EMS Scene Arrival Hour,99,Unknown EMS Scene Arrival Minutes,99,Unknown,99,Unknown EMS Hospital Arrival Time,,,,,,,1,
2023,26,260710,Michigan,3,3,0,0,0,4,4,163,WAYNE (163),738,CANTON TOWNSHIP,29,29,6,June,2023,5,Thursday,16,4:00pm-4:59pm,58,58,0,This Section IS NOT on the NHS,2,Urban,4,Minor Arterial,2,County Highway Agency,4,County,CR-HAGGERTY RD,ANNAPOLIS CIR,42,42,42.26941667,42.26941667,-83.446441670,-83.44644167,0,No Special Jurisdiction,12,Motor Vehicle In-Transport,1,Front-to-Rear,0,No,2,Intersection,3,T-Intersection,0,None,,,1,On Roadway,1,Daylight,,,,,10,Cloudy,0,No,0000000,Not Applicable,17,5:00pm-5:59pm,0,0,17,5:00pm-5:59pm,6,6,99,Unknown,99,Unknown EMS Hospital Arrival Time,,,,,,,1,
2023,26,260711,Michigan,2,1,1,1,1,1,1,49,GENESEE (49),1730,FLINT,9,9,7,July,2023,1,Sunday,3,3:00am-3:59am,27,27,1,This Section IS ON the NHS,2,Urban,3,Other Principal Arterial,4,City or Municipal Highway Agency,6,Municipal,MU-SAGINAW ST,,139,139,43.05198889,43.05198889,-83.693708330,-83.69370833,0,No Special Jurisdiction,8,Pedestrian,0,The First Harmful Event was Not a Collision with a Motor Vehicle in Transport,0,No,1,Non-Junction,1,Not an Intersection,0,None,,,1,On Roadway,3,Dark - Lighted,,,,,1,Clear,0,No,0000000,Not Applicable,99,Unknown,99,Unknown,99,Unknown EMS Scene Arrival Hour,99,Unknown EMS Scene Arrival Minutes,88,"Not Applicable (Not Transported) ",88,Not Applicable (Not Transported),,,,,,,1,
2023,26,260712,Michigan,2,2,0,0,0,2,2,49,GENESEE (49),1730,FLINT,29,29,7,July,2023,7,Saturday,23,11:00pm-11:59pm,14,14,1,This Section IS ON the NHS,2,Urban,3,Other Principal Arterial,4,City or Municipal Highway Agency,6,Municipal,MU-SAGINAW ST,,122,122,43.02667500,43.02667500,-83.693550000,-83.69355000,0,No Special Jurisdiction,12,Motor Vehicle In-Transport,1,Front-to-Rear,0,No,1,Non-Junction,1,Not an Intersection,0,None,,,1,On Roadway,3,Dark - Lighted,,,,,1,Clear,0,No,0000000,Not Applicable,99,Unknown,98,Unknown if Notified,99,Unknown EMS Scene Arrival Hour,98,Unknown if Arrived,88,"Not Applicable (Not Transported) ",88,Not Applicable (Not Transported),,,,,,,1,
2023,26,260713,Michigan,1,1,0,1,1,1,1,163,WAYNE (163),1260,DETROIT,13,13,7,July,2023,5,Thursday,22,10:00pm-10:59pm,8,8,1,This Section IS ON the NHS,2,Urban,3,Other Principal Arterial,1,State Highway Agency,3,State Highway,SR-1 WOODWARD AVE,,8,8,42.43515278,42.43515278,-83.117019440,-83.11701944,0,No Special Jurisdiction,8,Pedestrian,0,The First Harmful Event was Not a Collision with a Motor Vehicle in Transport,0,No,1,Non-Junction,1,Not an Intersection,0,None,,,1,On Roadway,2,Dark - Not Lighted,,,,,1,Clear,0,No,0000000,Not Applicable,99,Unknown,99,Unknown,99,Unknown EMS Scene Arrival Hour,99,Unknown EMS Scene Arrival Minutes,88,"Not Applicable (Not Transported) ",88,Not Applicable (Not Transported),,,,,,,1,
2023,26,260714,Michigan,1,1,0,0,0,1,1,139,OTTAWA (139),0,NOT APPLICABLE,30,30,9,September,2023,7,Saturday,16,4:00pm-4:59pm,30,30,0,This Section IS NOT on the NHS,2,Urban,4,Minor Arterial,2,County Highway Agency,4,County,CR-LEONARD ST,,154,154,43.01341389,43.01341389,-85.924813890,-85.92481389,0,No Special Jurisdiction,35,Embankment,0,The First Harmful Event was Not a Collision with a Motor Vehicle in Transport,0,No,1,Non-Junction,1,Not an Intersection,0,None,,,4,On Roadside,1,Daylight,,,,,1,Clear,0,No,0000000,Not Applicable,16,4:00pm-4:59pm,33,33,16,4:00pm-4:59pm,40,40,88,"Not Applicable (Not Transported) ",88,Not Applicable (Not Transported),,,,,,,1,
2023,26,260715,Michigan,1,1,0,0,0,1,1,101,MANISTEE (101),0,NOT APPLICABLE,30,30,9,September,2023,7,Saturday,17,5:00pm-5:59pm,22,22,0,This Section IS NOT on the NHS,1,Rural,7,Local,2,County Highway Agency,4,County,CR-MILLER RD,,0,None,44.32718056,44.32718056,-86.243250000,-86.24325000,0,No Special Jurisdiction,42,Tree (Standing Only),0,The First Harmful Event was Not a Collision with a Motor Vehicle in Transport,0,No,1,Non-Junction,1,Not an Intersection,0,None,,,4,On Roadside,1,Daylight,,,,,1,Clear,0,No,0000000,Not Applicable,99,Unknown,99,Unknown,99,Unknown EMS Scene Arrival Hour,99,Unknown EMS Scene Arrival Minutes,88,"Not Applicable (Not Transported) ",88,Not Applicable (Not Transported),,,,,,,1,
2023,26,260716,Michigan,2,2,0,0,0,3,3,81,KENT (81),2010,GRAND RAPIDS,18,18,9,September,2023,2,Monday,1,1:00am-1:59am,40,40,0,This Section IS NOT on the NHS,2,Urban,4,Minor Arterial,4,City or Municipal Highway Agency,6,Municipal,MU-ALPINE AVE NW,LEONARD ST NW,7,7,42.98526944,42.98526944,-85.688100000,-85.68810000,0,No Special Jurisdiction,12,Motor Vehicle In-Transport,6,Angle,0,No,2,Intersection,2,Four-Way Intersection,0,None,,,1,On Roadway,3,Dark - Lighted,,,,,1,Clear,0,No,0000000,Not Applicable,1,1:00am-1:59am,40,40,1,1:00am-1:59am,41,41,88,"Not Applicable (Not Transported) ",88,Not Applicable (Not Transported),,,,,,,1,
2023,26,260717,Michigan,2,2,0,0,0,3,3,165,WEXFORD (165),0,NOT APPLICABLE,21,21,9,September,2023,5,Thursday,12,12:00pm-12:59pm,5,5,0,This Section IS NOT on the NHS,1,Rural,4,Minor Arterial,1,State Highway Agency,3,State Highway,SR-55,S 21 RD,101,101,44.22225278,44.22225278,-85.618733330,-85.61873333,0,No Special Jurisdiction,12,Motor Vehicle In-Transport,1,Front-to-Rear,0,No,3,Intersection-Related,2,Four-Way Intersection,0,None,,,1,On Roadway,1,Daylight,,,,,1,Clear,0,No,0000000,Not Applicable,12,12:00pm-12:59pm,7,7,12,12:00pm-12:59pm,13,13,99,Unknown,99,Unknown EMS Hospital Arrival Time,,,,,,,1,
2023,26,260718,Michigan,2,2,0,0,0,3,3,25,CALHOUN (25),310,BATTLE CREEK,20,20,9,September,2023,4,Wednesday,22,10:00pm-10:59pm,56,56,1,This Section IS ON the NHS,2,Urban,3,Other Principal Arterial,1,State Highway Agency,3,State Highway,SR-96 COLUMBIA AVE,,42,42,42.29856111,42.29856111,-85.200513890,-85.20051389,0,No Special Jurisdiction,12,Motor Vehicle In-Transport,2,Front-to-Front,0,No,8,Driveway Access Related,1,Not an Intersection,0,None,,,1,On Roadway,3,Dark - Lighted,,,,,1,Clear,0,No,0000000,Not Applicable,22,10:00pm-10:59pm,46,46,22,10:00pm-10:59pm,52,52,99,Unknown,99,Unknown EMS Hospital Arrival Time,,,,,,,1,
2023,26,260719,Michigan,2,2,0,0,0,4,4,5,ALLEGAN (5),0,NOT APPLICABLE,25,25,9,September,2023,2,Monday,17,5:00pm-5:59pm,9,9,0,This Section IS NOT on the NHS,1,Rural,5,Major Collector,2,County Highway Agency,4,County,CR-S 16TH ST,,2,2,42.42355000,42.42355000,-85.700463890,-85.70046389,0,No Special Jurisdiction,12,Motor Vehicle In-Transport,2,Front-to-Front,0,No,1,Non-Junction,1,Not an Intersection,0,None,,,1,On Roadway,1,Daylight,,,,,1,Clear,0,No,0000000,Not Applicable,99,Unknown,99,Unknown,99,Unknown EMS Scene Arrival Hour,99,Unknown EMS Scene Arrival Minutes,99,Unknown,99,Unknown EMS Hospital Arrival Time,,,,,,,1,
2023,26,260720,Michigan,1,1,0,0,0,1,1,125,OAKLAND (125),5100,WALLED LAKE,24,24,9,September,2023,1,Sunday,19,7:00pm-7:59pm,8,8,0,This Section IS NOT on the NHS,2,Urban,4,Minor Arterial,4,City or Municipal Highway Agency,6,Municipal,MU-DECKER RD,,28,28,42.55081667,42.55081667,-83.468511110,-83.46851111,0,No Special Jurisdiction,33,Curb,0,The First Harmful Event was Not a Collision with a Motor Vehicle in Transport,0,No,1,Non-Junction,1,Not an Intersection,0,None,,,4,On Roadside,1,Daylight,,,,,1,Clear,0,No,0000000,Not Applicable,99,Unknown,99,Unknown,99,Unknown EMS Scene Arrival Hour,99,Unknown EMS Scene Arrival Minutes,99,Unknown,99,Unknown EMS Hospital Arrival Time,,,,,,,1,
2023,26,260721,Michigan,1,1,0,0,0,1,1,15,BARRY (15),0,NOT APPLICABLE,3,3,10,October,2023,3,Tuesday,19,7:00pm-7:59pm,5,5,0,This Section IS NOT on the NHS,1,Rural,5,Major Collector,2,County Highway Agency,4,County,CR-STATE RD,,17,17,42.69487778,42.69487778,-85.400733330,-85.40073333,0,No Special Jurisdiction,18,Other Object (not fixed),0,The First Harmful Event was Not a Collision with a Motor Vehicle in Transport,0,No,1,Non-Junction,1,Not an Intersection,0,None,,,4,On Roadside,1,Daylight,,,,,1,Clear,0,No,0000000,Not Applicable,19,7:00pm-7:59pm,6,6,19,7:00pm-7:59pm,13,13,99,Unknown,99,Unknown EMS Hospital Arrival Time,,,,,,,1,
2023,26,260722,Michigan,2,2,0,0,0,2,2,87,LAPEER (87),0,NOT APPLICABLE,3,3,10,October,2023,3,Tuesday,9,9:00am-9:59am,29,29,0,This Section IS NOT on the NHS,1,Rural,7,Local,2,County Highway Agency,4,County,CR-ROODS LAKE RD,DALEY RD,20,20,43.08838056,43.08838056,-83.277955560,-83.27795556,0,No Special Jurisdiction,12,Motor Vehicle In-Transport,6,Angle,0,No,2,Intersection,2,Four-Way Intersection,0,None,,,1,On Roadway,1,Daylight,,,,,1,Clear,0,No,0000000,Not Applicable,99,Unknown,99,Unknown,99,Unknown EMS Scene Arrival Hour,99,Unknown EMS Scene Arrival Minutes,99,Unknown,99,Unknown EMS Hospital Arrival Time,,,,,,,1,
2023,26,260723,Michigan,1,1,0,0,0,1,1,77,KALAMAZOO (77),0,NOT APPLICABLE,29,29,9,September,2023,6,Friday,13,1:00pm-1:59pm,50,50,1,This Section IS ON the NHS,2,Urban,3,Other Principal Arterial,1,State Highway Agency,2,U.S. Highway,US-131,,147,147,42.27820278,42.27820278,-85.656013890,-85.65601389,0,No Special Jurisdiction,24,Guardrail Face,0,The First Harmful Event was Not a Collision with a Motor Vehicle in Transport,0,No,1,Non-Junction,1,Not an Intersection,0,None,,,4,On Roadside,1,Daylight,,,,,10,Cloudy,0,No,0000000,Not Applicable,99,Unknown,99,Unknown,99,Unknown EMS Scene Arrival Hour,99,Unknown EMS Scene Arrival Minutes,99,Unknown,99,Unknown EMS Hospital Arrival Time,,,,,,,1,
2023,26,260724,Michigan,3,3,0,1,1,3,3,163,WAYNE (163),1260,DETROIT,23,23,9,September,2023,7,Saturday,6,6:00am-6:59am,10,10,1,This Section IS ON the NHS,2,Urban,2,Other Freeways and Expressways,1,State Highway Agency,3,State Highway,SR-39,,105,105,42.37211389,42.37211389,-83.216830560,-83.21683056,0,No Special Jurisdiction,8,Pedestrian,0,The First Harmful Event was Not a Collision with a Motor Vehicle in Transport,0,No,1,Non-Junction,1,Not an Intersection,0,None,,,1,On Roadway,3,Dark - Lighted,,,,,1,Clear,0,No,0000000,Not Applicable,99,Unknown,99,Unknown,99,Unknown EMS Scene Arrival Hour,99,Unknown EMS Scene Arrival Minutes,88,"Not Applicable (Not Transported) ",88,Not Applicable (Not Transported),,,,,,,1,
2023,26,260725,Michigan,1,1,0,0,0,2,2,127,OCEANA (127),0,NOT APPLICABLE,5,5,10,October,2023,5,Thursday,2,2:00am-2:59am,0,0,1,This Section IS ON the NHS,2,Urban,2,Other Freeways and Expressways,1,State Highway Agency,2,U.S. Highway,US-31,,4,4,43.47643611,43.47643611,-86.344394440,-86.34439444,0,No Special Jurisdiction,24,Guardrail Face,0,The First Harmful Event was Not a Collision with a Motor Vehicle in Transport,0,No,1,Non-Junction,1,Not an Intersection,0,None,,,3,On Median,6,Dark - Unknown Lighting,,,,,99,Reported as Unknown,0,No,0000000,Not Applicable,8,8:00am-8:59am,55,55,9,9:00am-9:59am,6,6,88,"Not Applicable (Not Transported) ",88,Not Applicable (Not Transported),,,,,,,2,
2023,26,260726,Michigan,2,2,0,0,0,3,3,81,KENT (81),0,NOT APPLICABLE,1,1,10,October,2023,1,Sunday,16,4:00pm-4:59pm,9,9,0,This Section IS NOT on the NHS,1,Rural,5,Major Collector,2,County Highway Agency,4,County,CR-LINCOLN LAKE RD,MACCLAIN ST,230,230,43.19830556,43.19830556,-85.351925000,-85.35192500,0,No Special Jurisdiction,12,Motor Vehicle In-Transport,6,Angle,0,No,2,Intersection,2,Four-Way Intersection,0,None,,,1,On Roadway,1,Daylight,,,,,1,Clear,0,No,0000000,Not Applicable,16,4:00pm-4:59pm,10,10,16,4:00pm-4:59pm,20,20,99,Unknown,99,Unknown EMS Hospital Arrival Time,,,,,,,1,
2023,26,260727,Michigan,1,1,0,1,1,1,1,125,OAKLAND (125),4020,PONTIAC,4,4,10,October,2023,4,Wednesday,21,9:00pm-9:59pm,21,21,1,This Section IS ON the NHS,2,Urban,3,Other Principal Arterial,4,City or Municipal Highway Agency,6,Municipal,MU-WALTON BLVD,,23,23,42.67813611,42.67813611,-83.254155560,-83.25415556,0,No Special Jurisdiction,8,Pedestrian,0,The First Harmful Event was Not a Collision with a Motor Vehicle in Transport,0,No,1,Non-Junction,1,Not an Intersection,0,None,,,1,On Roadway,2,Dark - Not Lighted,,,,,1,Clear,0,No,0000000,Not Applicable,21,9:00pm-9:59pm,21,21,21,9:00pm-9:59pm,27,27,88,"Not Applicable (Not Transported) ",88,Not Applicable (Not Transported),,,,,,,1,
2023,26,260728,Michigan,1,1,0,0,0,1,1,139,OTTAWA (139),0,NOT APPLICABLE,2,2,10,October,2023,2,Monday,11,11:00am-11:59am,10,10,0,This Section IS NOT on the NHS,2,Urban,5,Major Collector,2,County Highway Agency,4,County,CR-RILEY ST,,20,20,42.82609444,42.82609444,-86.171977780,-86.17197778,0,No Special Jurisdiction,42,Tree (Standing Only),0,The First Harmful Event was Not a Collision with a Motor Vehicle in Transport,0,No,1,Non-Junction,1,Not an Intersection,0,None,,,4,On Roadside,1,Daylight,,,,,1,Clear,0,No,0000000,Not Applicable,11,11:00am-11:59am,11,11,11,11:00am-11:59am,16,16,88,"Not Applicable (Not Transported) ",88,Not Applicable (Not Transported),,,,,,,1,
2023,26,260730,Michigan,2,2,0,0,0,4,4,145,SAGINAW (145),4350,SAGINAW,4,4,10,October,2023,4,Wednesday,20,8:00pm-8:59pm,16,16,0,This Section IS NOT on the NHS,2,Urban,4,Minor Arterial,4,City or Municipal Highway Agency,6,Municipal,MU-WILLIAMSON RD,,12,12,43.39541944,43.39541944,-83.942577780,-83.94257778,0,No Special Jurisdiction,5,Fell/Jumped from Vehicle,0,The First Harmful Event was Not a Collision with a Motor Vehicle in Transport,0,No,1,Non-Junction,1,Not an Intersection,0,None,,,1,On Roadway,3,Dark - Lighted,,,,,1,Clear,0,No,0000000,Not Applicable,99,Unknown,99,Unknown,99,Unknown EMS Scene Arrival Hour,99,Unknown EMS Scene Arrival Minutes,88,"Not Applicable (Not Transported) ",88,Not Applicable (Not Transported),,,,,,,1,
2023,26,260731,Michigan,2,2,0,0,0,3,3,155,SHIAWASSEE (155),3780,OWOSSO,3,3,10,October,2023,3,Tuesday,19,7:00pm-7:59pm,18,18,0,This Section IS NOT on the NHS,2,Urban,4,Minor Arterial,1,State Highway Agency,3,State Highway,SR-21 MAIN ST,LANSING ST,93,93,42.99767222,42.99767222,-84.182894440,-84.18289444,0,No Special Jurisdiction,12,Motor Vehicle In-Transport,6,Angle,0,No,2,Intersection,2,Four-Way Intersection,0,None,,,1,On Roadway,1,Daylight,,,,,1,Clear,0,No,0000000,Not Applicable,99,Unknown,98,Unknown if Notified,99,Unknown EMS Scene Arrival Hour,98,Unknown if Arrived,88,"Not Applicable (Not Transported) ",88,Not Applicable (Not Transported),,,,,,,1,
2023,26,260732,Michigan,1,1,0,1,1,1,1,99,MACOMB (99),1009,CLINTON TOWNSHIP,4,4,10,October,2023,4,Wednesday,7,7:00am-7:59am,0,0,1,This Section IS ON the NHS,2,Urban,3,Other Principal Arterial,1,State Highway Agency,3,State Highway,SR-97 GROESBECK HWY,15 MILE RD,83,83,42.55434722,42.55434722,-82.923711110,-82.92371111,0,No Special Jurisdiction,8,Pedestrian,0,The First Harmful Event was Not a Collision with a Motor Vehicle in Transport,0,No,3,Intersection-Related,2,Four-Way Intersection,0,None,,,1,On Roadway,3,Dark - Lighted,,,,,10,Cloudy,0,No,0000000,Not Applicable,99,Unknown,99,Unknown,99,Unknown EMS Scene Arrival Hour,99,Unknown EMS Scene Arrival Minutes,99,Unknown,99,Unknown EMS Hospital Arrival Time,,,,,,,1,
2023,26,260733,Michigan,1,1,0,1,1,1,1,49,GENESEE (49),0,NOT APPLICABLE,3,3,10,October,2023,3,Tuesday,9,9:00am-9:59am,2,2,0,This Section IS NOT on the NHS,2,Urban,5,Major Collector,2,County Highway Agency,4,County,CR-LINDEN RD,,293,293,43.19663056,43.19663056,-83.774402780,-83.77440278,0,No Special Jurisdiction,8,Pedestrian,0,The First Harmful Event was Not a Collision with a Motor Vehicle in Transport,0,No,1,Non-Junction,1,Not an Intersection,0,None,,,2,On Shoulder,1,Daylight,,,,,1,Clear,0,No,0000000,Not Applicable,99,Unknown,99,Unknown,99,Unknown EMS Scene Arrival Hour,99,Unknown EMS Scene Arrival Minutes,88,"Not Applicable (Not Transported) ",88,Not Applicable (Not Transported),,,,,,,1,
2023,26,260734,Michigan,2,2,0,0,0,7,7,163,WAYNE (163),1260,DETROIT,2,2,10,October,2023,2,Monday,15,3:00pm-3:59pm,55,55,1,This Section IS ON the NHS,2,Urban,2,Other Freeways and Expressways,1,State Highway Agency,3,State Highway,SR-10,,83,83,42.37551944,42.37551944,-83.087500000,-83.08750000,0,No Special Jurisdiction,12,Motor Vehicle In-Transport,7,Sideswipe - Same Direction,0,No,1,Non-Junction,1,Not an Intersection,0,None,,,1,On Roadway,1,Daylight,,,,,1,Clear,0,No,0000000,Not Applicable,99,Unknown,99,Unknown,99,Unknown EMS Scene Arrival Hour,99,Unknown EMS Scene Arrival Minutes,99,Unknown,99,Unknown EMS Hospital Arrival Time,,,,,,,1,
2023,26,260735,Michigan,1,1,0,0,0,1,1,163,WAYNE (163),1260,DETROIT,11,11,10,October,2023,4,Wednesday,21,9:00pm-9:59pm,24,24,1,This Section IS ON the NHS,2,Urban,3,Other Principal Arterial,4,City or Municipal Highway Agency,6,Municipal,MU-WYOMING ST,I-96 SERVICE DR,37,37,42.38485000,42.38485000,-83.158786110,-83.15878611,0,No Special Jurisdiction,38,Fence,0,The First Harmful Event was Not a Collision with a Motor Vehicle in Transport,0,No,3,Intersection-Related,2,Four-Way Intersection,0,None,,,4,On Roadside,3,Dark - Lighted,,,,,1,Clear,0,No,0000000,Not Applicable,99,Unknown,99,Unknown,99,Unknown EMS Scene Arrival Hour,99,Unknown EMS Scene Arrival Minutes,88,"Not Applicable (Not Transported) ",88,Not Applicable (Not Transported),,,,,,,1,
2023,26,260736,Michigan,1,1,0,1,1,1,1,121,MUSKEGON (121),0,NOT APPLICABLE,5,5,10,October,2023,5,Thursday,7,7:00am-7:59am,13,13,0,This Section IS NOT on the NHS,2,Urban,4,Minor Arterial,2,County Highway Agency,4,County,CR-E LAKETON AVE,,53,53,43.21969167,43.21969167,-86.175747220,-86.17574722,0,No Special Jurisdiction,15,Non-Motorist on Personal Conveyance,0,The First Harmful Event was Not a Collision with a Motor Vehicle in Transport,0,No,1,Non-Junction,1,Not an Intersection,0,None,,,1,On Roadway,2,Dark - Not Lighted,,,,,2,Rain,0,No,0000000,Not Applicable,7,7:00am-7:59am,16,16,7,7:00am-7:59am,22,22,99,Unknown,99,Unknown EMS Hospital Arrival Time,,,,,,,1,
2023,26,260737,Michigan,2,2,0,0,0,2,2,65,INGHAM (65),1430,EAST LANSING,11,11,10,October,2023,4,Wednesday,20,8:00pm-8:59pm,54,54,0,This Section IS NOT on the NHS,2,Urban,4,Minor Arterial,4,City or Municipal Highway Agency,6,Municipal,MU-ABBOT RD,LAKE LANSING RD,17,17,42.75931389,42.75931389,-84.483733330,-84.48373333,0,No Special Jurisdiction,12,Motor Vehicle In-Transport,6,Angle,0,No,2,Intersection,2,Four-Way Intersection,0,None,,,1,On Roadway,3,Dark - Lighted,,,,,10,Cloudy,0,No,0000000,Not Applicable,99,Unknown,99,Unknown,99,Unknown EMS Scene Arrival Hour,99,Unknown EMS Scene Arrival Minutes,99,Unknown,99,Unknown EMS Hospital Arrival Time,,,,,,,1,
2023,26,260738,Michigan,2,2,0,0,0,2,2,163,WAYNE (163),1260,DETROIT,5,5,10,October,2023,5,Thursday,0,0:00am-0:59am,39,39,1,This Section IS ON the NHS,2,Urban,3,Other Principal Arterial,2,County Highway Agency,4,County,CR-PLYMOUTH RD,GREENFIELD RD,73,73,42.37262500,42.37262500,-83.197638890,-83.19763889,0,No Special Jurisdiction,12,Motor Vehicle In-Transport,6,Angle,0,No,2,Intersection,2,Four-Way Intersection,0,None,,,1,On Roadway,3,Dark - Lighted,,,,,1,Clear,0,No,0000000,Not Applicable,99,Unknown,99,Unknown,99,Unknown EMS Scene Arrival Hour,99,Unknown EMS Scene Arrival Minutes,99,Unknown,99,Unknown EMS Hospital Arrival Time,,,,,,,1,
2023,26,260739,Michigan,2,2,0,0,0,3,3,163,WAYNE (163),4295,ROMULUS,14,14,10,October,2023,7,Saturday,10,10:00am-10:59am,14,14,1,This Section IS ON the NHS,2,Urban,3,Other Principal Arterial,2,County Highway Agency,4,County,CR-MIDDLEBELT RD,,79,79,42.23282500,42.23282500,-83.327652780,-83.32765278,0,No Special Jurisdiction,12,Motor Vehicle In-Transport,2,Front-to-Front,0,No,1,Non-Junction,1,Not an Intersection,0,None,,,1,On Roadway,1,Daylight,,,,,2,Rain,0,No,0000000,Not Applicable,10,10:00am-10:59am,14,14,10,10:00am-10:59am,20,20,99,Unknown,99,Unknown EMS Hospital Arrival Time,,,,,,,2,
2023,26,260740,Michigan,2,2,0,0,0,1,1,75,JACKSON (75),0,NOT APPLICABLE,6,6,10,October,2023,6,Friday,9,9:00am-9:59am,2,2,1,This Section IS ON the NHS,1,Rural,1,Interstate,1,State Highway Agency,1,Interstate,I-94,,78,78,42.26904167,42.26904167,-84.567563890,-84.56756389,0,No Special Jurisdiction,12,Motor Vehicle In-Transport,1,Front-to-Rear,0,No,1,Non-Junction,1,Not an Intersection,4,"Work Zone, Type Unknown",,,1,On Roadway,1,Daylight,,,,,1,Clear,0,No,0000000,Not Applicable,9,9:00am-9:59am,6,6,9,9:00am-9:59am,16,16,88,"Not Applicable (Not Transported) ",88,Not Applicable (Not Transported),,,,,,,1,
2023,26,260741,Michigan,2,2,0,0,0,3,3,55,GRAND TRAVERSE (55),0,NOT APPLICABLE,10,10,10,October,2023,3,Tuesday,12,12:00pm-12:59pm,35,35,1,This Section IS ON the NHS,1,Rural,3,Other Principal Arterial,1,State Highway Agency,3,State Highway,SR-37,,26,26,44.59233056,44.59233056,-85.656019440,-85.65601944,0,No Special Jurisdiction,12,Motor Vehicle In-Transport,2,Front-to-Front,0,No,1,Non-Junction,1,Not an Intersection,0,None,,,1,On Roadway,1,Daylight,,,,,2,Rain,0,No,0000000,Not Applicable,12,12:00pm-12:59pm,37,37,12,12:00pm-12:59pm,42,42,99,Unknown,99,Unknown EMS Hospital Arrival Time,,,,,,,1,
2023,26,260742,Michigan,2,2,0,0,0,2,2,21,BERRIEN (21),0,NOT APPLICABLE,15,15,10,October,2023,1,Sunday,5,5:00am-5:59am,0,0,1,This Section IS ON the NHS,1,Rural,1,Interstate,1,State Highway Agency,1,Interstate,I-94,,134,134,41.91014722,41.91014722,-86.580191670,-86.58019167,0,No Special Jurisdiction,12,Motor Vehicle In-Transport,1,Front-to-Rear,0,No,1,Non-Junction,1,Not an Intersection,0,None,,,1,On Roadway,2,Dark - Not Lighted,,,,,1,Clear,0,No,0000000,Not Applicable,5,5:00am-5:59am,2,2,5,5:00am-5:59am,13,13,99,Unknown,99,Unknown EMS Hospital Arrival Time,,,,,,,1,
2023,26,260743,Michigan,2,2,0,0,0,2,2,145,SAGINAW (145),0,NOT APPLICABLE,11,11,10,October,2023,4,Wednesday,23,11:00pm-11:59pm,25,25,0,This Section IS NOT on the NHS,1,Rural,4,Minor Arterial,2,County Highway Agency,4,County,CR-N PORTSMOUTH RD,,67,67,43.43366389,43.43366389,-83.836388890,-83.83638889,0,No Special Jurisdiction,12,Motor Vehicle In-Transport,2,Front-to-Front,0,No,1,Non-Junction,1,Not an Intersection,0,None,,,1,On Roadway,2,Dark - Not Lighted,,,,,1,Clear,0,No,0000000,Not Applicable,23,11:00pm-11:59pm,23,23,23,11:00pm-11:59pm,29,29,99,Unknown,99,Unknown EMS Hospital Arrival Time,,,,,,,2,