caseyear,state,st_case,statename,ve_total,ve_forms,pvh_invl,peds,pernotmvit,permvit,persons,county,countyname,city,cityname,day,dayname,month,monthname,year,day_week,day_weekname,hour,hourname,minute,minutename,nhs,nhsname,rur_urb,rur_urbname,func_sys,func_sysname,rd_owner,rd_ownername,route,routename,tway_id,tway_id2,milept,mileptname,latitude,latitudename,longitud,longitudname,sp_jur,sp_jurname,harm_ev,harm_evname,man_coll,man_collname,reljct1,reljct1name,reljct2,reljct2name,typ_int,typ_intname,wrk_zone,wrk_zonename,road_fnc,road_fncname,rel_road,rel_roadname,lgt_cond,lgt_condname,weather1,weather1name,weather2,weather2name,weather,weathername,sch_bus,sch_busname,rail,railname,not_hour,not_hourname,not_min,not_minname,arr_hour,arr_hourname,arr_min,arr_minname,hosp_hr,hosp_hrname,hosp_mn,hosp_mnname,cf1,cf1name,cf2,cf2name,cf3,cf3name,fatals,drunk_dr
2023,26,260744,Michigan,3,2,1,0,0,2,2,163,WAYNE (163),1260,DETROIT,6,6,10,October,2023,6,Friday,15,3:00pm-3:59pm,0,0,0,This Section IS NOT on the NHS,2,Urban,7,Local,4,City or Municipal Highway Agency,6,Municipal,MU-BURLINGAME,WILDEMERE ST,2,2,42.38002222,42.38002222,-83.120066670,-83.12006667,0,No Special Jurisdiction,12,Motor Vehicle In-Transport,6,Angle,0,No,2,Intersection,2,Four-Way Intersection,0,None,,,1,On Roadway,1,Daylight,,,,,1,Clear,0,No,0000000,Not Applicable,99,Unknown,99,Unknown,99,Unknown EMS Scene Arrival Hour,99,Unknown EMS Scene Arrival Minutes,88,"Not Applicable (Not Transported) ",88,Not Applicable (Not Transported),,,,,,,1,
2023,26,260745,Michigan,3,1,2,0,0,2,2,35,CLARE (35),930,CLARE,10,10,10,October,2023,3,Tuesday,18,6:00pm-6:59pm,55,55,0,This Section IS NOT on the NHS,2,Urban,4,Minor Arterial,1,State Highway Agency,3,State Highway,SR-W 5TH ST,,170,170,43.81961111,43.81961111,-84.772716670,-84.77271667,0,No Special Jurisdiction,30,Utility Pole/Light Support,0,The First Harmful Event was Not a Collision with a Motor Vehicle in Transport,0,No,1,Non-Junction,1,Not an Intersection,0,None,,,4,On Roadside,1,Daylight,,,,,1,Clear,0,No,0000000,Not Applicable,99,Unknown,99,Unknown,99,Unknown EMS Scene Arrival Hour,99,Unknown EMS Scene Arrival Minutes,88,"Not Applicable (Not Transported) ",88,Not Applicable (Not Transported),,,,,,,2,
2023,26,260746,Michigan,1,1,0,0,0,2,2,161,WASHTENAW (161),0,NOT APPLICABLE,15,15,10,October,2023,1,Sunday,7,7:00am-7:59am,37,37,0,This Section IS NOT on the NHS,2,Urban,5,Major Collector,2,County Highway Agency,4,County,CR-HURON RIVER DR,,6,6,42.33645833,42.33645833,-83.870022220,-83.87002222,0,No Special Jurisdiction,42,Tree (Standing Only),0,The First Harmful Event was Not a Collision with a Motor Vehicle in Transport,0,No,1,Non-Junction,1,Not an Intersection,0,None,,,4,On Roadside,4,Dawn,,,,,1,Clear,0,No,0000000,Not Applicable,7,7:00am-7:59am,41,41,7,7:00am-7:59am,43,43,99,Unknown,99,Unknown EMS Hospital Arrival Time,,,,,,,1,
2023,26,260747,Michigan,2,2,0,0,0,2,2,99,MACOMB (99),919,CHESTERFIELD TOWNSHIP,6,6,10,October,2023,6,Friday,15,3:00pm-3:59pm,46,46,1,This Section IS ON the NHS,2,Urban,3,Other Principal Arterial,1,State Highway Agency,3,State Highway,SR-3 GRATIOT AVE,,53,53,42.67257500,42.67257500,-82.834988890,-82.83498889,0,No Special Jurisdiction,12,Motor Vehicle In-Transport,6,Angle,0,No,8,Driveway Access Related,1,Not an Intersection,0,None,,,1,On Roadway,1,Daylight,,,,,1,Clear,0,No,0000000,Not Applicable,99,Unknown,99,Unknown,99,Unknown EMS Scene Arrival Hour,99,Unknown EMS Scene Arrival Minutes,99,Unknown,99,Unknown EMS Hospital Arrival Time,,,,,,,1,
2023,26,260748,Michigan,2,2,0,0,0,3,3,49,GENESEE (49),0,NOT APPLICABLE,13,13,10,October,2023,6,Friday,13,1:00pm-1:59pm,7,7,1,This Section IS ON the NHS,2,Urban,3,Other Principal Arterial,2,County Highway Agency,4,County,CR-E HILL RD,RAMP 026D,89,89,42.94403889,42.94403889,-83.678916670,-83.67891667,0,No Special Jurisdiction,12,Motor Vehicle In-Transport,6,Angle,1,Yes,2,Intersection,3,T-Intersection,0,None,,,1,On Roadway,1,Daylight,,,,,1,Clear,0,No,0000000,Not Applicable,13,1:00pm-1:59pm,8,8,13,1:00pm-1:59pm,10,10,99,Unknown,99,Unknown EMS Hospital Arrival Time,,,,,,,1,
2023,26,260749,Michigan,1,1,0,1,1,1,1,91,LENAWEE (91),0,NOT APPLICABLE,17,17,10,October,2023,3,Tuesday,6,6:00am-6:59am,52,52,0,This Section IS NOT on the NHS,1,Rural,7,Local,2,County Highway Agency,4,County,CR-ALLEN RD,,26,26,42.03715278,42.03715278,-83.895230560,-83.89523056,0,No Special Jurisdiction,8,Pedestrian,0,The First Harmful Event was Not a Collision with a Motor Vehicle in Transport,0,No,1,Non-Junction,1,Not an Intersection,0,None,,,1,On Roadway,2,Dark - Not Lighted,,,,,1,Clear,1,Yes,0000000,Not Applicable,6,6:00am-6:59am,53,53,7,7:00am-7:59am,3,3,88,"Not Applicable (Not Transported) ",88,Not Applicable (Not Transported),,,,,,,1,
2023,26,260750,Michigan,2,2,0,0,0,3,3,121,MUSKEGON (121),0,NOT APPLICABLE,16,16,10,October,2023,2,Monday,19,7:00pm-7:59pm,39,39,0,This Section IS NOT on the NHS,1,Rural,7,Local,2,County Highway Agency,4,County,CR-W MCMILLAN RD,,8,8,43.31292500,43.31292500,-86.376188890,-86.37618889,0,No Special Jurisdiction,12,Motor Vehicle In-Transport,8,Sideswipe - Opposite Direction,0,No,1,Non-Junction,1,Not an Intersection,0,None,,,1,On Roadway,2,Dark - Not Lighted,,,,,1,Clear,0,No,0000000,Not Applicable,99,Unknown,99,Unknown,99,Unknown EMS Scene Arrival Hour,99,Unknown EMS Scene Arrival Minutes,99,Unknown,99,Unknown EMS Hospital Arrival Time,,,,,,,1,
2023,26,260751,Michigan,2,1,1,0,2,1,3,25,CALHOUN (25),0,NOT APPLICABLE,18,18,10,October,2023,4,Wednesday,5,5:00am-5:59am,17,17,1,This Section IS ON the NHS,2,Urban,1,Interstate,1,State Highway Agency,1,Interstate,I-69,,70,70,42.16864167,42.16864167,-84.987802780,-84.98780278,0,No Special Jurisdiction,14,Parked Motor Vehicle,0,The First Harmful Event was Not a Collision with a Motor Vehicle in Transport,0,No,1,Non-Junction,1,Not an Intersection,0,None,,,4,On Roadside,2,Dark - Not Lighted,,,,,1,Clear,0,No,0000000,Not Applicable,5,5:00am-5:59am,17,17,5,5:00am-5:59am,31,31,99,Unknown,99,Unknown EMS Hospital Arrival Time,,,,,,,1,
2023,26,260752,Michigan,1,1,0,0,0,2,2,27,CASS (27),0,NOT APPLICABLE,22,22,10,October,2023,1,Sunday,0,0:00am-0:59am,8,8,0,This Section IS NOT on the NHS,2,Urban,4,Minor Arterial,2,County Highway Agency,4,County,CR-OLD M-205,,7,7,41.76711389,41.76711389,-85.970058330,-85.97005833,0,No Special Jurisdiction,42,Tree (Standing Only),0,The First Harmful Event was Not a Collision with a Motor Vehicle in Transport,0,No,1,Non-Junction,1,Not an Intersection,0,None,,,4,On Roadside,2,Dark - Not Lighted,,,,,1,Clear,0,No,0000000,Not Applicable,99,Unknown,99,Unknown,99,Unknown EMS Scene Arrival Hour,99,Unknown EMS Scene Arrival Minutes,99,Unknown,99,Unknown EMS Hospital Arrival Time,,,,,,,1,
2023,26,260753,Michigan,2,2,0,0,0,2,2,137,OTSEGO (137),0,NOT APPLICABLE,18,18,10,October,2023,4,Wednesday,11,11:00am-11:59am,20,20,0,This Section IS NOT on the NHS,1,Rural,5,Major Collector,2,County Highway Agency,4,County,CR-HAYES TOWER RD,VAN TYLE,86,86,45.01814444,45.01814444,-84.767888890,-84.76788889,0,No Special Jurisdiction,12,Motor Vehicle In-Transport,6,Angle,0,No,2,Intersection,2,Four-Way Intersection,0,None,,,1,On Roadway,1,Daylight,,,,,1,Clear,0,No,0000000,Not Applicable,99,Unknown,99,Unknown,99,Unknown EMS Scene Arrival Hour,99,Unknown EMS Scene Arrival Minutes,99,Unknown,99,Unknown EMS Hospital Arrival Time,,,,,,,1,
2023,26,260754,Michigan,2,2,0,0,0,2,2,123,NEWAYGO (123),0,NOT APPLICABLE,20,20,10,October,2023,6,Friday,8,8:00am-8:59am,0,0,0,This Section IS NOT on the NHS,1,Rural,5,Major Collector,2,County Highway Agency,4,County,CR-SPRUCE AVE,82ND ST,78,78,43.40508611,43.40508611,-85.742091670,-85.74209167,0,No Special Jurisdiction,12,Motor Vehicle In-Transport,6,Angle,0,No,2,Intersection,2,Four-Way Intersection,0,None,,,1,On Roadway,4,Dawn,,,,,2,Rain,0,No,0000000,Not Applicable,99,Unknown,99,Unknown,99,Unknown EMS Scene Arrival Hour,99,Unknown EMS Scene Arrival Minutes,88,"Not Applicable (Not Transported) ",88,Not Applicable (Not Transported),,,,,,,1,
2023,26,260755,Michigan,1,1,0,0,0,1,1,37,CLINTON (37),0,NOT APPLICABLE,22,22,10,October,2023,1,Sunday,1,1:00am-1:59am,49,49,1,This Section IS ON the NHS,2,Urban,1,Interstate,1,State Highway Agency,1,Interstate,I-69 RAMP 011D,,2,2,42.78261111,42.78261111,-84.403269440,-84.40326944,0,No Special Jurisdiction,1,Rollover/Overturn,0,The First Harmful Event was Not a Collision with a Motor Vehicle in Transport,1,Yes,5,Entrance/Exit Ramp Related,1,Not an Intersection,0,None,,,4,On Roadside,2,Dark - Not Lighted,,,,,1,Clear,0,No,0000000,Not Applicable,1,1:00am-1:59am,49,49,99,Unknown EMS Scene Arrival Hour,99,Unknown EMS Scene Arrival Minutes,88,"Not Applicable (Not Transported) ",88,Not Applicable (Not Transported),,,,,,,1,
2023,26,260756,Michigan,1,1,0,1,1,2,2,35,CLARE (35),0,NOT APPLICABLE,19,19,10,October,2023,5,Thursday,20,8:00pm-8:59pm,49,49,0,This Section IS NOT on the NHS,1,Rural,4,Minor Arterial,1,State Highway Agency,3,State Highway,SR-61 N CLARE AVE,,159,159,44.00810000,44.00810000,-84.787994440,-84.78799444,0,No Special Jurisdiction,8,Pedestrian,0,The First Harmful Event was Not a Collision with a Motor Vehicle in Transport,0,No,1,Non-Junction,1,Not an Intersection,0,None,,,1,On Roadway,2,Dark - Not Lighted,,,,,2,Rain,0,No,0000000,Not Applicable,20,8:00pm-8:59pm,51,51,20,8:00pm-8:59pm,54,54,99,Unknown,99,Unknown EMS Hospital Arrival Time,,,,,,,1,
2023,26,260757,Michigan,2,2,0,0,0,4,4,55,GRAND TRAVERSE (55),0,NOT APPLICABLE,16,16,10,October,2023,2,Monday,13,1:00pm-1:59pm,10,10,0,This Section IS NOT on the NHS,1,Rural,5,Major Collector,2,County Highway Agency,4,County,CR-GARFIELD RD,HOCK RD,91,91,44.68620278,44.68620278,-85.582083330,-85.58208333,0,No Special Jurisdiction,12,Motor Vehicle In-Transport,6,Angle,0,No,2,Intersection,2,Four-Way Intersection,0,None,,,1,On Roadway,1,Daylight,,,,,1,Clear,0,No,0000000,Not Applicable,13,1:00pm-1:59pm,18,18,13,1:00pm-1:59pm,25,25,99,Unknown,99,Unknown EMS Hospital Arrival Time,,,,,,,1,
2023,26,260758,Michigan,2,2,0,0,0,3,3,165,WEXFORD (165),0,NOT APPLICABLE,21,21,10,October,2023,7,Saturday,19,7:00pm-7:59pm,53,53,1,This Section IS ON the NHS,1,Rural,3,Other Principal Arterial,1,State Highway Agency,2,U.S. Highway,US-131,,256,256,44.50013889,44.50013889,-85.405880560,-85.40588056,0,No Special Jurisdiction,12,Motor Vehicle In-Transport,2,Front-to-Front,0,No,1,Non-Junction,1,Not an Intersection,0,None,,,1,On Roadway,2,Dark - Not Lighted,,,,,1,Clear,0,No,0000000,Not Applicable,19,7:00pm-7:59pm,57,57,20,8:00pm-8:59pm,6,6,99,Unknown,99,Unknown EMS Hospital Arrival Time,,,,,,,1,
2023,26,260759,Michigan,1,1,0,0,0,1,1,77,KALAMAZOO (77),2520,KALAMAZOO,5,5,10,October,2023,5,Thursday,19,7:00pm-7:59pm,7,7,1,This Section IS ON the NHS,2,Urban,3,Other Principal Arterial,4,City or Municipal Highway Agency,6,Municipal,MU-PARK ST,,7,7,42.28168889,42.28168889,-85.587200000,-85.58720000,0,No Special Jurisdiction,33,Curb,0,The First Harmful Event was Not a Collision with a Motor Vehicle in Transport,0,No,1,Non-Junction,1,Not an Intersection,0,None,,,4,On Roadside,2,Dark - Not Lighted,,,,,2,Rain,0,No,0000000,Not Applicable,99,Unknown,99,Unknown,99,Unknown EMS Scene Arrival Hour,99,Unknown EMS Scene Arrival Minutes,99,Unknown,99,Unknown EMS Hospital Arrival Time,,,,,,,1,
2023,26,260760,Michigan,2,2,0,0,0,2,2,99,MACOMB (99),5110,WARREN,1,1,10,October,2023,1,Sunday,12,12:00pm-12:59pm,26,26,1,This Section IS ON the NHS,2,Urban,3,Other Principal Arterial,1,State Highway Agency,3,State Highway,SR-97 GROESBECK HWY,SCHOENHERR RD,17,17,42.47067222,42.47067222,-82.986472220,-82.98647222,0,No Special Jurisdiction,12,Motor Vehicle In-Transport,6,Angle,0,No,2,Intersection,2,Four-Way Intersection,0,None,,,1,On Roadway,1,Daylight,,,,,1,Clear,0,No,0000000,Not Applicable,99,Unknown,99,Unknown,99,Unknown EMS Scene Arrival Hour,99,Unknown EMS Scene Arrival Minutes,99,Unknown,99,Unknown EMS Hospital Arrival Time,,,,,,,1,
2023,26,260761,Michigan,1,1,0,0,0,1,1,59,HILLSDALE (59),0,NOT APPLICABLE,19,19,10,October,2023,5,Thursday,10,10:00am-10:59am,32,32,0,This Section IS NOT on the NHS,1,Rural,5,Major Collector,2,County Highway Agency,4,County,CR-READING RD,,10,10,41.84730000,41.84730000,-84.591972220,-84.59197222,0,No Special Jurisdiction,42,Tree (Standing Only),0,The First Harmful Event was Not a Collision with a Motor Vehicle in Transport,0,No,1,Non-Junction,1,Not an Intersection,0,None,,,4,On Roadside,1,Daylight,,,,,2,Rain,0,No,0000000,Not Applicable,10,10:00am-10:59am,36,36,10,10:00am-10:59am,57,57,88,"Not Applicable (Not Transported) ",88,Not Applicable (Not Transported),,,,,,,1,
2023,26,260762,Michigan,2,2,0,0,0,5,5,81,KENT (81),5319,WYOMING,23,23,10,October,2023,2,Monday,7,7:00am-7:59am,19,19,1,This Section IS ON the NHS,2,Urban,3,Other Principal Arterial,1,State Highway Agency,3,State Highway,SR-196 CHICAGO DR,,42,42,42.93518611,42.93518611,-85.710633330,-85.71063333,0,No Special Jurisdiction,12,Motor Vehicle In-Transport,2,Front-to-Front,0,No,1,Non-Junction,1,Not an Intersection,0,None,,,1,On Roadway,4,Dawn,,,,,1,Clear,0,No,0000000,Not Applicable,7,7:00am-7:59am,19,19,7,7:00am-7:59am,24,24,99,Unknown,99,Unknown EMS Hospital Arrival Time,,,,,,,1,
2023,26,260763,Michigan,5,5,0,0,0,5,5,77,KALAMAZOO (77),1084,COMSTOCK,23,23,10,October,2023,2,Monday,21,9:00pm-9:59pm,19,19,0,This Section IS NOT on the NHS,2,Urban,4,Minor Arterial,1,State Highway Agency,3,State Highway,SR-96 E MICHIGAN AVE,,64,64,42.28858333,42.28858333,-85.454413890,-85.45441389,0,No Special Jurisdiction,12,Motor Vehicle In-Transport,1,Front-to-Rear,0,No,1,Non-Junction,1,Not an Intersection,0,None,,,1,On Roadway,2,Dark - Not Lighted,,,,,1,Clear,0,No,0000000,Not Applicable,21,9:00pm-9:59pm,21,21,21,9:00pm-9:59pm,29,29,88,"Not Applicable (Not Transported) ",88,Not Applicable (Not Transported),,,,,,,1,
2023,26,260764,Michigan,1,1,0,1,1,1,1,49,GENESEE (49),1730,FLINT,15,15,10,October,2023,1,Sunday,20,8:00pm-8:59pm,15,15,1,This Section IS ON the NHS,2,Urban,3,Other Principal Arterial,1,State Highway Agency,3,State Highway,SR-54 DORT HWY,,81,81,43.01977778,43.01977778,-83.654702780,-83.65470278,0,No Special Jurisdiction,8,Pedestrian,0,The First Harmful Event was Not a Collision with a Motor Vehicle in Transport,0,No,1,Non-Junction,1,Not an Intersection,0,None,,,1,On Roadway,3,Dark - Lighted,,,,,2,Rain,0,No,0000000,Not Applicable,20,8:00pm-8:59pm,16,16,20,8:00pm-8:59pm,20,20,99,Unknown,99,Unknown EMS Hospital Arrival Time,,,,,,,1,
2023,26,260765,Michigan,2,2,0,1,1,2,2,163,WAYNE (163),1260,DETROIT,21,21,10,October,2023,7,Saturday,20,8:00pm-8:59pm,0,0,1,This Section IS ON the NHS,2,Urban,3,Other Principal Arterial,2,County Highway Agency,4,County,CR-7 MILE RD,,134,134,42.43120833,42.43120833,-83.170336110,-83.17033611,0,No Special Jurisdiction,8,Pedestrian,0,The First Harmful Event was Not a Collision with a Motor Vehicle in Transport,0,No,1,Non-Junction,1,Not an Intersection,0,None,,,1,On Roadway,2,Dark - Not Lighted,,,,,10,Cloudy,0,No,0000000,Not Applicable,99,Unknown,99,Unknown,99,Unknown EMS Scene Arrival Hour,99,Unknown EMS Scene Arrival Minutes,88,"Not Applicable (Not Transported) ",88,Not Applicable (Not Transported),,,,,,,1,
2023,26,260766,Michigan,1,1,0,0,0,1,1,77,KALAMAZOO (77),0,NOT APPLICABLE,25,25,10,October,2023,4,Wednesday,5,5:00am-5:59am,36,36,0,This Section IS NOT on the NHS,1,Rural,7,Local,2,County Highway Agency,4,County,CR-S 42ND ST,,2,2,42.21975000,42.21975000,-85.354847220,-85.35484722,0,No Special Jurisdiction,11,Live Animal,0,The First Harmful Event was Not a Collision with a Motor Vehicle in Transport,0,No,1,Non-Junction,1,Not an Intersection,0,None,,,1,On Roadway,2,Dark - Not Lighted,,,,,1,Clear,0,No,0000000,Not Applicable,5,5:00am-5:59am,40,40,5,5:00am-5:59am,46,46,88,"Not Applicable (Not Transported) ",88,Not Applicable (Not Transported),,,,,,,1,
2023,26,260767,Michigan,1,1,0,0,0,2,2,5,ALLEGAN (5),2290,HOLLAND,21,21,10,October,2023,7,Saturday,7,7:00am-7:59am,21,21,1,This Section IS ON the NHS,2,Urban,1,Interstate,1,State Highway Agency,1,Interstate,I-196,,251,251,42.73681111,42.73681111,-86.108311110,-86.10831111,0,No Special Jurisdiction,11,Live Animal,0,The First Harmful Event was Not a Collision with a Motor Vehicle in Transport,0,No,1,Non-Junction,1,Not an Intersection,0,None,,,1,On Roadway,2,Dark - Not Lighted,,,,,10,Cloudy,0,No,0000000,Not Applicable,7,7:00am-7:59am,24,24,7,7:00am-7:59am,34,34,99,Unknown,99,Unknown EMS Hospital Arrival Time,,,,,,,1,
2023,26,260768,Michigan,2,2,0,0,0,2,2,49,GENESEE (49),0,NOT APPLICABLE,26,26,10,October,2023,5,Thursday,13,1:00pm-1:59pm,43,43,0,This Section IS NOT on the NHS,2,Urban,5,Major Collector,2,County Highway Agency,4,County,CR-MCCANDLISH RD,MISTY MEADOWS,20,20,42.90936667,42.90936667,-83.588638890,-83.58863889,0,No Special Jurisdiction,12,Motor Vehicle In-Transport,6,Angle,0,No,2,Intersection,2,Four-Way Intersection,0,None,,,1,On Roadway,1,Daylight,,,,,10,Cloudy,0,No,0000000,Not Applicable,13,1:00pm-1:59pm,44,44,13,1:00pm-1:59pm,53,53,99,Unknown,99,Unknown EMS Hospital Arrival Time,,,,,,,1,
2023,26,260769,Michigan,1,1,0,0,0,1,1,159,VAN BUREN (159),0,NOT APPLICABLE,24,24,10,October,2023,3,Tuesday,16,4:00pm-4:59pm,20,20,0,This Section IS NOT on the NHS,1,Rural,5,Major Collector,2,County Highway Agency,4,County,CR-378,,65,65,42.30877500,42.30877500,-86.174605560,-86.17460556,0,No Special Jurisdiction,32,Culvert,0,The First Harmful Event was Not a Collision with a Motor Vehicle in Transport,0,No,1,Non-Junction,1,Not an Intersection,0,None,,,4,On Roadside,1,Daylight,,,,,1,Clear,0,No,0000000,Not Applicable,16,4:00pm-4:59pm,22,22,16,4:00pm-4:59pm,25,25,88,"Not Applicable (Not Transported) ",88,Not Applicable (Not Transported),,,,,,,1,
2023,26,260770,Michigan,2,2,0,0,0,3,3,107,MECOSTA (107),0,NOT APPLICABLE,16,16,10,October,2023,2,Monday,14,2:00pm-2:59pm,44,44,1,This Section IS ON the NHS,2,Urban,3,Other Principal Arterial,1,State Highway Agency,3,State Highway,SR-20 PERRY ST,215TH AVE,34,34,43.68830278,43.68830278,-85.511772220,-85.51177222,0,No Special Jurisdiction,12,Motor Vehicle In-Transport,6,Angle,0,No,2,Intersection,2,Four-Way Intersection,0,None,,,1,On Roadway,1,Daylight,,,,,10,Cloudy,0,No,0000000,Not Applicable,99,Unknown,99,Unknown,99,Unknown EMS Scene Arrival Hour,99,Unknown EMS Scene Arrival Minutes,99,Unknown,99,Unknown EMS Hospital Arrival Time,,,,,,,1,
2023,26,260771,Michigan,1,1,0,1,1,1,1,99,MACOMB (99),4330,ROSEVILLE,17,17,10,October,2023,3,Tuesday,5,5:00am-5:59am,41,41,1,This Section IS ON the NHS,2,Urban,1,Interstate,1,State Highway Agency,1,Interstate,I-94 RAMP 006D,LITTLE MACK AVE,0,None,42.52850278,42.52850278,-82.909377780,-82.90937778,0,No Special Jurisdiction,8,Pedestrian,0,The First Harmful Event was Not a Collision with a Motor Vehicle in Transport,1,Yes,3,Intersection-Related,2,Four-Way Intersection,0,None,,,1,On Roadway,3,Dark - Lighted,,,,,1,Clear,0,No,0000000,Not Applicable,99,Unknown,99,Unknown,99,Unknown EMS Scene Arrival Hour,99,Unknown EMS Scene Arrival Minutes,99,Unknown,99,Unknown EMS Hospital Arrival Time,,,,,,,1,
2023,26,260772,Michigan,1,1,0,0,0,4,4,125,OAKLAND (125),203,AUBURN HEIGHTS,25,25,10,October,2023,4,Wednesday,17,5:00pm-5:59pm,59,59,1,This Section IS ON the NHS,2,Urban,1,Interstate,1,State Highway Agency,1,Interstate,I-75,,239,239,42.70017222,42.70017222,-83.281250000,-83.28125000,0,No Special Jurisdiction,1,Rollover/Overturn,0,The First Harmful Event was Not a Collision with a Motor Vehicle in Transport,0,No,1,Non-Junction,1,Not an Intersection,0,None,,,3,On Median,5,Dusk,,,,,10,Cloudy,0,No,0000000,Not Applicable,18,6:00pm-6:59pm,0,0,18,6:00pm-6:59pm,10,10,99,Unknown,99,Unknown EMS Hospital Arrival Time,,,,,,,1,
2023,26,260773,Michigan,2,2,0,0,0,3,3,81,KENT (81),0,NOT APPLICABLE,17,17,10,October,2023,3,Tuesday,14,2:00pm-2:59pm,10,10,1,This Section IS ON the NHS,2,Urban,1,Interstate,1,State Highway Agency,1,Interstate,I-96,,211,211,42.88828611,42.88828611,-85.488305560,-85.48830556,0,No Special Jurisdiction,12,Motor Vehicle In-Transport,1,Front-to-Rear,0,No,1,Non-Junction,1,Not an Intersection,2,Maintenance,,,1,On Roadway,1,Daylight,,,,,1,Clear,0,No,0000000,Not Applicable,99,Unknown,99,Unknown,99,Unknown EMS Scene Arrival Hour,99,Unknown EMS Scene Arrival Minutes,99,Unknown,99,Unknown EMS Hospital Arrival Time,,,,,,,1,
2023,26,260774,Michigan,1,1,0,1,1,1,1,81,KENT (81),0,NOT APPLICABLE,27,27,10,October,2023,6,Friday,19,7:00pm-7:59pm,42,42,0,This Section IS NOT on the NHS,2,Urban,3,Other Principal Arterial,2,County Highway Agency,4,County,CR-68TH ST,DIVISION AVE,20,20,42.84066389,42.84066389,-85.663533330,-85.66353333,0,No Special Jurisdiction,8,Pedestrian,0,The First Harmful Event was Not a Collision with a Motor Vehicle in Transport,0,No,3,Intersection-Related,2,Four-Way Intersection,0,None,,,1,On Roadway,3,Dark - Lighted,,,,,1,Clear,0,No,0000000,Not Applicable,19,7:00pm-7:59pm,42,42,19,7:00pm-7:59pm,46,46,99,Unknown,99,Unknown EMS Hospital Arrival Time,,,,,,,1,
2023,26,260775,Michigan,2,2,0,0,0,4,4,117,MONTCALM (117),0,NOT APPLICABLE,27,27,10,October,2023,6,Friday,20,8:00pm-8:59pm,47,47,0,This Section IS NOT on the NHS,1,Rural,5,Major Collector,2,County Highway Agency,4,County,CR-W STANTON RD,,28,28,43.31610556,43.31610556,-85.443097220,-85.44309722,0,No Special Jurisdiction,18,Other Object (not fixed),0,The First Harmful Event was Not a Collision with a Motor Vehicle in Transport,0,No,1,Non-Junction,1,Not an Intersection,0,None,,,1,On Roadway,2,Dark - Not Lighted,,,,,2,Rain,0,No,0000000,Not Applicable,20,8:00pm-8:59pm,44,44,20,8:00pm-8:59pm,57,57,99,Unknown,99,Unknown EMS Hospital Arrival Time,,,,,,,2,
2023,26,260776,Michigan,2,2,0,0,0,3,3,73,ISABELLA (73),0,NOT APPLICABLE,25,25,10,October,2023,4,Wednesday,9,9:00am-9:59am,17,17,0,This Section IS NOT on the NHS,1,Rural,7,Local,2,County Highway Agency,4,County,CR-STEVENSON LAKE RD,,15,15,43.76991667,43.76991667,-85.003525000,-85.00352500,0,No Special Jurisdiction,12,Motor Vehicle In-Transport,1,Front-to-Rear,0,No,1,Non-Junction,1,Not an Intersection,0,None,,,1,On Roadway,1,Daylight,,,,,10,Cloudy,0,No,0000000,Not Applicable,99,Unknown,99,Unknown,99,Unknown EMS Scene Arrival Hour,99,Unknown EMS Scene Arrival Minutes,88,"Not Applicable (Not Transported) ",88,Not Applicable (Not Transported),,,,,,,1,
2023,26,260777,Michigan,1,1,0,0,0,2,2,73,ISABELLA (73),0,NOT APPLICABLE,25,25,10,October,2023,4,Wednesday,2,2:00am-2:59am,55,55,0,This Section IS NOT on the NHS,1,Rural,5,Major Collector,2,County Highway Agency,4,County,CR-MISSION RD,,83,83,43.73798611,43.73798611,-84.767636110,-84.76763611,0,No Special Jurisdiction,11,Live Animal,0,The First Harmful Event was Not a Collision with a Motor Vehicle in Transport,0,No,1,Non-Junction,1,Not an Intersection,0,None,,,1,On Roadway,2,Dark - Not Lighted,,,,,10,Cloudy,0,No,0000000,Not Applicable,99,Unknown,99,Unknown,99,Unknown EMS Scene Arrival Hour,99,Unknown EMS Scene Arrival Minutes,99,Unknown,99,Unknown EMS Hospital Arrival Time,,,,,,,1,
2023,26,260778,Michigan,1,1,0,1,1,1,1,163,WAYNE (163),1260,DETROIT,2,2,10,October,2023,2,Monday,23,11:00pm-11:59pm,19,19,1,This Section IS ON the NHS,2,Urban,1,Interstate,1,State Highway Agency,1,Interstate,I-94,,342,342,42.40400556,42.40400556,-82.963408330,-82.96340833,0,No Special Jurisdiction,8,Pedestrian,0,The First Harmful Event was Not a Collision with a Motor Vehicle in Transport,0,No,1,Non-Junction,1,Not an Intersection,0,None,,,1,On Roadway,2,Dark - Not Lighted,,,,,1,Clear,0,No,0000000,Not Applicable,99,Unknown,99,Unknown,99,Unknown EMS Scene Arrival Hour,99,Unknown EMS Scene Arrival Minutes,88,"Not Applicable (Not Transported) ",88,Not Applicable (Not Transported),,,,,,,1,
2023,26,260779,Michigan,1,1,0,1,1,1,1,163,WAYNE (163),1260,DETROIT,25,25,10,October,2023,4,Wednesday,21,9:00pm-9:59pm,45,45,1,This Section IS ON the NHS,2,Urban,3,Other Principal Arterial,2,County Highway Agency,4,County,CR-MCNICHOLS RD,,179,179,42.41591667,42.41591667,-83.201758330,-83.20175833,0,No Special Jurisdiction,8,Pedestrian,0,The First Harmful Event was Not a Collision with a Motor Vehicle in Transport,0,No,1,Non-Junction,1,Not an Intersection,0,None,,,1,On Roadway,2,Dark - Not Lighted,,,,,2,Rain,0,No,0000000,Not Applicable,99,Unknown,99,Unknown,99,Unknown EMS Scene Arrival Hour,99,Unknown EMS Scene Arrival Minutes,88,"Not Applicable (Not Transported) ",88,Not Applicable (Not Transported),,,,,,,1,