caseyear,state,st_case,statename,ve_total,ve_forms,pvh_invl,peds,pernotmvit,permvit,persons,county,countyname,city,cityname,day,dayname,month,monthname,year,day_week,day_weekname,hour,hourname,minute,minutename,nhs,nhsname,rur_urb,rur_urbname,func_sys,func_sysname,rd_owner,rd_ownername,route,routename,tway_id,tway_id2,milept,mileptname,latitude,latitudename,longitud,longitudname,sp_jur,sp_jurname,harm_ev,harm_evname,man_coll,man_collname,reljct1,reljct1name,reljct2,reljct2name,typ_int,typ_intname,wrk_zone,wrk_zonename,road_fnc,road_fncname,rel_road,rel_roadname,lgt_cond,lgt_condname,weather1,weather1name,weather2,weather2name,weather,weathername,sch_bus,sch_busname,rail,railname,not_hour,not_hourname,not_min,not_minname,arr_hour,arr_hourname,arr_min,arr_minname,hosp_hr,hosp_hrname,hosp_mn,hosp_mnname,cf1,cf1name,cf2,cf2name,cf3,cf3name,fatals,drunk_dr
2023,26,260887,Michigan,4,1,3,0,0,1,1,99,MACOMB (99),2934,"MACOMB, TOWNSHIP",8,8,8,August,2023,3,Tuesday,12,12:00pm-12:59pm,4,4,0,This Section IS NOT on the NHS,6,Trafficway Not in State Inventory,96,Trafficway Not in State Inventory,96,Trafficway Not in State Inventory,96,Trafficway Not in State Inventory,BENTLEY CIR,,0,None,42.63804444,42.63804444,-82.965352780,-82.96535278,0,No Special Jurisdiction,19,Building,0,The First Harmful Event was Not a Collision with a Motor Vehicle in Transport,0,No,1,Non-Junction,1,Not an Intersection,0,None,,,5,Outside Trafficway,1,Daylight,,,,,1,Clear,0,No,0000000,Not Applicable,99,Unknown,98,Unknown if Notified,99,Unknown EMS Scene Arrival Hour,98,Unknown if Arrived,88,"Not Applicable (Not Transported) ",88,Not Applicable (Not Transported),,,,,,,1,
2023,26,260888,Michigan,2,2,0,0,0,6,6,81,KENT (81),0,NOT APPLICABLE,6,6,12,December,2023,4,Wednesday,17,5:00pm-5:59pm,15,15,0,This Section IS NOT on the NHS,1,Rural,4,Minor Arterial,2,County Highway Agency,4,County,CR-ALDEN NASH AVE SE,,26,26,42.90935278,42.90935278,-85.351933330,-85.35193333,0,No Special Jurisdiction,12,Motor Vehicle In-Transport,2,Front-to-Front,0,No,1,Non-Junction,1,Not an Intersection,0,None,,,1,On Roadway,1,Daylight,,,,,1,Clear,0,No,0000000,Not Applicable,17,5:00pm-5:59pm,14,14,17,5:00pm-5:59pm,38,38,99,Unknown,99,Unknown EMS Hospital Arrival Time,,,,,,,2,
2023,26,260889,Michigan,2,2,0,0,0,4,4,77,KALAMAZOO (77),2520,KALAMAZOO,9,9,12,December,2023,7,Saturday,0,0:00am-0:59am,27,27,1,This Section IS ON the NHS,2,Urban,3,Other Principal Arterial,4,City or Municipal Highway Agency,6,Municipal,MU-S WESTNEDGE AVE,GARLAND ST,40,40,42.26237500,42.26237500,-85.589663890,-85.58966389,0,No Special Jurisdiction,12,Motor Vehicle In-Transport,2,Front-to-Front,0,No,2,Intersection,3,T-Intersection,0,None,,,1,On Roadway,2,Dark - Not Lighted,,,,,1,Clear,0,No,0000000,Not Applicable,99,Unknown,99,Unknown,99,Unknown EMS Scene Arrival Hour,99,Unknown EMS Scene Arrival Minutes,99,Unknown,99,Unknown EMS Hospital Arrival Time,,,,,,,1,
2023,26,260890,Michigan,2,2,0,0,0,2,2,101,MANISTEE (101),0,NOT APPLICABLE,22,22,8,August,2023,3,Tuesday,15,3:00pm-3:59pm,46,46,0,This Section IS NOT on the NHS,1,Rural,5,Major Collector,2,County Highway Agency,4,County,CR-HIGH BRIDGE RD,,47,47,44.29012500,44.29012500,-86.021769440,-86.02176944,0,No Special Jurisdiction,12,Motor Vehicle In-Transport,2,Front-to-Front,0,No,1,Non-Junction,1,Not an Intersection,0,None,,,1,On Roadway,1,Daylight,,,,,1,Clear,0,No,0000000,Not Applicable,99,Unknown,99,Unknown,99,Unknown EMS Scene Arrival Hour,99,Unknown EMS Scene Arrival Minutes,99,Unknown,99,Unknown EMS Hospital Arrival Time,,,,,,,1,
2023,26,260891,Michigan,2,2,0,0,0,2,2,37,CLINTON (37),0,NOT APPLICABLE,11,11,8,August,2023,6,Friday,23,11:00pm-11:59pm,6,6,0,This Section IS NOT on the NHS,1,Rural,4,Minor Arterial,2,County Highway Agency,4,County,CR-GRAND RIVER AVE,,29,29,42.80649444,42.80649444,-84.782627780,-84.78262778,0,No Special Jurisdiction,12,Motor Vehicle In-Transport,1,Front-to-Rear,0,No,1,Non-Junction,1,Not an Intersection,0,None,,,1,On Roadway,2,Dark - Not Lighted,,,,,10,Cloudy,0,No,0000000,Not Applicable,23,11:00pm-11:59pm,8,8,23,11:00pm-11:59pm,16,16,88,"Not Applicable (Not Transported) ",88,Not Applicable (Not Transported),,,,,,,1,
2023,26,260892,Michigan,1,1,0,0,0,1,1,163,WAYNE (163),1260,DETROIT,9,9,12,December,2023,7,Saturday,4,4:00am-4:59am,6,6,1,This Section IS ON the NHS,2,Urban,3,Other Principal Arterial,1,State Highway Agency,3,State Highway,SR-102 W EIGHT MILE RD,,71,71,42.44527778,42.44527778,-83.183047220,-83.18304722,0,No Special Jurisdiction,30,Utility Pole/Light Support,0,The First Harmful Event was Not a Collision with a Motor Vehicle in Transport,0,No,1,Non-Junction,1,Not an Intersection,0,None,,,4,On Roadside,3,Dark - Lighted,,,,,1,Clear,0,No,0000000,Not Applicable,4,4:00am-4:59am,6,6,4,4:00am-4:59am,15,15,99,Unknown,99,Unknown EMS Hospital Arrival Time,,,,,,,1,
2023,26,260893,Michigan,1,1,0,1,1,1,1,19,BENZIE (19),0,NOT APPLICABLE,11,11,12,December,2023,2,Monday,20,8:00pm-8:59pm,12,12,0,This Section IS NOT on the NHS,1,Rural,5,Major Collector,2,County Highway Agency,4,County,CR-LINDY RD,,53,53,44.52015000,44.52015000,-85.889902780,-85.88990278,0,No Special Jurisdiction,8,Pedestrian,0,The First Harmful Event was Not a Collision with a Motor Vehicle in Transport,0,No,1,Non-Junction,1,Not an Intersection,0,None,,,1,On Roadway,2,Dark - Not Lighted,,,,,10,Cloudy,0,No,0000000,Not Applicable,20,8:00pm-8:59pm,15,15,20,8:00pm-8:59pm,26,26,88,"Not Applicable (Not Transported) ",88,Not Applicable (Not Transported),,,,,,,1,
2023,26,260894,Michigan,1,1,0,1,1,1,1,163,WAYNE (163),4295,ROMULUS,14,14,12,December,2023,5,Thursday,6,6:00am-6:59am,38,38,1,This Section IS ON the NHS,2,Urban,3,Other Principal Arterial,2,County Highway Agency,4,County,CR-MERRIMAN RD,,23,23,42.24926667,42.24926667,-83.347688890,-83.34768889,0,No Special Jurisdiction,8,Pedestrian,0,The First Harmful Event was Not a Collision with a Motor Vehicle in Transport,0,No,1,Non-Junction,1,Not an Intersection,0,None,,,1,On Roadway,2,Dark - Not Lighted,,,,,1,Clear,0,No,0000000,Not Applicable,6,6:00am-6:59am,42,42,6,6:00am-6:59am,46,46,88,"Not Applicable (Not Transported) ",88,Not Applicable (Not Transported),,,,,,,1,
2023,26,260895,Michigan,1,1,0,0,0,1,1,63,HURON (63),0,NOT APPLICABLE,15,15,12,December,2023,6,Friday,22,10:00pm-10:59pm,42,42,0,This Section IS NOT on the NHS,1,Rural,4,Minor Arterial,1,State Highway Agency,3,State Highway,SR-25 GRINDSTONE RD,,316,316,44.04350000,44.04350000,-82.911897220,-82.91189722,0,No Special Jurisdiction,11,Live Animal,0,The First Harmful Event was Not a Collision with a Motor Vehicle in Transport,0,No,1,Non-Junction,1,Not an Intersection,0,None,,,1,On Roadway,2,Dark - Not Lighted,,,,,10,Cloudy,0,No,0000000,Not Applicable,22,10:00pm-10:59pm,44,44,23,11:00pm-11:59pm,4,4,88,"Not Applicable (Not Transported) ",88,Not Applicable (Not Transported),,,,,,,1,
2023,26,260896,Michigan,1,1,0,0,0,1,1,77,KALAMAZOO (77),0,NOT APPLICABLE,16,16,12,December,2023,7,Saturday,12,12:00pm-12:59pm,32,32,0,This Section IS NOT on the NHS,1,Rural,4,Minor Arterial,1,State Highway Agency,3,State Highway,SR-89 E D AVE,,13,13,42.37421667,42.37421667,-85.351822220,-85.35182222,0,No Special Jurisdiction,42,Tree (Standing Only),0,The First Harmful Event was Not a Collision with a Motor Vehicle in Transport,0,No,1,Non-Junction,1,Not an Intersection,0,None,,,4,On Roadside,1,Daylight,,,,,1,Clear,0,No,0000000,Not Applicable,12,12:00pm-12:59pm,32,32,12,12:00pm-12:59pm,40,40,88,"Not Applicable (Not Transported) ",88,Not Applicable (Not Transported),,,,,,,1,
2023,26,260897,Michigan,2,2,0,0,0,2,2,25,CALHOUN (25),4649,SPRINGFIELD,18,18,12,December,2023,2,Monday,2,2:00am-2:59am,24,24,1,This Section IS ON the NHS,2,Urban,3,Other Principal Arterial,1,State Highway Agency,3,State Highway,SR-96 W DICKMAN RD,,25,25,42.32210556,42.32210556,-85.260063890,-85.26006389,0,No Special Jurisdiction,12,Motor Vehicle In-Transport,2,Front-to-Front,0,No,1,Non-Junction,1,Not an Intersection,0,None,,,1,On Roadway,3,Dark - Lighted,,,,,2,Rain,0,No,0000000,Not Applicable,2,2:00am-2:59am,24,24,2,2:00am-2:59am,32,32,99,Unknown,99,Unknown EMS Hospital Arrival Time,,,,,,,1,
2023,26,260898,Michigan,1,1,0,0,0,1,1,25,CALHOUN (25),0,NOT APPLICABLE,17,17,12,December,2023,1,Sunday,20,8:00pm-8:59pm,30,30,0,This Section IS NOT on the NHS,1,Rural,5,Major Collector,2,County Highway Agency,4,County,CR-VERONA RD,,71,71,42.31155556,42.31155556,-85.059436110,-85.05943611,0,No Special Jurisdiction,42,Tree (Standing Only),0,The First Harmful Event was Not a Collision with a Motor Vehicle in Transport,0,No,1,Non-Junction,1,Not an Intersection,0,None,,,4,On Roadside,2,Dark - Not Lighted,,,,,10,Cloudy,0,No,0000000,Not Applicable,99,Unknown,99,Unknown,99,Unknown EMS Scene Arrival Hour,99,Unknown EMS Scene Arrival Minutes,88,"Not Applicable (Not Transported) ",88,Not Applicable (Not Transported),,,,,,,1,
2023,26,260899,Michigan,1,1,0,0,0,1,1,145,SAGINAW (145),0,NOT APPLICABLE,3,3,9,September,2023,1,Sunday,0,0:00am-0:59am,25,25,0,This Section IS NOT on the NHS,1,Rural,7,Local,2,County Highway Agency,4,County,CR-BISHOP RD,,34,34,43.17862222,43.17862222,-84.028863890,-84.02886389,0,No Special Jurisdiction,32,Culvert,0,The First Harmful Event was Not a Collision with a Motor Vehicle in Transport,0,No,1,Non-Junction,1,Not an Intersection,0,None,,,4,On Roadside,2,Dark - Not Lighted,,,,,1,Clear,0,No,0000000,Not Applicable,99,Unknown,99,Unknown,99,Unknown EMS Scene Arrival Hour,99,Unknown EMS Scene Arrival Minutes,88,"Not Applicable (Not Transported) ",88,Not Applicable (Not Transported),,,,,,,1,
2023,26,260900,Michigan,2,2,0,0,0,3,3,5,ALLEGAN (5),0,NOT APPLICABLE,2,2,10,October,2023,2,Monday,15,3:00pm-3:59pm,25,25,0,This Section IS NOT on the NHS,1,Rural,4,Minor Arterial,1,State Highway Agency,3,State Highway,SR-179 129TH ST,,8,8,42.63044444,42.63044444,-85.655016670,-85.65501667,0,No Special Jurisdiction,12,Motor Vehicle In-Transport,6,Angle,0,No,8,Driveway Access Related,1,Not an Intersection,0,None,,,1,On Roadway,1,Daylight,,,,,1,Clear,0,No,0000000,Not Applicable,15,3:00pm-3:59pm,26,26,15,3:00pm-3:59pm,33,33,99,Unknown,99,Unknown EMS Hospital Arrival Time,,,,,,,1,
2023,26,260901,Michigan,1,1,0,0,0,1,1,117,MONTCALM (117),0,NOT APPLICABLE,13,13,12,December,2023,4,Wednesday,14,2:00pm-2:59pm,0,0,0,This Section IS NOT on the NHS,1,Rural,7,Local,2,County Highway Agency,4,County,CR-W FULLER RD,,12,12,43.22468889,43.22468889,-85.208925000,-85.20892500,0,No Special Jurisdiction,42,Tree (Standing Only),0,The First Harmful Event was Not a Collision with a Motor Vehicle in Transport,0,No,1,Non-Junction,1,Not an Intersection,0,None,,,4,On Roadside,1,Daylight,,,,,1,Clear,0,No,0000000,Not Applicable,13,1:00pm-1:59pm,40,40,13,1:00pm-1:59pm,50,50,88,"Not Applicable (Not Transported) ",88,Not Applicable (Not Transported),,,,,,,1,
2023,26,260902,Michigan,2,2,0,0,0,5,5,125,OAKLAND (125),1652,FARMINGTON HILLS,5,5,12,December,2023,3,Tuesday,21,9:00pm-9:59pm,29,29,1,This Section IS ON the NHS,2,Urban,1,Interstate,1,State Highway Agency,1,Interstate,I-696,,43,43,42.49580833,42.49580833,-83.363475000,-83.36347500,0,No Special Jurisdiction,12,Motor Vehicle In-Transport,1,Front-to-Rear,0,No,1,Non-Junction,1,Not an Intersection,1,Construction,,,1,On Roadway,2,Dark - Not Lighted,,,,,10,Cloudy,0,No,0000000,Not Applicable,99,Unknown,99,Unknown,99,Unknown EMS Scene Arrival Hour,99,Unknown EMS Scene Arrival Minutes,99,Unknown,99,Unknown EMS Hospital Arrival Time,,,,,,,1,
2023,26,260903,Michigan,1,1,0,0,0,1,1,77,KALAMAZOO (77),0,NOT APPLICABLE,4,4,12,December,2023,2,Monday,9,9:00am-9:59am,45,45,0,This Section IS NOT on the NHS,1,Rural,7,Local,2,County Highway Agency,4,County,CR-14TH ST,,48,48,42.36565556,42.36565556,-85.629772220,-85.62977222,0,No Special Jurisdiction,42,Tree (Standing Only),0,The First Harmful Event was Not a Collision with a Motor Vehicle in Transport,0,No,1,Non-Junction,1,Not an Intersection,0,None,,,4,On Roadside,1,Daylight,,,,,10,Cloudy,0,No,0000000,Not Applicable,9,9:00am-9:59am,56,56,10,10:00am-10:59am,5,5,99,Unknown,99,Unknown EMS Hospital Arrival Time,,,,,,,1,
2023,26,260904,Michigan,2,2,0,0,0,8,8,133,OSCEOLA (133),0,NOT APPLICABLE,5,5,12,December,2023,3,Tuesday,18,6:00pm-6:59pm,51,51,0,This Section IS NOT on the NHS,1,Rural,7,Local,2,County Highway Agency,4,County,CR-220TH AVE,3 MILE RD,29,29,43.85897500,43.85897500,-85.523338890,-85.52333889,0,No Special Jurisdiction,12,Motor Vehicle In-Transport,6,Angle,0,No,2,Intersection,2,Four-Way Intersection,0,None,,,1,On Roadway,2,Dark - Not Lighted,,,,,1,Clear,0,No,0000000,Not Applicable,18,6:00pm-6:59pm,53,53,18,6:00pm-6:59pm,55,55,99,Unknown,99,Unknown EMS Hospital Arrival Time,,,,,,,1,
2023,26,260905,Michigan,2,2,0,0,0,3,3,75,JACKSON (75),0,NOT APPLICABLE,24,24,12,December,2023,1,Sunday,2,2:00am-2:59am,23,23,0,This Section IS NOT on the NHS,2,Urban,4,Minor Arterial,1,State Highway Agency,3,State Highway,SR-60 SPRING ARBOR RD,,119,119,42.22345000,42.22345000,-84.499016670,-84.49901667,0,No Special Jurisdiction,12,Motor Vehicle In-Transport,2,Front-to-Front,0,No,1,Non-Junction,1,Not an Intersection,0,None,,,1,On Roadway,2,Dark - Not Lighted,,,,,5,"Fog, Smog, Smoke",0,No,0000000,Not Applicable,2,2:00am-2:59am,25,25,2,2:00am-2:59am,35,35,88,"Not Applicable (Not Transported) ",88,Not Applicable (Not Transported),,,,,,,2,
2023,26,260906,Michigan,1,1,0,1,1,1,1,75,JACKSON (75),0,NOT APPLICABLE,25,25,12,December,2023,2,Monday,17,5:00pm-5:59pm,28,28,0,This Section IS NOT on the NHS,1,Rural,7,Local,2,County Highway Agency,4,County,CR-BLACKMAN RD,,33,33,42.30194444,42.30194444,-84.482955560,-84.48295556,0,No Special Jurisdiction,8,Pedestrian,0,The First Harmful Event was Not a Collision with a Motor Vehicle in Transport,0,No,1,Non-Junction,1,Not an Intersection,0,None,,,1,On Roadway,2,Dark - Not Lighted,,,,,10,Cloudy,0,No,0000000,Not Applicable,17,5:00pm-5:59pm,28,28,17,5:00pm-5:59pm,33,33,88,"Not Applicable (Not Transported) ",88,Not Applicable (Not Transported),,,,,,,1,
2023,26,260907,Michigan,1,1,0,1,1,2,2,125,OAKLAND (125),5210,WHITE LAKE,5,5,12,December,2023,3,Tuesday,17,5:00pm-5:59pm,31,31,0,This Section IS NOT on the NHS,2,Urban,5,Major Collector,2,County Highway Agency,4,County,CR-FARNSWORTH RD,,7,7,42.63594722,42.63594722,-83.468325000,-83.46832500,0,No Special Jurisdiction,8,Pedestrian,0,The First Harmful Event was Not a Collision with a Motor Vehicle in Transport,0,No,1,Non-Junction,1,Not an Intersection,0,None,,,1,On Roadway,2,Dark - Not Lighted,,,,,10,Cloudy,0,No,0000000,Not Applicable,17,5:00pm-5:59pm,29,29,17,5:00pm-5:59pm,32,32,99,Unknown,99,Unknown EMS Hospital Arrival Time,,,,,,,1,
2023,26,260908,Michigan,1,1,0,1,1,1,1,49,GENESEE (49),1731,FLINT TOWNSHIP,21,21,12,December,2023,5,Thursday,0,0:00am-0:59am,15,15,0,This Section IS NOT on the NHS,2,Urban,4,Minor Arterial,2,County Highway Agency,4,County,CR-BEECHER RD,,97,97,43.01660556,43.01660556,-83.746461110,-83.74646111,0,No Special Jurisdiction,8,Pedestrian,0,The First Harmful Event was Not a Collision with a Motor Vehicle in Transport,0,No,1,Non-Junction,1,Not an Intersection,0,None,,,1,On Roadway,2,Dark - Not Lighted,,,,,1,Clear,0,No,0000000,Not Applicable,99,Unknown,99,Unknown,99,Unknown EMS Scene Arrival Hour,99,Unknown EMS Scene Arrival Minutes,88,"Not Applicable (Not Transported) ",88,Not Applicable (Not Transported),,,,,,,1,
2023,26,260909,Michigan,1,1,0,1,1,1,1,81,KENT (81),0,NOT APPLICABLE,11,11,12,December,2023,2,Monday,17,5:00pm-5:59pm,9,9,0,This Section IS NOT on the NHS,2,Urban,4,Minor Arterial,2,County Highway Agency,4,County,CR-KNAPP ST,,47,47,42.99892500,42.99892500,-85.576572220,-85.57657222,0,No Special Jurisdiction,8,Pedestrian,0,The First Harmful Event was Not a Collision with a Motor Vehicle in Transport,0,No,8,Driveway Access Related,1,Not an Intersection,0,None,,,1,On Roadway,1,Daylight,,,,,10,Cloudy,0,No,0000000,Not Applicable,17,5:00pm-5:59pm,11,11,17,5:00pm-5:59pm,13,13,88,"Not Applicable (Not Transported) ",88,Not Applicable (Not Transported),,,,,,,1,
2023,26,260910,Michigan,1,1,0,0,0,1,1,49,GENESEE (49),1731,FLINT TOWNSHIP,11,11,12,December,2023,2,Monday,1,1:00am-1:59am,29,29,0,This Section IS NOT on the NHS,2,Urban,4,Minor Arterial,2,County Highway Agency,4,County,CR-BEECHER RD,,72,72,43.03130278,43.03130278,-83.785400000,-83.78540000,0,No Special Jurisdiction,30,Utility Pole/Light Support,0,The First Harmful Event was Not a Collision with a Motor Vehicle in Transport,0,No,1,Non-Junction,1,Not an Intersection,0,None,,,4,On Roadside,2,Dark - Not Lighted,,,,,1,Clear,0,No,0000000,Not Applicable,99,Unknown,99,Unknown,99,Unknown EMS Scene Arrival Hour,99,Unknown EMS Scene Arrival Minutes,88,"Not Applicable (Not Transported) ",88,Not Applicable (Not Transported),,,,,,,1,
2023,26,260911,Michigan,3,3,0,0,0,5,5,67,IONIA (67),0,NOT APPLICABLE,10,10,12,December,2023,1,Sunday,13,1:00pm-1:59pm,22,22,0,This Section IS NOT on the NHS,2,Urban,4,Minor Arterial,1,State Highway Agency,3,State Highway,SR-66 STATE RD,TUTTLE RD,125,125,42.95253333,42.95253333,-85.074797220,-85.07479722,0,No Special Jurisdiction,12,Motor Vehicle In-Transport,1,Front-to-Rear,0,No,3,Intersection-Related,2,Four-Way Intersection,0,None,,,1,On Roadway,1,Daylight,,,,,10,Cloudy,0,No,0000000,Not Applicable,13,1:00pm-1:59pm,22,22,13,1:00pm-1:59pm,59,59,88,"Not Applicable (Not Transported) ",88,Not Applicable (Not Transported),,,,,,,1,
2023,26,260912,Michigan,1,1,0,0,0,1,1,77,KALAMAZOO (77),2520,KALAMAZOO,25,25,12,December,2023,2,Monday,14,2:00pm-2:59pm,15,15,1,This Section IS ON the NHS,2,Urban,3,Other Principal Arterial,1,State Highway Agency,3,State Highway,SR-43 GULL RD,,6,6,42.30141667,42.30141667,-85.568447220,-85.56844722,0,No Special Jurisdiction,33,Curb,0,The First Harmful Event was Not a Collision with a Motor Vehicle in Transport,0,No,1,Non-Junction,1,Not an Intersection,0,None,,,4,On Roadside,1,Daylight,,,,,1,Clear,0,No,0000000,Not Applicable,99,Unknown,99,Unknown,99,Unknown EMS Scene Arrival Hour,99,Unknown EMS Scene Arrival Minutes,88,"Not Applicable (Not Transported) ",88,Not Applicable (Not Transported),,,,,,,1,
2023,26,260913,Michigan,2,2,0,0,0,2,2,163,WAYNE (163),1260,DETROIT,11,11,12,December,2023,2,Monday,21,9:00pm-9:59pm,20,20,1,This Section IS ON the NHS,2,Urban,2,Other Freeways and Expressways,1,State Highway Agency,3,State Highway,SR-59 SOUTHFIELD FWY,,116,116,42.38939444,42.38939444,-83.218025000,-83.21802500,0,No Special Jurisdiction,38,Fence,0,The First Harmful Event was Not a Collision with a Motor Vehicle in Transport,1,Yes,19,Other location within Interchange Area,1,Not an Intersection,0,None,,,4,On Roadside,3,Dark - Lighted,,,,,1,Clear,0,No,0000000,Not Applicable,99,Unknown,99,Unknown,99,Unknown EMS Scene Arrival Hour,99,Unknown EMS Scene Arrival Minutes,99,Unknown,99,Unknown EMS Hospital Arrival Time,,,,,,,1,
2023,26,260914,Michigan,2,2,0,0,0,3,3,45,EATON (45),2700,LANSING,1,1,12,December,2023,6,Friday,20,8:00pm-8:59pm,22,22,0,This Section IS NOT on the NHS,2,Urban,4,Minor Arterial,2,County Highway Agency,4,County,CR-N CANAL RD,,118,118,42.70937222,42.70937222,-84.661983330,-84.66198333,0,No Special Jurisdiction,12,Motor Vehicle In-Transport,6,Angle,0,No,8,Driveway Access Related,1,Not an Intersection,0,None,,,1,On Roadway,3,Dark - Lighted,,,,,2,Rain,0,No,0000000,Not Applicable,99,Unknown,99,Unknown,99,Unknown EMS Scene Arrival Hour,99,Unknown EMS Scene Arrival Minutes,99,Unknown,99,Unknown EMS Hospital Arrival Time,,,,,,,1,
2023,26,260915,Michigan,2,2,0,0,0,2,2,163,WAYNE (163),1260,DETROIT,10,10,12,December,2023,1,Sunday,0,0:00am-0:59am,49,49,0,This Section IS NOT on the NHS,2,Urban,4,Minor Arterial,4,City or Municipal Highway Agency,6,Municipal,MU-CHALMERS ST,,34,34,42.41830833,42.41830833,-82.973261110,-82.97326111,0,No Special Jurisdiction,12,Motor Vehicle In-Transport,2,Front-to-Front,0,No,1,Non-Junction,1,Not an Intersection,0,None,,,1,On Roadway,3,Dark - Lighted,,,,,1,Clear,0,No,0000000,Not Applicable,99,Unknown,98,Unknown if Notified,99,Unknown EMS Scene Arrival Hour,98,Unknown if Arrived,88,"Not Applicable (Not Transported) ",88,Not Applicable (Not Transported),,,,,,,2,
2023,26,260916,Michigan,2,2,0,0,0,2,2,163,WAYNE (163),633,BROWNSTOWN TOWNSHIP,23,23,12,December,2023,7,Saturday,20,8:00pm-8:59pm,31,31,0,This Section IS NOT on the NHS,2,Urban,4,Minor Arterial,2,County Highway Agency,4,County,CR-INKSTER RD,,33,33,42.15574167,42.15574167,-83.305461110,-83.30546111,0,No Special Jurisdiction,12,Motor Vehicle In-Transport,2,Front-to-Front,0,No,1,Non-Junction,1,Not an Intersection,0,None,,,1,On Roadway,3,Dark - Lighted,,,,,10,Cloudy,0,No,0000000,Not Applicable,20,8:00pm-8:59pm,33,33,20,8:00pm-8:59pm,38,38,99,Unknown,99,Unknown EMS Hospital Arrival Time,,,,,,,1,
2023,26,260917,Michigan,2,2,0,0,0,3,3,49,GENESEE (49),0,NOT APPLICABLE,4,4,12,December,2023,2,Monday,19,7:00pm-7:59pm,45,45,0,This Section IS NOT on the NHS,1,Rural,4,Minor Arterial,2,County Highway Agency,4,County,CR-LAKE RD,HENDERSON RD,29,29,43.20967222,43.20967222,-83.480627780,-83.48062778,0,No Special Jurisdiction,12,Motor Vehicle In-Transport,6,Angle,0,No,2,Intersection,2,Four-Way Intersection,0,None,,,1,On Roadway,2,Dark - Not Lighted,,,,,1,Clear,0,No,0000000,Not Applicable,99,Unknown,99,Unknown,99,Unknown EMS Scene Arrival Hour,99,Unknown EMS Scene Arrival Minutes,88,"Not Applicable (Not Transported) ",88,Not Applicable (Not Transported),,,,,,,1,
2023,26,260918,Michigan,1,1,0,1,1,1,1,81,KENT (81),2010,GRAND RAPIDS,28,28,12,December,2023,5,Thursday,19,7:00pm-7:59pm,55,55,0,This Section IS NOT on the NHS,2,Urban,4,Minor Arterial,4,City or Municipal Highway Agency,6,Municipal,MU-CLYKE PARK AVE SW,,108,108,42.92451667,42.92451667,-85.686155560,-85.68615556,0,No Special Jurisdiction,8,Pedestrian,0,The First Harmful Event was Not a Collision with a Motor Vehicle in Transport,0,No,1,Non-Junction,1,Not an Intersection,0,None,,,1,On Roadway,3,Dark - Lighted,,,,,2,Rain,0,No,0000000,Not Applicable,19,7:00pm-7:59pm,55,55,19,7:00pm-7:59pm,58,58,88,"Not Applicable (Not Transported) ",88,Not Applicable (Not Transported),,,,,,,1,
2023,26,260919,Michigan,1,1,0,0,0,1,1,75,JACKSON (75),0,NOT APPLICABLE,28,28,12,December,2023,5,Thursday,23,11:00pm-11:59pm,7,7,0,This Section IS NOT on the NHS,1,Rural,6,Minor Collector,2,County Highway Agency,4,County,CR-SPRINGBROOK RD,,10,10,42.11106111,42.11106111,-84.451327780,-84.45132778,0,No Special Jurisdiction,42,Tree (Standing Only),0,The First Harmful Event was Not a Collision with a Motor Vehicle in Transport,0,No,1,Non-Junction,1,Not an Intersection,0,None,,,4,On Roadside,2,Dark - Not Lighted,,,,,10,Cloudy,0,No,0000000,Not Applicable,23,11:00pm-11:59pm,22,22,23,11:00pm-11:59pm,33,33,88,"Not Applicable (Not Transported) ",88,Not Applicable (Not Transported),,,,,,,1,
2023,26,260920,Michigan,2,2,0,0,0,3,3,125,OAKLAND (125),2258,HIGHLAND,15,15,12,December,2023,6,Friday,20,8:00pm-8:59pm,45,45,1,This Section IS ON the NHS,2,Urban,3,Other Principal Arterial,1,State Highway Agency,3,State Highway,SR-59 HIGHLAND RD,LIVINSTON,21,21,42.63774444,42.63774444,-83.637611110,-83.63761111,0,No Special Jurisdiction,12,Motor Vehicle In-Transport,1,Front-to-Rear,0,No,3,Intersection-Related,3,T-Intersection,0,None,,,1,On Roadway,2,Dark - Not Lighted,,,,,1,Clear,0,No,0000000,Not Applicable,21,9:00pm-9:59pm,22,22,21,9:00pm-9:59pm,29,29,88,"Not Applicable (Not Transported) ",88,Not Applicable (Not Transported),,,,,,,1,
2023,26,260921,Michigan,1,1,0,1,1,4,4,139,OTTAWA (139),0,NOT APPLICABLE,18,18,12,December,2023,2,Monday,7,7:00am-7:59am,55,55,0,This Section IS NOT on the NHS,2,Urban,7,Local,2,County Highway Agency,4,County,CR-132ND,,9,9,42.82552778,42.82552778,-86.107808330,-86.10780833,0,No Special Jurisdiction,8,Pedestrian,0,The First Harmful Event was Not a Collision with a Motor Vehicle in Transport,0,No,8,Driveway Access Related,1,Not an Intersection,0,None,,,1,On Roadway,4,Dawn,,,,,4,Snow,0,No,0000000,Not Applicable,7,7:00am-7:59am,56,56,8,8:00am-8:59am,1,1,88,"Not Applicable (Not Transported) ",88,Not Applicable (Not Transported),,,,,,,1,
2023,26,260922,Michigan,2,2,0,0,0,4,4,125,OAKLAND (125),0,NOT APPLICABLE,24,24,12,December,2023,1,Sunday,18,6:00pm-6:59pm,38,38,1,This Section IS ON the NHS,2,Urban,3,Other Principal Arterial,1,State Highway Agency,3,State Highway,SR-24 W SQUARE LAKE RD,LAHSER,0,None,42.60371111,42.60371111,-83.266336110,-83.26633611,0,No Special Jurisdiction,12,Motor Vehicle In-Transport,6,Angle,0,No,2,Intersection,3,T-Intersection,0,None,,,1,On Roadway,3,Dark - Lighted,,,,,5,"Fog, Smog, Smoke",0,No,0000000,Not Applicable,18,6:00pm-6:59pm,44,44,18,6:00pm-6:59pm,49,49,99,Unknown,99,Unknown EMS Hospital Arrival Time,,,,,,,1,