caseyear,state,st_case,statename,ve_total,ve_forms,pvh_invl,peds,pernotmvit,permvit,persons,county,countyname,city,cityname,day,dayname,month,monthname,year,day_week,day_weekname,hour,hourname,minute,minutename,nhs,nhsname,rur_urb,rur_urbname,func_sys,func_sysname,rd_owner,rd_ownername,route,routename,tway_id,tway_id2,milept,mileptname,latitude,latitudename,longitud,longitudname,sp_jur,sp_jurname,harm_ev,harm_evname,man_coll,man_collname,reljct1,reljct1name,reljct2,reljct2name,typ_int,typ_intname,wrk_zone,wrk_zonename,road_fnc,road_fncname,rel_road,rel_roadname,lgt_cond,lgt_condname,weather1,weather1name,weather2,weather2name,weather,weathername,sch_bus,sch_busname,rail,railname,not_hour,not_hourname,not_min,not_minname,arr_hour,arr_hourname,arr_min,arr_minname,hosp_hr,hosp_hrname,hosp_mn,hosp_mnname,cf1,cf1name,cf2,cf2name,cf3,cf3name,fatals,drunk_dr
2023,26,260960,Michigan,1,1,0,0,0,1,1,11,ARENAC (11),0,NOT APPLICABLE,30,30,8,August,2023,4,Wednesday,11,11:00am-11:59am,59,59,1,This Section IS ON the NHS,1,Rural,1,Interstate,1,State Highway Agency,1,Interstate,I-75,,123,123,44.07218333,44.07218333,-84.091405560,-84.09140556,0,No Special Jurisdiction,34,Ditch,0,The First Harmful Event was Not a Collision with a Motor Vehicle in Transport,0,No,1,Non-Junction,1,Not an Intersection,0,None,,,3,On Median,1,Daylight,,,,,1,Clear,0,No,0000000,Not Applicable,12,12:00pm-12:59pm,4,4,12,12:00pm-12:59pm,16,16,88,"Not Applicable (Not Transported) ",88,Not Applicable (Not Transported),,,,,,,1,
2023,26,260961,Michigan,1,1,0,1,1,1,1,163,WAYNE (163),1260,DETROIT,11,11,6,June,2023,1,Sunday,3,3:00am-3:59am,47,47,0,This Section IS NOT on the NHS,2,Urban,7,Local,4,City or Municipal Highway Agency,6,Municipal,MU-ANNOTT ST,,1,1,42.43661667,42.43661667,-83.002311110,-83.00231111,0,No Special Jurisdiction,8,Pedestrian,0,The First Harmful Event was Not a Collision with a Motor Vehicle in Transport,0,No,1,Non-Junction,1,Not an Intersection,0,None,,,1,On Roadway,2,Dark - Not Lighted,,,,,10,Cloudy,0,No,0000000,Not Applicable,99,Unknown,99,Unknown,99,Unknown EMS Scene Arrival Hour,99,Unknown EMS Scene Arrival Minutes,88,"Not Applicable (Not Transported) ",88,Not Applicable (Not Transported),,,,,,,1,
2023,26,260962,Michigan,2,2,0,0,0,5,5,163,WAYNE (163),1260,DETROIT,11,11,7,July,2023,3,Tuesday,9,9:00am-9:59am,24,24,0,This Section IS NOT on the NHS,2,Urban,7,Local,4,City or Municipal Highway Agency,6,Municipal,MU-GRAYTON ST,LAKEPOINTE ST,6,6,42.42090833,42.42090833,-82.951138890,-82.95113889,0,No Special Jurisdiction,12,Motor Vehicle In-Transport,6,Angle,0,No,2,Intersection,2,Four-Way Intersection,0,None,,,1,On Roadway,1,Daylight,,,,,1,Clear,0,No,0000000,Not Applicable,99,Unknown,99,Unknown,99,Unknown EMS Scene Arrival Hour,99,Unknown EMS Scene Arrival Minutes,99,Unknown,99,Unknown EMS Hospital Arrival Time,,,,,,,1,
2023,26,260963,Michigan,2,2,0,0,0,3,3,81,KENT (81),0,NOT APPLICABLE,23,23,12,December,2023,7,Saturday,10,10:00am-10:59am,30,30,0,This Section IS NOT on the NHS,1,Rural,4,Minor Arterial,2,County Highway Agency,4,County,CR-LINCOLN LAKE AVE,6 MILE RD,133,133,43.05841944,43.05841944,-85.352316670,-85.35231667,0,No Special Jurisdiction,12,Motor Vehicle In-Transport,6,Angle,0,No,2,Intersection,2,Four-Way Intersection,0,None,,,1,On Roadway,1,Daylight,,,,,5,"Fog, Smog, Smoke",0,No,0000000,Not Applicable,10,10:00am-10:59am,33,33,99,Unknown EMS Scene Arrival Hour,99,Unknown EMS Scene Arrival Minutes,99,Unknown,99,Unknown EMS Hospital Arrival Time,,,,,,,1,
2023,26,260964,Michigan,1,1,0,1,1,1,1,77,KALAMAZOO (77),2520,KALAMAZOO,14,14,10,October,2023,7,Saturday,4,4:00am-4:59am,44,44,0,This Section IS NOT on the NHS,2,Urban,4,Minor Arterial,4,City or Municipal Highway Agency,6,Municipal,MU-RIVERVIEW DR,,8,8,42.30687500,42.30687500,-85.570108330,-85.57010833,0,No Special Jurisdiction,8,Pedestrian,0,The First Harmful Event was Not a Collision with a Motor Vehicle in Transport,0,No,1,Non-Junction,1,Not an Intersection,0,None,,,1,On Roadway,2,Dark - Not Lighted,,,,,2,Rain,0,No,0000000,Not Applicable,99,Unknown,99,Unknown,99,Unknown EMS Scene Arrival Hour,99,Unknown EMS Scene Arrival Minutes,99,Unknown,99,Unknown EMS Hospital Arrival Time,,,,,,,1,
2023,26,260966,Michigan,1,1,0,1,1,1,1,145,SAGINAW (145),4350,SAGINAW,19,19,12,December,2023,3,Tuesday,17,5:00pm-5:59pm,45,45,1,This Section IS ON the NHS,2,Urban,3,Other Principal Arterial,4,City or Municipal Highway Agency,6,Municipal,MU-E GENESEE AVE,BURT ST,7,7,43.42496667,43.42496667,-83.928408330,-83.92840833,0,No Special Jurisdiction,8,Pedestrian,0,The First Harmful Event was Not a Collision with a Motor Vehicle in Transport,0,No,3,Intersection-Related,2,Four-Way Intersection,0,None,,,1,On Roadway,5,Dusk,,,,,1,Clear,0,No,0000000,Not Applicable,99,Unknown,99,Unknown,99,Unknown EMS Scene Arrival Hour,99,Unknown EMS Scene Arrival Minutes,88,"Not Applicable (Not Transported) ",88,Not Applicable (Not Transported),,,,,,,1,
2023,26,260967,Michigan,3,3,0,0,0,4,4,99,MACOMB (99),5111,WASHINGTON,10,10,12,December,2023,1,Sunday,12,12:00pm-12:59pm,39,39,0,This Section IS NOT on the NHS,2,Urban,4,Minor Arterial,2,County Highway Agency,4,County,CR-VAN DYKE AVE,WEST RD,85,85,42.72449722,42.72449722,-83.035902780,-83.03590278,0,No Special Jurisdiction,12,Motor Vehicle In-Transport,2,Front-to-Front,0,No,3,Intersection-Related,3,T-Intersection,0,None,,,1,On Roadway,1,Daylight,,,,,10,Cloudy,0,No,0000000,Not Applicable,99,Unknown,99,Unknown,99,Unknown EMS Scene Arrival Hour,99,Unknown EMS Scene Arrival Minutes,99,Unknown,99,Unknown EMS Hospital Arrival Time,,,,,,,1,
2023,26,260968,Michigan,2,2,0,0,0,3,3,163,WAYNE (163),0,NOT APPLICABLE,24,24,8,August,2023,5,Thursday,11,11:00am-11:59am,42,42,0,This Section IS NOT on the NHS,2,Urban,4,Minor Arterial,2,County Highway Agency,4,County,CR-BELLEVILLE RD,HARMONY LN,5,5,42.21427222,42.21427222,-83.487208330,-83.48720833,0,No Special Jurisdiction,12,Motor Vehicle In-Transport,6,Angle,0,No,2,Intersection,3,T-Intersection,0,None,,,1,On Roadway,1,Daylight,,,,,1,Clear,0,No,0000000,Not Applicable,99,Unknown,99,Unknown,99,Unknown EMS Scene Arrival Hour,99,Unknown EMS Scene Arrival Minutes,99,Unknown,99,Unknown EMS Hospital Arrival Time,,,,,,,1,
2023,26,260969,Michigan,2,2,0,0,0,5,5,99,MACOMB (99),5110,WARREN,4,4,6,June,2023,1,Sunday,18,6:00pm-6:59pm,24,24,0,This Section IS NOT on the NHS,2,Urban,4,Minor Arterial,2,County Highway Agency,4,County,CR-SCHOENHERR,,22,22,42.48127778,42.48127778,-82.986916670,-82.98691667,0,No Special Jurisdiction,12,Motor Vehicle In-Transport,6,Angle,0,No,8,Driveway Access Related,1,Not an Intersection,0,None,,,1,On Roadway,1,Daylight,,,,,1,Clear,0,No,0000000,Not Applicable,99,Unknown,99,Unknown,99,Unknown EMS Scene Arrival Hour,99,Unknown EMS Scene Arrival Minutes,99,Unknown,99,Unknown EMS Hospital Arrival Time,,,,,,,1,
2023,26,260970,Michigan,1,1,0,0,0,1,1,151,SANILAC (151),0,NOT APPLICABLE,22,22,2,February,2023,4,Wednesday,14,2:00pm-2:59pm,35,35,0,This Section IS NOT on the NHS,1,Rural,4,Minor Arterial,2,County Highway Agency,4,County,CR-WILDCAT RD,,43,43,43.22761944,43.22761944,-82.587997220,-82.58799722,0,No Special Jurisdiction,1,Rollover/Overturn,0,The First Harmful Event was Not a Collision with a Motor Vehicle in Transport,0,No,1,Non-Junction,1,Not an Intersection,0,None,,,4,On Roadside,1,Daylight,,,,,4,Snow,0,No,0000000,Not Applicable,99,Unknown,99,Unknown,99,Unknown EMS Scene Arrival Hour,99,Unknown EMS Scene Arrival Minutes,99,Unknown,99,Unknown EMS Hospital Arrival Time,,,,,,,1,
2023,26,260971,Michigan,1,1,0,0,0,1,1,163,WAYNE (163),1260,DETROIT,1,1,3,March,2023,4,Wednesday,2,2:00am-2:59am,0,0,0,This Section IS NOT on the NHS,2,Urban,7,Local,4,City or Municipal Highway Agency,6,Municipal,MU-JEFFRIES SERVICE DR,,8,8,42.33120000,42.33120000,-83.087491670,-83.08749167,0,No Special Jurisdiction,57,Cable Barrier,0,The First Harmful Event was Not a Collision with a Motor Vehicle in Transport,0,No,1,Non-Junction,1,Not an Intersection,0,None,,,3,On Median,3,Dark - Lighted,,,,,1,Clear,0,No,0000000,Not Applicable,99,Unknown,99,Unknown,99,Unknown EMS Scene Arrival Hour,99,Unknown EMS Scene Arrival Minutes,99,Unknown,99,Unknown EMS Hospital Arrival Time,,,,,,,1,
2023,26,260972,Michigan,2,2,0,0,0,2,2,19,BENZIE (19),0,NOT APPLICABLE,24,24,1,January,2023,3,Tuesday,11,11:00am-11:59am,51,51,1,This Section IS ON the NHS,1,Rural,3,Other Principal Arterial,1,State Highway Agency,2,U.S. Highway,US-31 HONOR HWY,,128,128,44.66783056,44.66783056,-86.030116670,-86.03011667,0,No Special Jurisdiction,12,Motor Vehicle In-Transport,8,Sideswipe - Opposite Direction,0,No,1,Non-Junction,1,Not an Intersection,0,None,,,1,On Roadway,1,Daylight,,,,,4,Snow,0,No,0000000,Not Applicable,99,Unknown,99,Unknown,99,Unknown EMS Scene Arrival Hour,99,Unknown EMS Scene Arrival Minutes,99,Unknown,99,Unknown EMS Hospital Arrival Time,,,,,,,1,
2023,26,260973,Michigan,1,1,0,0,0,1,1,25,CALHOUN (25),310,BATTLE CREEK,26,26,3,March,2023,1,Sunday,4,4:00am-4:59am,48,48,0,This Section IS NOT on the NHS,2,Urban,4,Minor Arterial,2,County Highway Agency,4,County,CR-O DR N,BEDFORD RD,0,None,42.35482500,42.35482500,-85.230616670,-85.23061667,0,No Special Jurisdiction,42,Tree (Standing Only),0,The First Harmful Event was Not a Collision with a Motor Vehicle in Transport,0,No,3,Intersection-Related,3,T-Intersection,0,None,,,4,On Roadside,2,Dark - Not Lighted,,,,,1,Clear,0,No,0000000,Not Applicable,99,Unknown,99,Unknown,99,Unknown EMS Scene Arrival Hour,99,Unknown EMS Scene Arrival Minutes,99,Unknown,99,Unknown EMS Hospital Arrival Time,,,,,,,1,
2023,26,260974,Michigan,1,1,0,0,0,1,1,121,MUSKEGON (121),3450,MUSKEGON,19,19,3,March,2023,1,Sunday,17,5:00pm-5:59pm,9,9,0,This Section IS NOT on the NHS,2,Urban,5,Major Collector,4,City or Municipal Highway Agency,6,Municipal,MU-HOYT ST,,14,14,43.21596111,43.21596111,-86.239616670,-86.23961667,0,No Special Jurisdiction,42,Tree (Standing Only),0,The First Harmful Event was Not a Collision with a Motor Vehicle in Transport,0,No,1,Non-Junction,1,Not an Intersection,0,None,,,4,On Roadside,1,Daylight,,,,,1,Clear,0,No,0000000,Not Applicable,99,Unknown,99,Unknown,99,Unknown EMS Scene Arrival Hour,99,Unknown EMS Scene Arrival Minutes,99,Unknown,99,Unknown EMS Hospital Arrival Time,,,,,,,1,
2023,26,260975,Michigan,2,2,0,0,0,2,2,77,KALAMAZOO (77),0,NOT APPLICABLE,25,25,1,January,2023,4,Wednesday,7,7:00am-7:59am,34,34,0,This Section IS NOT on the NHS,1,Rural,5,Major Collector,2,County Highway Agency,4,County,CR-W Q AVE,,60,60,42.19841389,42.19841389,-85.745094440,-85.74509444,0,No Special Jurisdiction,12,Motor Vehicle In-Transport,2,Front-to-Front,0,No,1,Non-Junction,1,Not an Intersection,0,None,,,1,On Roadway,4,Dawn,,,,,4,Snow,0,No,0000000,Not Applicable,99,Unknown,99,Unknown,99,Unknown EMS Scene Arrival Hour,99,Unknown EMS Scene Arrival Minutes,99,Unknown,99,Unknown EMS Hospital Arrival Time,,,,,,,1,
2023,26,260976,Michigan,1,1,0,1,1,2,2,75,JACKSON (75),0,NOT APPLICABLE,10,10,1,January,2023,3,Tuesday,18,6:00pm-6:59pm,16,16,0,This Section IS NOT on the NHS,2,Urban,7,Local,2,County Highway Agency,4,County,CR-PARK RD,,2,2,42.21098889,42.21098889,-84.439105560,-84.43910556,0,No Special Jurisdiction,9,Pedalcyclist,0,The First Harmful Event was Not a Collision with a Motor Vehicle in Transport,0,No,1,Non-Junction,1,Not an Intersection,0,None,,,1,On Roadway,2,Dark - Not Lighted,,,,,1,Clear,0,No,0000000,Not Applicable,99,Unknown,98,Unknown if Notified,99,Unknown EMS Scene Arrival Hour,98,Unknown if Arrived,99,Unknown,98,Unknown if Transported,,,,,,,1,
2023,26,260977,Michigan,1,1,0,0,0,2,2,147,ST. CLAIR (147),0,NOT APPLICABLE,12,12,2,February,2023,1,Sunday,23,11:00pm-11:59pm,11,11,0,This Section IS NOT on the NHS,2,Urban,5,Major Collector,2,County Highway Agency,4,County,CR-BERVILLE RD,BELLE RIVER RD,30,30,42.95470833,42.95470833,-82.885755560,-82.88575556,0,No Special Jurisdiction,34,Ditch,0,The First Harmful Event was Not a Collision with a Motor Vehicle in Transport,0,No,3,Intersection-Related,3,T-Intersection,0,None,,,4,On Roadside,2,Dark - Not Lighted,,,,,1,Clear,0,No,0000000,Not Applicable,99,Unknown,99,Unknown,99,Unknown EMS Scene Arrival Hour,99,Unknown EMS Scene Arrival Minutes,99,Unknown,99,Unknown EMS Hospital Arrival Time,,,,,,,1,
2023,26,260978,Michigan,1,1,0,0,0,1,1,121,MUSKEGON (121),3615,NORTON SHORES,3,3,9,September,2023,1,Sunday,23,11:00pm-11:59pm,27,27,0,This Section IS NOT on the NHS,2,Urban,4,Minor Arterial,4,City or Municipal Highway Agency,6,Municipal,MU-GRAND HAVEN RD,,45,45,43.18061389,43.18061389,-86.220216670,-86.22021667,0,No Special Jurisdiction,1,Rollover/Overturn,0,The First Harmful Event was Not a Collision with a Motor Vehicle in Transport,0,No,1,Non-Junction,1,Not an Intersection,0,None,,,4,On Roadside,3,Dark - Lighted,,,,,1,Clear,0,No,0000000,Not Applicable,99,Unknown,99,Unknown,99,Unknown EMS Scene Arrival Hour,99,Unknown EMS Scene Arrival Minutes,99,Unknown,99,Unknown EMS Hospital Arrival Time,,,,,,,1,
2023,26,260979,Michigan,2,1,1,0,0,2,2,163,WAYNE (163),1260,DETROIT,5,5,4,April,2023,4,Wednesday,1,1:00am-1:59am,0,0,0,This Section IS NOT on the NHS,2,Urban,7,Local,4,City or Municipal Highway Agency,6,Municipal,MU-PICKFORD ST,,8,8,42.42595556,42.42595556,-83.164944440,-83.16494444,0,No Special Jurisdiction,14,Parked Motor Vehicle,0,The First Harmful Event was Not a Collision with a Motor Vehicle in Transport,0,No,1,Non-Junction,1,Not an Intersection,0,None,,,7,In Parking Lane/Zone,2,Dark - Not Lighted,,,,,5,"Fog, Smog, Smoke",0,No,0000000,Not Applicable,99,Unknown,99,Unknown,99,Unknown EMS Scene Arrival Hour,99,Unknown EMS Scene Arrival Minutes,99,Unknown,99,Unknown EMS Hospital Arrival Time,,,,,,,1,
2023,26,260980,Michigan,2,2,0,0,0,4,4,163,WAYNE (163),1260,DETROIT,7,7,5,May,2023,1,Sunday,2,2:00am-2:59am,0,0,1,This Section IS ON the NHS,2,Urban,3,Other Principal Arterial,1,State Highway Agency,3,State Highway,SR-3 GRATIOT AVE,CONNER ST,59,59,42.40490556,42.40490556,-82.997502780,-82.99750278,0,No Special Jurisdiction,12,Motor Vehicle In-Transport,6,Angle,0,No,2,Intersection,2,Four-Way Intersection,0,None,,,1,On Roadway,3,Dark - Lighted,,,,,1,Clear,0,No,0000000,Not Applicable,99,Unknown,99,Unknown,99,Unknown EMS Scene Arrival Hour,99,Unknown EMS Scene Arrival Minutes,99,Unknown,99,Unknown EMS Hospital Arrival Time,,,,,,,1,
2023,26,260981,Michigan,2,2,0,0,0,6,6,17,BAY (17),0,NOT APPLICABLE,27,27,5,May,2023,7,Saturday,12,12:00pm-12:59pm,19,19,0,This Section IS NOT on the NHS,2,Urban,4,Minor Arterial,1,State Highway Agency,3,State Highway,SR-HURON RD,,118,118,43.69882500,43.69882500,-83.968141670,-83.96814167,0,No Special Jurisdiction,12,Motor Vehicle In-Transport,6,Angle,0,No,8,Driveway Access Related,1,Not an Intersection,0,None,,,1,On Roadway,1,Daylight,,,,,1,Clear,0,No,0000000,Not Applicable,99,Unknown,99,Unknown,99,Unknown EMS Scene Arrival Hour,99,Unknown EMS Scene Arrival Minutes,99,Unknown,99,Unknown EMS Hospital Arrival Time,,,,,,,1,
2023,26,260982,Michigan,2,2,0,0,0,2,2,163,WAYNE (163),4815,TAYLOR,2,2,1,January,2023,2,Monday,20,8:00pm-8:59pm,31,31,1,This Section IS ON the NHS,2,Urban,3,Other Principal Arterial,1,State Highway Agency,2,U.S. Highway,US-24 N TELEGRAPH RD,HASKELL,38,38,42.24448333,42.24448333,-83.269616670,-83.26961667,0,No Special Jurisdiction,12,Motor Vehicle In-Transport,1,Front-to-Rear,0,No,3,Intersection-Related,3,T-Intersection,0,None,,,1,On Roadway,3,Dark - Lighted,,,,,1,Clear,0,No,0000000,Not Applicable,99,Unknown,99,Unknown,99,Unknown EMS Scene Arrival Hour,99,Unknown EMS Scene Arrival Minutes,99,Unknown,99,Unknown EMS Hospital Arrival Time,,,,,,,1,
2023,26,260983,Michigan,2,2,0,0,0,2,2,49,GENESEE (49),0,NOT APPLICABLE,21,21,6,June,2023,4,Wednesday,16,4:00pm-4:59pm,8,8,1,This Section IS ON the NHS,2,Urban,3,Other Principal Arterial,1,State Highway Agency,3,State Highway,SR-54 SAGINAW RD,TOBIAS RD,223,223,43.17048056,43.17048056,-83.709286110,-83.70928611,0,No Special Jurisdiction,12,Motor Vehicle In-Transport,6,Angle,0,No,2,Intersection,3,T-Intersection,0,None,,,1,On Roadway,1,Daylight,,,,,1,Clear,0,No,0000000,Not Applicable,99,Unknown,99,Unknown,99,Unknown EMS Scene Arrival Hour,99,Unknown EMS Scene Arrival Minutes,99,Unknown,99,Unknown EMS Hospital Arrival Time,,,,,,,1,
2023,26,260984,Michigan,2,2,0,0,0,2,2,77,KALAMAZOO (77),0,NOT APPLICABLE,3,3,3,March,2023,6,Friday,12,12:00pm-12:59pm,58,58,0,This Section IS NOT on the NHS,1,Rural,4,Minor Arterial,2,County Highway Agency,4,County,CR-E MN AVE,,12,12,42.25255833,42.25255833,-85.408769440,-85.40876944,0,No Special Jurisdiction,12,Motor Vehicle In-Transport,7,Sideswipe - Same Direction,0,No,1,Non-Junction,1,Not an Intersection,0,None,,,1,On Roadway,1,Daylight,,,,,10,Cloudy,0,No,0000000,Not Applicable,99,Unknown,99,Unknown,99,Unknown EMS Scene Arrival Hour,99,Unknown EMS Scene Arrival Minutes,99,Unknown,99,Unknown EMS Hospital Arrival Time,,,,,,,1,
2023,26,260985,Michigan,1,1,0,0,0,1,1,25,CALHOUN (25),310,BATTLE CREEK,26,26,6,June,2023,2,Monday,0,0:00am-0:59am,55,55,1,This Section IS ON the NHS,2,Urban,3,Other Principal Arterial,1,State Highway Agency,3,State Highway,SR-66 CAPITAL AVE,,15,15,42.32860278,42.32860278,-85.155772220,-85.15577222,0,No Special Jurisdiction,43,Other Fixed Object,0,The First Harmful Event was Not a Collision with a Motor Vehicle in Transport,0,No,1,Non-Junction,1,Not an Intersection,0,None,,,4,On Roadside,3,Dark - Lighted,,,,,1,Clear,0,No,0000000,Not Applicable,99,Unknown,99,Unknown,99,Unknown EMS Scene Arrival Hour,99,Unknown EMS Scene Arrival Minutes,88,"Not Applicable (Not Transported) ",88,Not Applicable (Not Transported),,,,,,,1,
2023,26,260986,Michigan,1,1,0,0,0,1,1,77,KALAMAZOO (77),0,NOT APPLICABLE,4,4,5,May,2023,5,Thursday,7,7:00am-7:59am,7,7,0,This Section IS NOT on the NHS,1,Rural,7,Local,2,County Highway Agency,4,County,CR-S 39TH ST,,28,28,42.17012778,42.17012778,-85.383363890,-85.38336389,0,No Special Jurisdiction,42,Tree (Standing Only),0,The First Harmful Event was Not a Collision with a Motor Vehicle in Transport,0,No,1,Non-Junction,1,Not an Intersection,0,None,,,4,On Roadside,2,Dark - Not Lighted,,,,,1,Clear,0,No,0000000,Not Applicable,99,Unknown,99,Unknown,99,Unknown EMS Scene Arrival Hour,99,Unknown EMS Scene Arrival Minutes,99,Unknown,99,Unknown EMS Hospital Arrival Time,,,,,,,1,
2023,26,260987,Michigan,1,1,0,0,0,1,1,77,KALAMAZOO (77),0,NOT APPLICABLE,21,21,6,June,2023,4,Wednesday,12,12:00pm-12:59pm,58,58,0,This Section IS NOT on the NHS,1,Rural,5,Major Collector,2,County Highway Agency,4,County,CR-RIVERVIEW DR,,63,63,42.38338056,42.38338056,-85.555102780,-85.55510278,0,No Special Jurisdiction,42,Tree (Standing Only),0,The First Harmful Event was Not a Collision with a Motor Vehicle in Transport,0,No,1,Non-Junction,1,Not an Intersection,0,None,,,4,On Roadside,1,Daylight,,,,,1,Clear,0,No,0000000,Not Applicable,99,Unknown,99,Unknown,99,Unknown EMS Scene Arrival Hour,99,Unknown EMS Scene Arrival Minutes,99,Unknown,99,Unknown EMS Hospital Arrival Time,,,,,,,1,
2023,26,260988,Michigan,1,1,0,0,0,1,1,111,MIDLAND (111),0,NOT APPLICABLE,23,23,6,June,2023,6,Friday,5,5:00am-5:59am,41,41,0,This Section IS NOT on the NHS,1,Rural,5,Major Collector,2,County Highway Agency,4,County,CR-FREELAND RD,,2,2,43.52526944,43.52526944,-84.364838890,-84.36483889,0,No Special Jurisdiction,11,Live Animal,0,The First Harmful Event was Not a Collision with a Motor Vehicle in Transport,0,No,1,Non-Junction,1,Not an Intersection,0,None,,,1,On Roadway,2,Dark - Not Lighted,,,,,10,Cloudy,0,No,0000000,Not Applicable,99,Unknown,99,Unknown,99,Unknown EMS Scene Arrival Hour,99,Unknown EMS Scene Arrival Minutes,99,Unknown,99,Unknown EMS Hospital Arrival Time,,,,,,,1,
2023,26,260989,Michigan,2,2,0,0,0,3,3,163,WAYNE (163),4815,TAYLOR,22,22,7,July,2023,7,Saturday,19,7:00pm-7:59pm,55,55,1,This Section IS ON the NHS,2,Urban,3,Other Principal Arterial,4,City or Municipal Highway Agency,4,County,CR-EUREKA RD,,2,2,42.19829444,42.19829444,-83.241327780,-83.24132778,0,No Special Jurisdiction,12,Motor Vehicle In-Transport,1,Front-to-Rear,0,No,7,"Crossover-Related ",1,Not an Intersection,0,None,,,1,On Roadway,1,Daylight,,,,,1,Clear,0,No,0000000,Not Applicable,99,Unknown,99,Unknown,99,Unknown EMS Scene Arrival Hour,99,Unknown EMS Scene Arrival Minutes,99,Unknown,99,Unknown EMS Hospital Arrival Time,,,,,,,1,
2023,26,260990,Michigan,2,1,1,0,0,1,1,161,WASHTENAW (161),150,ANN ARBOR,19,19,5,May,2023,6,Friday,14,2:00pm-2:59pm,5,5,0,This Section IS NOT on the NHS,2,Urban,5,Major Collector,4,City or Municipal Highway Agency,6,Municipal,MU-NEWPORT RD,,5,5,42.29501667,42.29501667,-83.765708330,-83.76570833,0,No Special Jurisdiction,14,Parked Motor Vehicle,0,The First Harmful Event was Not a Collision with a Motor Vehicle in Transport,0,No,1,Non-Junction,1,Not an Intersection,0,None,,,4,On Roadside,1,Daylight,,,,,2,Rain,0,No,0000000,Not Applicable,99,Unknown,99,Unknown,99,Unknown EMS Scene Arrival Hour,99,Unknown EMS Scene Arrival Minutes,99,Unknown,99,Unknown EMS Hospital Arrival Time,,,,,,,1,
2023,26,260991,Michigan,1,1,0,0,0,1,1,119,MONTMORENCY (119),0,NOT APPLICABLE,4,4,6,June,2023,1,Sunday,17,5:00pm-5:59pm,29,29,0,This Section IS NOT on the NHS,1,Rural,5,Major Collector,2,County Highway Agency,4,County,CR-624,SR-33N,0,None,45.09651944,45.09651944,-84.164747220,-84.16474722,0,No Special Jurisdiction,34,Ditch,0,The First Harmful Event was Not a Collision with a Motor Vehicle in Transport,0,No,3,Intersection-Related,3,T-Intersection,0,None,,,4,On Roadside,1,Daylight,,,,,1,Clear,0,No,0000000,Not Applicable,99,Unknown,99,Unknown,99,Unknown EMS Scene Arrival Hour,99,Unknown EMS Scene Arrival Minutes,99,Unknown,99,Unknown EMS Hospital Arrival Time,,,,,,,1,
2023,26,260992,Michigan,1,1,0,0,0,1,1,75,JACKSON (75),2500,JACKSON,10,10,7,July,2023,2,Monday,19,7:00pm-7:59pm,25,25,1,This Section IS ON the NHS,2,Urban,3,Other Principal Arterial,1,State Highway Agency,3,State Highway,SR-50 COOPER ST,,3,3,42.24168611,42.24168611,-84.399727780,-84.39972778,0,No Special Jurisdiction,42,Tree (Standing Only),0,The First Harmful Event was Not a Collision with a Motor Vehicle in Transport,0,No,1,Non-Junction,1,Not an Intersection,0,None,,,4,On Roadside,1,Daylight,,,,,1,Clear,0,No,0000000,Not Applicable,99,Unknown,99,Unknown,99,Unknown EMS Scene Arrival Hour,99,Unknown EMS Scene Arrival Minutes,99,Unknown,99,Unknown EMS Hospital Arrival Time,,,,,,,1,
2023,26,260993,Michigan,1,1,0,0,0,1,1,31,CHEBOYGAN (31),0,NOT APPLICABLE,3,3,6,June,2023,7,Saturday,17,5:00pm-5:59pm,45,45,0,This Section IS NOT on the NHS,1,Rural,6,Minor Collector,2,County Highway Agency,4,County,CR-INVERNESSE TRAIL,,47,47,45.64552778,45.64552778,-84.528933330,-84.52893333,0,No Special Jurisdiction,7,Other Non-Collision,0,The First Harmful Event was Not a Collision with a Motor Vehicle in Transport,0,No,1,Non-Junction,1,Not an Intersection,0,None,,,1,On Roadway,1,Daylight,,,,,10,Cloudy,0,No,0000000,Not Applicable,99,Unknown,99,Unknown,99,Unknown EMS Scene Arrival Hour,99,Unknown EMS Scene Arrival Minutes,99,Unknown,99,Unknown EMS Hospital Arrival Time,,,,,,,1,
2023,26,260994,Michigan,4,4,0,0,0,9,9,77,KALAMAZOO (77),2520,KALAMAZOO,3,3,7,July,2023,2,Monday,11,11:00am-11:59am,39,39,0,This Section IS NOT on the NHS,2,Urban,4,Minor Arterial,4,City or Municipal Highway Agency,6,Municipal,MU-CORK ST,BURDICK ST,5,5,42.25966667,42.25966667,-85.579852780,-85.57985278,0,No Special Jurisdiction,12,Motor Vehicle In-Transport,6,Angle,0,No,2,Intersection,2,Four-Way Intersection,0,None,,,1,On Roadway,1,Daylight,,,,,1,Clear,0,No,0000000,Not Applicable,99,Unknown,99,Unknown,99,Unknown EMS Scene Arrival Hour,99,Unknown EMS Scene Arrival Minutes,99,Unknown,99,Unknown EMS Hospital Arrival Time,,,,,,,1,
2023,26,260995,Michigan,1,1,0,0,0,2,2,67,IONIA (67),0,NOT APPLICABLE,3,3,6,June,2023,7,Saturday,14,2:00pm-2:59pm,55,55,0,This Section IS NOT on the NHS,1,Rural,5,Major Collector,2,County Highway Agency,4,County,CR-MIRIAM RD,RICHMOND RD,0,None,43.00192778,43.00192778,-85.248091670,-85.24809167,0,No Special Jurisdiction,35,Embankment,0,The First Harmful Event was Not a Collision with a Motor Vehicle in Transport,0,No,3,Intersection-Related,3,T-Intersection,0,None,,,8,Gore,1,Daylight,,,,,1,Clear,0,No,0000000,Not Applicable,99,Unknown,99,Unknown,99,Unknown EMS Scene Arrival Hour,99,Unknown EMS Scene Arrival Minutes,99,Unknown,99,Unknown EMS Hospital Arrival Time,,,,,,,1,